 ;Label;Area1;Mean1;Min1;Max1;IntDen1;RawIntDen1;Area2;Mean2;Min2;Max2;IntDen2;RawIntDen2;Area3;Mean3;Min3;Max3;IntDen3;RawIntDen3;Area4;Mean4;Min4;Max4;IntDen4;RawIntDen4;Area5;Mean5;Min5;Max5;IntDen5;RawIntDen5;Area6;Mean6;Min6;Max6;IntDen6;RawIntDen6;Area7;Mean7;Min7;Max7;IntDen7;RawIntDen7;Area8;Mean8;Min8;Max8;IntDen8;RawIntDen8;Area9;Mean9;Min9;Max9;IntDen9;RawIntDen9;Area10;Mean10;Min10;Max10;IntDen10;RawIntDen10;Area11;Mean11;Min11;Max11;IntDen11;RawIntDen11;Area12;Mean12;Min12;Max12;IntDen12;RawIntDen12;Area13;Mean13;Min13;Max13;IntDen13;RawIntDen13;Area14;Mean14;Min14;Max14;IntDen14;RawIntDen14
1;15DIV_double-sequential-Ifenprodil1_w1Channel-B.tif;0.004;2.161.171;2073;2432;9.236;899047;0.003;2.128.847;2055;2214;5.577;542856;0.004;2.118.076;2058;2240;8.616;838758;0.003;2.300.488;2064;2572;7.562;736156;0.003;2.166.948;2032;2377;6.411;624081;0.003;2.246.823;2052;2456;7.571;736958;0.003;2.151.265;2060;2333;7.514;731430;0.004;2.219.447;2092;2472;9.485;923290;0.004;2.307.710;2115;2889;9.483;923084;0.004;2.216.381;2036;2544;9.563;930880;0.004;2.179.889;2042;2473;8.913;867596;0.006;2.233.511;2038;2661;13.239;1288736;0.005;2.191.288;2038;2484;12.043;1172339;0.002;2.107.633;2037;2370;5.196;505832
2;15DIV_double-sequential-Ifenprodil1_w1Channel-B.tif;0.004;2.161.156;2073;2432;9.236;899041;0.003;2.128.929;2064;2212;5.577;542877;0.004;2.119.194;2056;2240;8.621;839201;0.003;2.307.312;2054;2608;7.585;738340;0.003;2.170.799;2035;2391;6.422;625190;0.003;2.250.860;2058;2436;7.584;738282;0.003;2.152.712;2070;2340;7.519;731922;0.004;2.224.627;2104;2472;9.507;925445;0.004;2.313.330;2118;2856;9.506;925332;0.004;2.216.124;2041;2555;9.562;930772;0.004;2.190.437;2040;2507;8.956;871794;0.006;2.235.811;2041;2690;13.253;1290063;0.005;2.190.649;2030;2472;12.040;1171997;0.002;2.107.179;2035;2336;5.195;505723
3;15DIV_double-sequential-Ifenprodil1_w1Channel-B.tif;0.004;2.157.579;2070;2408;9.220;897553;0.003;2.127.267;2057;2209;5.573;542453;0.004;2.116.101;2048;2212;8.608;837976;0.003;2.300.506;2064;2565;7.562;736162;0.003;2.168.875;2032;2379;6.417;624636;0.003;2.247.811;2070;2459;7.574;737282;0.003;2.152.741;2064;2338;7.519;731932;0.004;2.224.005;2088;2469;9.504;925186;0.004;2.312.320;2115;2854;9.502;924928;0.004;2.213.579;2038;2528;9.551;929703;0.004;2.194.033;2042;2521;8.971;873225;0.006;2.233.066;2040;2666;13.236;1288479;0.005;2.187.949;2037;2444;12.025;1170553;0.002;2.105.938;2034;2356;5.192;505425
4;15DIV_double-sequential-Ifenprodil1_w1Channel-B.tif;0.004;2.157.738;2069;2412;9.221;897619;0.003;2.125.169;2044;2205;5.567;541918;0.004;2.117.094;2052;2233;8.612;838369;0.003;2.300.606;2062;2564;7.563;736194;0.003;2.167.840;2036;2365;6.414;624338;0.003;2.247.015;2060;2444;7.571;737021;0.003;2.151.479;2069;2368;7.515;731503;0.004;2.221.438;2091;2440;9.493;924118;0.004;2.309.375;2131;2848;9.490;923750;0.004;2.211.614;2027;2556;9.542;928878;0.004;2.193.251;2048;2522;8.967;872914;0.006;2.231.770;2033;2664;13.229;1287731;0.005;2.185.295;2033;2464;12.010;1169133;0.002;2.104.904;2028;2350;5.190;505177
5;15DIV_double-sequential-Ifenprodil1_w1Channel-B.tif;0.004;2.155.630;2061;2406;9.212;896742;0.003;2.127.129;2061;2214;5.572;542418;0.004;2.115.485;2062;2221;8.606;837732;0.003;2.297.472;2074;2560;7.553;735191;0.003;2.165.944;2032;2368;6.408;623792;0.003;2.244.738;2058;2432;7.564;736274;0.003;2.151.941;2070;2369;7.516;731660;0.004;2.221.613;2096;2464;9.494;924191;0.004;2.309.835;2117;2852;9.491;923934;0.004;2.209.950;2038;2524;9.535;928179;0.004;2.193.314;2044;2520;8.968;872939;0.006;2.231.244;2036;2675;13.226;1287428;0.005;2.185.475;2038;2435;12.011;1169229;0.002;2.104.408;2028;2317;5.188;505058
6;15DIV_double-sequential-Ifenprodil1_w1Channel-B.tif;0.004;2.155.382;2064;2414;9.211;896639;0.003;2.125.565;2058;2213;5.568;542019;0.004;2.116.667;2056;2231;8.611;838200;0.003;2.295.753;2062;2563;7.547;734641;0.003;2.167.448;2038;2382;6.413;624225;0.003;2.245.643;2061;2438;7.567;736571;0.003;2.151.341;2072;2346;7.514;731456;0.004;2.220.769;2084;2448;9.490;923840;0.004;2.307.090;2130;2819;9.480;922836;0.004;2.208.624;2038;2529;9.529;927622;0.004;2.193.364;2038;2531;8.968;872959;0.006;2.229.945;2035;2674;13.218;1286678;0.005;2.185.166;2040;2448;12.010;1169064;0.002;2.105.012;2040;2352;5.190;505203
7;15DIV_double-sequential-Ifenprodil1_w1Channel-B.tif;0.004;2.154.945;2058;2400;9.209;896457;0.003;2.125.145;2050;2221;5.567;541912;0.004;2.115.048;2050;2231;8.604;837559;0.003;2.294.122;2062;2574;7.541;734119;0.003;2.165.771;2032;2370;6.408;623742;0.003;2.243.908;2060;2444;7.561;736002;0.003;2.149.647;2066;2346;7.508;730880;0.004;2.219.089;2102;2448;9.483;923141;0.004;2.304.885;2116;2842;9.471;921954;0.004;2.208.017;2041;2531;9.527;927367;0.004;2.192.133;2036;2512;8.963;872469;0.006;2.229.967;2034;2662;13.218;1286691;0.005;2.184.552;2032;2464;12.006;1168735;0.002;2.104.333;2030;2361;5.188;505040
8;15DIV_double-sequential-Ifenprodil1_w1Channel-B.tif;0.004;2.154.841;2068;2400;9.209;896414;0.003;2.124.204;2056;2204;5.565;541672;0.004;2.116.399;2048;2231;8.610;838094;0.003;2.293.709;2060;2568;7.540;733987;0.003;2.165.806;2036;2356;6.408;623752;0.003;2.243.912;2053;2456;7.561;736003;0.003;2.150.482;2062;2341;7.511;731164;0.004;2.220.101;2100;2465;9.488;923562;0.004;2.305.175;2114;2825;9.472;922070;0.004;2.205.707;2030;2546;9.517;926397;0.004;2.193.462;2030;2528;8.968;872998;0.006;2.229.206;2036;2643;13.213;1286252;0.005;2.184.735;2036;2466;12.007;1168833;0.002;2.103.663;2036;2338;5.187;504879
9;15DIV_double-sequential-Ifenprodil1_w1Channel-B.tif;0.004;2.153.392;2072;2410;9.203;895811;0.003;2.123.224;2054;2209;5.562;541422;0.004;2.115.364;2057;2236;8.605;837684;0.003;2.289.634;2060;2552;7.527;732683;0.003;2.166.101;2037;2380;6.409;623837;0.003;2.241.692;2044;2423;7.553;735275;0.003;2.148.218;2065;2320;7.503;730394;0.004;2.217.449;2099;2464;9.476;922459;0.004;2.304.502;2122;2840;9.470;921801;0.004;2.203.936;2036;2513;9.509;925653;0.004;2.192.756;2042;2536;8.965;872717;0.006;2.227.832;2033;2656;13.205;1285459;0.005;2.182.527;2045;2458;11.995;1167652;0.002;2.104.058;2034;2334;5.188;504974
10;15DIV_double-sequential-Ifenprodil1_w1Channel-B.tif;0.004;2.151.202;2056;2400;9.193;894900;0.003;2.123.129;2060;2208;5.562;541398;0.004;2.113.376;2044;2244;8.597;836897;0.003;2.288.753;2063;2544;7.524;732401;0.003;2.164.604;2035;2373;6.404;623406;0.003;2.240.384;2058;2432;7.549;734846;0.003;2.148.800;2064;2343;7.505;730592;0.004;2.216.966;2089;2450;9.474;922258;0.004;2.303.397;2117;2852;9.465;921359;0.004;2.204.262;2036;2500;9.510;925790;0.004;2.193.261;2036;2522;8.967;872918;0.006;2.227.565;2036;2682;13.204;1285305;0.005;2.181.921;2044;2448;11.992;1167328;0.002;2.103.575;2038;2337;5.186;504858
11;15DIV_double-sequential-Ifenprodil1_w1Channel-B.tif;0.004;2.152.774;2062;2368;9.200;895554;0.003;2.121.392;2056;2200;5.557;540955;0.004;2.114.230;2057;2220;8.601;837235;0.003;2.286.400;2068;2546;7.516;731648;0.003;2.164.306;2028;2364;6.403;623320;0.003;2.240.101;2064;2452;7.548;734753;0.003;2.148.250;2064;2352;7.503;730405;0.004;2.215.897;2090;2432;9.470;921813;0.004;2.302.830;2112;2852;9.463;921132;0.004;2.201.936;2034;2506;9.500;924813;0.004;2.191.261;2032;2510;8.959;872122;0.006;2.225.362;2032;2664;13.191;1284034;0.005;2.180.675;2028;2421;11.985;1166661;0.002;2.101.371;2028;2349;5.181;504329
12;15DIV_double-sequential-Ifenprodil1_w1Channel-B.tif;0.004;2.151.507;2068;2386;9.194;895027;0.003;2.121.388;2050;2201;5.557;540954;0.004;2.112.904;2052;2236;8.595;836710;0.003;2.285.666;2057;2557;7.514;731413;0.003;2.162.694;2032;2368;6.399;622856;0.003;2.238.985;2062;2441;7.544;734387;0.003;2.148.741;2056;2323;7.505;730572;0.004;2.215.699;2088;2474;9.469;921731;0.004;2.301.135;2120;2844;9.456;920454;0.004;2.202.105;2030;2497;9.501;924884;0.004;2.190.852;2038;2492;8.958;871959;0.006;2.225.092;2034;2649;13.189;1283878;0.005;2.182.413;2036;2464;11.994;1167591;0.002;2.101.067;2033;2305;5.180;504256
13;15DIV_double-sequential-Ifenprodil1_w1Channel-B.tif;0.004;2.151.822;2068;2392;9.196;895158;0.003;2.121.031;2059;2198;5.556;540863;0.004;2.111.998;2050;2220;8.592;836351;0.003;2.283.869;2049;2564;7.508;730838;0.003;2.162.899;2035;2373;6.399;622915;0.003;2.236.811;2054;2446;7.537;733674;0.003;2.147.782;2052;2345;7.502;730246;0.004;2.214.630;2080;2436;9.464;921286;0.004;2.300.540;2124;2802;9.453;920216;0.004;2.199.514;2029;2512;9.490;923796;0.004;2.190.907;2038;2502;8.958;871981;0.006;2.225.974;2027;2642;13.194;1284387;0.005;2.182.071;2036;2433;11.993;1167408;0.002;2.101.646;2021;2357;5.182;504395
14;15DIV_double-sequential-Ifenprodil1_w1Channel-B.tif;0.004;2.150.805;2068;2398;9.191;894735;0.003;2.120.863;2053;2209;5.556;540820;0.004;2.112.439;2056;2221;8.594;836526;0.003;2.283.750;2062;2564;7.507;730800;0.003;2.161.986;2032;2352;6.396;622652;0.003;2.237.732;2056;2450;7.540;733976;0.003;2.147.712;2070;2336;7.501;730222;0.004;2.214.039;2093;2425;9.462;921040;0.004;2.299.085;2120;2828;9.447;919634;0.004;2.199.421;2036;2533;9.490;923757;0.004;2.190.113;2037;2515;8.954;871665;0.006;2.223.471;2032;2618;13.179;1282943;0.005;2.179.987;2034;2438;11.981;1166293;0.002;2.100.288;2032;2344;5.178;504069
15;15DIV_double-sequential-Ifenprodil1_w1Channel-B.tif;0.004;2.150.474;2068;2388;9.190;894597;0.003;2.120.776;2056;2197;5.556;540798;0.004;2.111.528;2051;2224;8.590;836165;0.003;2.282.216;2058;2549;7.502;730309;0.003;2.163.285;2033;2376;6.400;623026;0.003;2.237.046;2058;2421;7.538;733751;0.003;2.147.023;2061;2321;7.499;729988;0.004;2.214.099;2089;2460;9.462;921065;0.004;2.299.827;2116;2825;9.450;919931;0.004;2.197.533;2032;2502;9.481;922964;0.004;2.191.395;2032;2522;8.960;872175;0.006;2.224.061;2035;2606;13.183;1283283;0.005;2.179.961;2036;2448;11.981;1166279;0.002;2.100.938;2034;2328;5.180;504225
16;15DIV_double-sequential-Ifenprodil1_w1Channel-B.tif;0.004;2.148.526;2064;2401;9.182;893787;0.003;2.119.984;2056;2201;5.553;540596;0.004;2.112.871;2057;2228;8.595;836697;0.003;2.282.028;2053;2540;7.502;730249;0.003;2.161.198;2037;2368;6.394;622425;0.003;2.235.564;2048;2418;7.533;733265;0.003;2.145.826;2061;2343;7.495;729581;0.004;2.211.349;2088;2443;9.450;919921;0.004;2.295.420;2124;2831;9.432;918168;0.004;2.196.207;2032;2494;9.476;922407;0.004;2.190.771;2034;2514;8.957;871927;0.006;2.222.918;2036;2627;13.176;1282624;0.005;2.179.851;2025;2437;11.980;1166220;0.002;2.100.108;2033;2342;5.178;504026
17;15DIV_double-sequential-Ifenprodil1_w1Channel-B.tif;0.004;2.149.555;2069;2376;9.186;894215;0.003;2.120.847;2058;2208;5.556;540816;0.004;2.112.540;2057;2224;8.594;836566;0.003;2.282.438;2064;2546;7.503;730380;0.003;2.160.997;2040;2360;6.393;622367;0.003;2.234.719;2064;2420;7.530;732988;0.003;2.147.138;2049;2333;7.499;730027;0.004;2.212.733;2098;2444;9.456;920497;0.004;2.297.438;2120;2816;9.440;918975;0.004;2.194.483;2038;2513;9.468;921683;0.004;2.190.302;2034;2508;8.955;871740;0.006;2.221.418;2028;2643;13.167;1281758;0.005;2.178.649;2037;2422;11.974;1165577;0.002;2.099.896;2034;2341;5.177;503975
18;15DIV_double-sequential-Ifenprodil1_w1Channel-B.tif;0.004;2.147.961;2061;2385;9.179;893552;0.003;2.120.329;2053;2189;5.554;540684;0.004;2.111.141;2048;2231;8.588;836012;0.003;2.279.750;2061;2544;7.494;729520;0.003;2.159.351;2034;2352;6.389;621893;0.003;2.232.704;2056;2427;7.523;732327;0.003;2.146.315;2061;2329;7.497;729747;0.004;2.211.820;2086;2426;9.452;920117;0.004;2.296.055;2114;2784;9.435;918422;0.004;2.194.817;2020;2472;9.470;921823;0.004;2.190.500;2038;2519;8.956;871819;0.006;2.221.962;2033;2634;13.171;1282072;0.005;2.177.944;2038;2459;11.970;1165200;0.002;2.099.004;2036;2328;5.175;503761
19;15DIV_double-sequential-Ifenprodil1_w1Channel-B.tif;0.004;2.148.738;2068;2400;9.183;893875;0.003;2.119.569;2050;2192;5.552;540490;0.004;2.110.866;2056;2220;8.587;835903;0.003;2.282.163;2064;2531;7.502;730292;0.003;2.161.236;2034;2381;6.394;622436;0.003;2.234.860;2062;2422;7.530;733034;0.003;2.147.800;2062;2322;7.502;730252;0.004;2.211.452;2088;2454;9.451;919964;0.004;2.295.288;2121;2827;9.432;918115;0.004;2.194.064;2036;2507;9.467;921507;0.004;2.189.910;2028;2507;8.954;871584;0.006;2.222.341;2028;2638;13.173;1282291;0.005;2.178.467;2032;2436;11.973;1165480;0.002;2.099.196;2031;2336;5.176;503807
20;15DIV_double-sequential-Ifenprodil1_w1Channel-B.tif;0.004;2.147.199;2061;2400;9.176;893235;0.003;2.119.059;2048;2194;5.551;540360;0.004;2.111.174;2050;2224;8.588;836025;0.003;2.277.775;2056;2531;7.488;728888;0.003;2.158.892;2037;2365;6.387;621761;0.003;2.232.244;2055;2432;7.522;732176;0.003;2.145.588;2056;2326;7.494;729500;0.004;2.209.865;2097;2406;9.444;919304;0.004;2.293.030;2107;2817;9.422;917212;0.004;2.191.883;2030;2502;9.457;920591;0.004;2.189.198;2040;2528;8.951;871301;0.006;2.219.354;2037;2635;13.155;1280567;0.005;2.176.923;2037;2472;11.964;1164654;0.002;2.098.529;2036;2343;5.174;503647
21;15DIV_double-sequential-Ifenprodil1_w1Channel-B.tif;0.004;2.147.873;2058;2396;9.179;893515;0.003;2.118.282;2057;2204;5.549;540162;0.004;2.109.952;2056;2216;8.583;835541;0.003;2.277.566;2063;2540;7.487;728821;0.003;2.160.038;2028;2356;6.391;622091;0.003;2.232.442;2061;2447;7.522;732241;0.003;2.147.279;2044;2329;7.500;730075;0.004;2.210.161;2090;2426;9.445;919427;0.004;2.294.157;2124;2780;9.427;917663;0.004;2.192.493;2041;2484;9.460;920847;0.004;2.189.701;2040;2528;8.953;871501;0.006;2.218.153;2037;2634;13.148;1279874;0.005;2.176.780;2036;2432;11.964;1164577;0.002;2.096.908;2028;2345;5.170;503258
22;15DIV_double-sequential-Ifenprodil1_w1Channel-B.tif;0.004;2.146.257;2058;2380;9.172;892843;0.003;2.118.145;2050;2192;5.549;540127;0.004;2.108.654;2048;2230;8.578;835027;0.003;2.276.475;2057;2504;7.483;728472;0.003;2.158.681;2038;2353;6.387;621700;0.003;2.230.533;2059;2426;7.516;731615;0.003;2.147.150;2065;2336;7.499;730031;0.004;2.210.409;2088;2452;9.446;919530;0.004;2.294.495;2112;2804;9.428;917798;0.004;2.190.755;2033;2492;9.452;920117;0.004;2.189.992;2040;2532;8.954;871617;0.006;2.218.404;2030;2634;13.149;1280019;0.005;2.176.562;2032;2441;11.962;1164461;0.002;2.098.954;2030;2314;5.175;503749
23;15DIV_double-sequential-Ifenprodil1_w1Channel-B.tif;0.004;2.149.272;2064;2392;9.185;894097;0.003;2.118.565;2040;2193;5.550;540234;0.004;2.110.285;2048;2210;8.585;835673;0.003;2.278.250;2072;2542;7.489;729040;0.003;2.158.847;2030;2356;6.387;621748;0.003;2.232.491;2064;2452;7.522;732257;0.003;2.147.874;2069;2320;7.502;730277;0.004;2.210.164;2090;2440;9.445;919428;0.004;2.293.343;2108;2770;9.424;917337;0.004;2.190.438;2035;2484;9.451;919984;0.004;2.190.292;2035;2504;8.955;871736;0.006;2.218.832;2034;2636;13.152;1280266;0.005;2.178.131;2032;2445;11.971;1165300;0.002;2.098.333;2032;2314;5.173;503600
24;15DIV_double-sequential-Ifenprodil1_w1Channel-B.tif;0.004;2.149.471;2070;2392;9.186;894180;0.003;2.117.718;2054;2199;5.548;540018;0.004;2.108.015;2046;2214;8.576;834774;0.003;2.273.900;2061;2522;7.475;727648;0.003;2.157.208;2033;2376;6.382;621276;0.003;2.231.302;2042;2416;7.518;731867;0.003;2.145.876;2048;2312;7.495;729598;0.004;2.208.188;2088;2438;9.437;918606;0.004;2.291.202;2107;2817;9.415;916481;0.004;2.190.709;2032;2473;9.452;920098;0.004;2.189.211;2036;2486;8.951;871306;0.006;2.218.305;2035;2641;13.149;1279962;0.005;2.176.750;2032;2453;11.963;1164561;0.002;2.096.971;2030;2314;5.170;503273
25;15DIV_double-sequential-Ifenprodil1_w1Channel-B.tif;0.004;2.146.834;2069;2392;9.175;893083;0.003;2.115.843;2048;2199;5.543;539540;0.004;2.107.230;2052;2208;8.572;834463;0.003;2.272.028;2052;2504;7.469;727049;0.003;2.157.833;2037;2352;6.384;621456;0.003;2.228.662;2052;2403;7.509;731001;0.003;2.143.927;2060;2300;7.488;728935;0.004;2.206.125;2084;2453;9.428;917748;0.004;2.290.157;2121;2781;9.411;916063;0.004;2.189.322;2034;2472;9.446;919515;0.004;2.188.379;2038;2496;8.947;870975;0.006;2.214.983;2025;2644;13.129;1278045;0.005;2.176.548;2032;2444;11.962;1164453;0.002;2.096.750;2032;2307;5.170;503220
26;15DIV_double-sequential-Ifenprodil1_w1Channel-B.tif;0.004;2.147.041;2062;2394;9.175;893169;0.003;2.116.969;2051;2190;5.546;539827;0.004;2.109.280;2050;2210;8.581;835275;0.003;2.273.147;2062;2528;7.473;727407;0.003;2.156.736;2040;2357;6.381;621140;0.003;2.230.088;2056;2435;7.514;731469;0.003;2.145.759;2060;2336;7.495;729558;0.004;2.207.966;2088;2448;9.436;918514;0.004;2.290.100;2102;2773;9.410;916040;0.004;2.189.271;2033;2475;9.446;919494;0.004;2.189.621;2035;2518;8.952;871469;0.006;2.216.355;2036;2589;13.137;1278837;0.005;2.176.323;2040;2432;11.961;1164333;0.002;2.096.350;2032;2312;5.169;503124
27;15DIV_double-sequential-Ifenprodil1_w1Channel-B.tif;0.004;2.146.067;2064;2384;9.171;892764;0.003;2.115.557;2048;2188;5.542;539467;0.004;2.108.712;2044;2204;8.578;835050;0.003;2.271.725;2062;2517;7.468;726952;0.003;2.156.854;2032;2350;6.381;621174;0.003;2.229.613;2056;2419;7.513;731313;0.003;2.146.477;2070;2304;7.497;729802;0.004;2.207.789;2097;2426;9.435;918440;0.004;2.289.760;2112;2800;9.409;915904;0.004;2.188.455;2030;2480;9.442;919151;0.004;2.188.663;2036;2509;8.949;871088;0.006;2.216.492;2035;2606;13.138;1278916;0.005;2.177.011;2037;2429;11.965;1164701;0.002;2.097.146;2034;2308;5.170;503315
28;15DIV_double-sequential-Ifenprodil1_w1Channel-B.tif;0.004;2.147.510;2058;2364;9.177;893364;0.003;2.116.800;2056;2185;5.545;539784;0.004;2.108.881;2057;2210;8.579;835117;0.003;2.272.619;2056;2556;7.471;727238;0.003;2.158.490;2037;2353;6.386;621645;0.003;2.230.735;2061;2416;7.516;731681;0.003;2.145.850;2065;2321;7.495;729589;0.004;2.208.118;2089;2436;9.436;918577;0.004;2.290.940;2115;2772;9.414;916376;0.004;2.189.126;2032;2483;9.445;919433;0.004;2.188.925;2035;2509;8.950;871192;0.006;2.217.303;2036;2640;13.143;1279384;0.005;2.176.333;2032;2413;11.961;1164338;0.002;2.096.908;2031;2333;5.170;503258
29;15DIV_double-sequential-Ifenprodil1_w1Channel-B.tif;0.004;2.147.365;2064;2365;9.177;893304;0.003;2.117.239;2048;2196;5.546;539896;0.004;2.109.798;2056;2198;8.583;835480;0.003;2.271.900;2061;2540;7.468;727008;0.003;2.158.073;2036;2360;6.385;621525;0.003;2.229.198;2052;2440;7.511;731177;0.003;2.146.712;2058;2330;7.498;729882;0.004;2.207.226;2099;2418;9.433;918206;0.004;2.290.183;2105;2794;9.411;916073;0.004;2.188.886;2034;2478;9.444;919332;0.004;2.189.807;2035;2507;8.953;871543;0.006;2.216.520;2040;2617;13.138;1278932;0.005;2.176.675;2032;2450;11.963;1164521;0.002;2.098.279;2034;2313;5.173;503587
30;15DIV_double-sequential-Ifenprodil1_w1Channel-B.tif;0.004;2.144.332;2058;2364;9.164;892042;0.003;2.115.525;2043;2192;5.542;539459;0.004;2.106.922;2048;2211;8.571;834341;0.003;2.269.391;2056;2517;7.460;726205;0.003;2.156.819;2040;2344;6.381;621164;0.003;2.227.092;2048;2408;7.504;730486;0.003;2.144.688;2049;2337;7.491;729194;0.004;2.207.613;2088;2402;9.434;918367;0.004;2.288.685;2105;2792;9.405;915474;0.004;2.186.341;2033;2464;9.433;918263;0.004;2.186.769;2038;2520;8.941;870334;0.006;2.214.705;2028;2625;13.128;1277885;0.005;2.174.336;2032;2417;11.950;1163270;0.002;2.096.083;2028;2312;5.168;503060
31;15DIV_double-sequential-Ifenprodil1_w1Channel-B.tif;0.004;2.143.615;2058;2363;9.161;891744;0.003;2.113.667;2052;2193;5.537;538985;0.004;2.105.669;2053;2194;8.566;833845;0.003;2.267.291;2058;2523;7.453;725533;0.003;2.153.785;2024;2338;6.372;620290;0.003;2.225.281;2051;2410;7.498;729892;0.003;2.143.109;2052;2320;7.485;728657;0.004;2.205.269;2086;2432;9.424;917392;0.004;2.286.190;2112;2787;9.394;914476;0.004;2.183.760;2030;2457;9.422;917179;0.004;2.186.367;2035;2497;8.939;870174;0.006;2.212.853;2030;2644;13.117;1276816;0.005;2.172.260;2034;2405;11.939;1162159;0.002;2.095.267;2025;2296;5.166;502864
32;15DIV_double-sequential-Ifenprodil1_w1Channel-B.tif;0.004;2.141.772;2064;2347;9.153;890977;0.003;2.112.678;2036;2197;5.534;538733;0.004;2.104.889;2042;2208;8.563;833536;0.003;2.266.075;2056;2529;7.449;725144;0.003;2.152.649;2036;2352;6.369;619963;0.003;2.225.357;2049;2418;7.498;729917;0.003;2.142.309;2053;2305;7.483;728385;0.004;2.203.385;2082;2424;9.416;916608;0.004;2.285.123;2108;2790;9.390;914049;0.004;2.183.869;2022;2500;9.423;917225;0.004;2.186.460;2032;2492;8.940;870211;0.006;2.212.203;2036;2604;13.113;1276441;0.005;2.172.809;2035;2415;11.942;1162453;0.002;2.093.633;2024;2283;5.162;502472
33;15DIV_double-sequential-Ifenprodil1_w1Channel-B.tif;0.004;2.142.736;2064;2366;9.157;891378;0.003;2.112.726;2053;2182;5.534;538745;0.004;2.105.316;2048;2202;8.565;833705;0.003;2.265.272;2051;2528;7.447;724887;0.003;2.152.389;2025;2348;6.368;619888;0.003;2.225.701;2050;2415;7.499;730030;0.003;2.143.365;2064;2336;7.486;728744;0.004;2.206.356;2085;2424;9.429;917844;0.004;2.284.992;2091;2778;9.389;913997;0.004;2.183.348;2030;2480;9.420;917006;0.004;2.186.377;2032;2504;8.939;870178;0.006;2.211.525;2036;2608;13.109;1276050;0.005;2.172.486;2029;2427;11.940;1162280;0.002;2.094.712;2031;2316;5.164;502731
34;15DIV_double-sequential-Ifenprodil1_w1Channel-B.tif;0.004;2.145.923;2049;2346;9.171;892704;0.003;2.113.443;2048;2198;5.536;538928;0.004;2.105.891;2048;2193;8.567;833933;0.003;2.267.678;2059;2515;7.455;725657;0.003;2.154.438;2032;2364;6.374;620478;0.003;2.225.387;2058;2437;7.498;729927;0.003;2.145.273;2062;2333;7.493;729393;0.004;2.205.928;2089;2406;9.427;917666;0.004;2.286.423;2112;2760;9.395;914569;0.004;2.183.721;2030;2456;9.422;917163;0.004;2.186.972;2036;2503;8.942;870415;0.006;2.212.711;2032;2618;13.116;1276734;0.005;2.172.794;2032;2432;11.942;1162445;0.002;2.093.712;2029;2288;5.162;502491
35;15DIV_double-sequential-Ifenprodil1_w1Channel-B.tif;0.004;2.147.094;2068;2350;9.176;893191;0.003;2.112.918;2044;2192;5.535;538794;0.004;2.105.631;2032;2195;8.566;833830;0.003;2.264.175;2053;2520;7.443;724536;0.003;2.153.681;2032;2345;6.372;620260;0.003;2.224.140;2048;2421;7.494;729518;0.003;2.142.459;2048;2336;7.483;728436;0.004;2.206.594;2092;2445;9.430;917943;0.004;2.285.383;2101;2771;9.391;914153;0.004;2.184.374;2032;2480;9.425;917437;0.004;2.186.952;2032;2512;8.942;870407;0.006;2.211.376;2033;2600;13.108;1275964;0.005;2.172.280;2038;2405;11.939;1162170;0.002;2.093.329;2027;2287;5.161;502399
36;15DIV_double-sequential-Ifenprodil1_w1Channel-B.tif;0.004;2.144.865;2056;2354;9.166;892264;0.003;2.113.094;2036;2208;5.535;538839;0.004;2.104.422;2037;2202;8.561;833351;0.003;2.264.069;2056;2536;7.443;724502;0.003;2.153.785;2023;2354;6.372;620290;0.003;2.223.924;2051;2397;7.493;729447;0.003;2.143.915;2058;2313;7.488;728931;0.004;2.206.805;2088;2414;9.431;918031;0.004;2.287.035;2112;2772;9.398;914814;0.004;2.183.586;2027;2472;9.421;917106;0.004;2.186.040;2028;2496;8.938;870044;0.006;2.211.950;2032;2615;13.111;1276295;0.005;2.172.103;2030;2406;11.938;1162075;0.002;2.094.000;2025;2280;5.163;502560
37;15DIV_double-sequential-Ifenprodil1_w1Channel-B.tif;0.004;2.143.079;2064;2344;9.158;891521;0.003;2.113.263;2045;2184;5.536;538882;0.004;2.104.985;2048;2200;8.563;833574;0.003;2.264.163;2060;2506;7.443;724532;0.003;2.153.510;2035;2353;6.371;620211;0.003;2.223.146;2048;2408;7.491;729192;0.003;2.145.571;2068;2306;7.494;729494;0.004;2.206.820;2082;2416;9.431;918037;0.004;2.285.355;2117;2757;9.391;914142;0.004;2.185.081;2030;2477;9.428;917734;0.004;2.186.319;2034;2512;8.939;870155;0.006;2.211.421;2024;2610;13.108;1275990;0.005;2.172.578;2032;2445;11.940;1162329;0.002;2.094.217;2032;2272;5.163;502612
38;15DIV_double-sequential-Ifenprodil1_w1Channel-B.tif;0.004;2.142.192;2064;2356;9.155;891152;0.003;2.113.459;2053;2189;5.536;538932;0.004;2.110.912;2056;2208;8.587;835921;0.003;2.264.672;2045;2544;7.445;724695;0.003;2.154.135;2027;2348;6.373;620391;0.003;2.223.881;2056;2384;7.493;729433;0.003;2.142.641;2066;2320;7.484;728498;0.004;2.205.870;2085;2448;9.427;917642;0.004;2.285.863;2112;2754;9.393;914345;0.004;2.183.888;2028;2484;9.423;917233;0.004;2.186.126;2028;2488;8.938;870078;0.006;2.211.461;2028;2592;13.108;1276013;0.005;2.171.632;2033;2420;11.935;1161823;0.002;2.092.462;2028;2297;5.159;502191
39;15DIV_double-sequential-Ifenprodil1_w1Channel-B.tif;0.004;2.143.014;2057;2363;9.158;891494;0.003;2.112.439;2053;2181;5.534;538672;0.004;2.105.192;2048;2200;8.564;833656;0.003;2.264.738;2062;2519;7.445;724716;0.003;2.153.580;2028;2348;6.372;620231;0.003;2.223.683;2043;2394;7.493;729368;0.003;2.143.979;2049;2336;7.488;728953;0.004;2.207.248;2080;2430;9.433;918215;0.004;2.286.143;2112;2760;9.394;914457;0.004;2.184.586;2028;2473;9.426;917526;0.004;2.185.759;2037;2506;8.937;869932;0.006;2.211.814;2032;2615;13.110;1276217;0.005;2.171.142;2029;2425;11.933;1161561;0.002;2.092.417;2025;2301;5.159;502180
40;15DIV_double-sequential-Ifenprodil1_w1Channel-B.tif;0.004;2.145.858;2068;2351;9.170;892677;0.003;2.112.455;2048;2185;5.534;538676;0.004;2.103.144;2056;2196;8.556;832845;0.003;2.262.384;2052;2525;7.437;723963;0.003;2.154.281;2032;2360;6.374;620433;0.003;2.222.518;2048;2412;7.489;728986;0.003;2.142.938;2051;2312;7.485;728599;0.004;2.206.199;2096;2432;9.428;917779;0.004;2.286.048;2117;2742;9.394;914419;0.004;2.183.338;2024;2466;9.420;917002;0.004;2.186.573;2032;2505;8.940;870256;0.006;2.210.444;2029;2625;13.102;1275426;0.005;2.171.174;2032;2426;11.933;1161578;0.002;2.092.504;2029;2292;5.159;502201
41;15DIV_double-sequential-Ifenprodil1_w1Channel-B.tif;0.004;2.148.197;2064;2365;9.180;893650;0.003;2.112.212;2033;2199;5.533;538614;0.004;2.106.242;2044;2203;8.568;834072;0.003;2.263.913;2059;2496;7.442;724452;0.003;2.153.743;2036;2348;6.372;620278;0.003;2.222.021;2051;2411;7.487;728823;0.003;2.145.479;2045;2304;7.494;729463;0.004;2.207.793;2083;2414;9.435;918442;0.004;2.286.492;2121;2784;9.396;914597;0.004;2.184.036;2035;2478;9.423;917295;0.004;2.186.696;2034;2508;8.941;870305;0.006;2.211.361;2032;2613;13.108;1275955;0.005;2.171.729;2032;2451;11.936;1161875;0.002;2.093.079;2026;2314;5.160;502339
42;15DIV_double-sequential-Ifenprodil1_w1Channel-B.tif;0.004;2.145.228;2066;2358;9.168;892415;0.003;2.111.196;2050;2180;5.530;538355;0.004;2.108.732;2048;2214;8.578;835058;0.003;2.264.378;2064;2522;7.444;724601;0.003;2.152.757;2030;2346;6.369;619994;0.003;2.222.433;2058;2393;7.488;728958;0.003;2.144.759;2062;2312;7.491;729218;0.004;2.207.656;2082;2430;9.434;918385;0.004;2.287.700;2112;2755;9.400;915080;0.004;2.183.600;2025;2498;9.421;917112;0.004;2.187.334;2036;2506;8.943;870559;0.006;2.211.783;2035;2620;13.110;1276199;0.005;2.170.854;2032;2442;11.931;1161407;0.002;2.093.129;2025;2292;5.161;502351
43;15DIV_double-sequential-Ifenprodil1_w1Channel-B.tif;0.004;2.143.053;2061;2356;9.158;891510;0.003;2.111.282;2048;2200;5.531;538377;0.004;2.102.864;2052;2213;8.555;832734;0.003;2.262.841;2065;2510;7.439;724109;0.003;2.152.257;2030;2356;6.368;619850;0.003;2.221.210;2056;2411;7.484;728557;0.003;2.144.391;2060;2320;7.490;729093;0.004;2.206.810;2087;2428;9.431;918033;0.004;2.286.107;2108;2759;9.394;914443;0.004;2.183.407;2031;2487;9.421;917031;0.004;2.187.550;2031;2497;8.944;870645;0.006;2.212.265;2034;2611;13.113;1276477;0.005;2.171.456;2037;2424;11.934;1161729;0.002;2.092.267;2028;2311;5.158;502144
44;15DIV_double-sequential-Ifenprodil1_w1Channel-B.tif;0.004;2.140.666;2066;2357;9.148;890517;0.003;2.111.294;2050;2183;5.531;538380;0.004;2.102.298;2050;2210;8.552;832510;0.003;2.263.816;2060;2510;7.442;724421;0.003;2.152.438;2033;2341;6.368;619902;0.003;2.222.366;2052;2392;7.488;728936;0.003;2.144.185;2049;2308;7.489;729023;0.004;2.204.659;2088;2422;9.422;917138;0.004;2.286.470;2106;2745;9.395;914588;0.004;2.183.157;2028;2501;9.419;916926;0.004;2.186.427;2029;2504;8.939;870198;0.006;2.210.922;2032;2588;13.105;1275702;0.005;2.170.030;2028;2410;11.926;1160966;0.002;2.092.708;2024;2310;5.160;502250
45;15DIV_double-sequential-Ifenprodil1_w1Channel-B.tif;0.004;2.142.863;2061;2376;9.158;891431;0.003;2.111.431;2048;2183;5.531;538415;0.004;2.102.535;2048;2198;8.553;832604;0.003;2.261.647;2062;2508;7.435;723727;0.003;2.152.104;2036;2346;6.367;619806;0.003;2.221.262;2052;2393;7.485;728574;0.003;2.144.812;2056;2330;7.491;729236;0.004;2.204.776;2088;2425;9.422;917187;0.004;2.285.025;2112;2753;9.389;914010;0.004;2.182.900;2030;2464;9.418;916818;0.004;2.186.766;2032;2529;8.941;870333;0.006;2.210.910;2032;2593;13.105;1275695;0.005;2.171.492;2036;2432;11.934;1161748;0.002;2.093.317;2026;2308;5.161;502396
46;15DIV_double-sequential-Ifenprodil1_w1Channel-B.tif;0.004;2.144.416;2064;2360;9.164;892077;0.003;2.111.122;2044;2188;5.530;538336;0.004;2.102.308;2045;2193;8.552;832514;0.003;2.261.337;2043;2532;7.434;723628;0.003;2.151.319;2026;2340;6.365;619580;0.003;2.219.521;2054;2383;7.479;728003;0.003;2.144.421;2048;2323;7.490;729103;0.004;2.206.579;2089;2445;9.430;917937;0.004;2.284.413;2117;2751;9.387;913765;0.004;2.183.243;2029;2447;9.420;916962;0.004;2.187.002;2032;2508;8.942;870427;0.006;2.210.899;2034;2597;13.105;1275689;0.005;2.169.673;2028;2397;11.924;1160775;0.002;2.091.058;2028;2296;5.155;501854
47;15DIV_double-sequential-Ifenprodil1_w1Channel-B.tif;0.004;2.140.798;2056;2356;9.149;890572;0.003;2.110.310;2044;2176;5.528;538129;0.004;2.101.854;2043;2209;8.550;832334;0.003;2.261.350;2059;2513;7.434;723632;0.003;2.152.778;2034;2347;6.369;620000;0.003;2.220.939;2049;2388;7.483;728468;0.003;2.143.732;2048;2318;7.488;728869;0.004;2.203.519;2090;2418;9.417;916664;0.004;2.283.062;2116;2748;9.381;913225;0.004;2.182.417;2032;2485;9.416;916615;0.004;2.187.465;2029;2512;8.944;870611;0.006;2.211.594;2038;2608;13.109;1276090;0.005;2.171.095;2032;2414;11.932;1161536;0.002;2.091.325;2031;2281;5.156;501918
48;15DIV_double-sequential-Ifenprodil1_w1Channel-B.tif;0.004;2.140.094;2064;2356;9.146;890279;0.003;2.110.157;2044;2187;5.528;538090;0.004;2.101.389;2036;2208;8.549;832150;0.003;2.260.944;2056;2484;7.432;723502;0.003;2.151.229;2024;2347;6.365;619554;0.003;2.219.585;2056;2417;7.479;728024;0.003;2.143.556;2061;2317;7.487;728809;0.004;2.203.135;2097;2410;9.415;916504;0.004;2.283.258;2124;2777;9.382;913303;0.004;2.181.864;2024;2488;9.414;916383;0.004;2.186.663;2034;2501;8.940;870292;0.006;2.210.407;2030;2605;13.102;1275405;0.005;2.169.727;2033;2425;11.925;1160804;0.002;2.093.062;2028;2318;5.160;502335
49;15DIV_double-sequential-Ifenprodil1_w1Channel-B.tif;0.004;2.138.697;2056;2353;9.140;889698;0.003;2.108.965;2051;2180;5.525;537786;0.004;2.102.386;2048;2186;8.553;832545;0.003;2.258.178;2048;2512;7.423;722617;0.003;2.150.781;2034;2344;6.363;619425;0.003;2.219.070;2049;2385;7.477;727855;0.003;2.142.688;2060;2325;7.484;728514;0.004;2.201.832;2088;2448;9.410;915962;0.004;2.280.985;2112;2752;9.373;912394;0.004;2.181.812;2032;2464;9.414;916361;0.004;2.186.357;2032;2501;8.939;870170;0.006;2.208.983;2029;2613;13.094;1274583;0.005;2.168.865;2036;2416;11.920;1160343;0.002;2.092.817;2028;2294;5.160;502276
50;15DIV_double-sequential-Ifenprodil1_w1Channel-B.tif;0.004;2.138.394;2062;2362;9.138;889572;0.003;2.110.188;2048;2176;5.528;538098;0.004;2.101.248;2045;2200;8.548;832094;0.003;2.260.128;2048;2524;7.430;723241;0.003;2.150.184;2026;2368;6.361;619253;0.003;2.217.594;2048;2400;7.472;727371;0.003;2.142.032;2056;2299;7.482;728291;0.004;2.202.303;2094;2401;9.412;916158;0.004;2.281.775;2100;2735;9.376;912710;0.004;2.180.481;2030;2465;9.408;915802;0.004;2.186.196;2029;2507;8.938;870106;0.006;2.208.210;2030;2609;13.089;1274137;0.005;2.168.334;2035;2425;11.917;1160059;0.002;2.091.108;2028;2304;5.156;501866
51;15DIV_double-sequential-Ifenprodil1_w1Channel-B.tif;0.004;2.137.161;2053;2339;9.133;889059;0.003;2.110.663;2052;2188;5.529;538219;0.004;2.101.636;2042;2208;8.550;832248;0.003;2.257.544;2052;2497;7.421;722414;0.003;2.150.028;2032;2340;6.361;619208;0.003;2.217.613;2052;2411;7.472;727377;0.003;2.141.653;2057;2315;7.480;728162;0.004;2.201.406;2080;2408;9.408;915785;0.004;2.280.270;2116;2780;9.370;912108;0.004;2.180.476;2032;2474;9.408;915800;0.004;2.186.399;2036;2518;8.939;870187;0.006;2.208.504;2029;2589;13.091;1274307;0.005;2.169.462;2028;2395;11.923;1160662;0.002;2.091.613;2028;2304;5.157;501987
52;15DIV_double-sequential-Ifenprodil1_w1Channel-B.tif;0.004;2.137.024;2052;2353;9.133;889002;0.003;2.106.937;2037;2176;5.519;537269;0.004;2.100.242;2049;2200;8.544;831696;0.003;2.257.219;2057;2500;7.420;722310;0.003;2.150.628;2032;2325;6.363;619381;0.003;2.216.689;2045;2384;7.469;727074;0.003;2.142.085;2057;2301;7.482;728309;0.004;2.199.909;2083;2432;9.401;915162;0.004;2.280.615;2106;2792;9.371;912246;0.004;2.179.033;2031;2466;9.402;915194;0.004;2.184.548;2029;2494;8.932;869450;0.006;2.207.508;2024;2628;13.085;1273732;0.005;2.168.441;2024;2404;11.918;1160116;0.002;2.090.688;2024;2340;5.155;501765
53;15DIV_double-sequential-Ifenprodil1_w1Channel-B.tif;0.004;2.137.168;2060;2345;9.133;889062;0.003;2.107.722;2041;2180;5.521;537469;0.004;2.101.523;2042;2193;8.549;832203;0.003;2.256.819;2056;2512;7.419;722182;0.003;2.149.566;2030;2326;6.360;619075;0.003;2.215.491;2048;2390;7.465;726681;0.003;2.140.965;2051;2290;7.478;727928;0.004;2.200.836;2093;2434;9.405;915548;0.004;2.280.718;2112;2745;9.372;912287;0.004;2.180.633;2033;2450;9.409;915866;0.004;2.186.528;2032;2512;8.940;870238;0.006;2.207.383;2027;2596;13.084;1273660;0.005;2.167.566;2032;2409;11.913;1159648;0.002;2.090.512;2028;2296;5.154;501723
54;15DIV_double-sequential-Ifenprodil1_w1Channel-B.tif;0.004;2.139.296;2061;2353;9.142;889947;0.003;2.107.843;2045;2183;5.522;537500;0.004;2.101.141;2048;2188;8.548;832052;0.003;2.256.444;2052;2502;7.418;722062;0.003;2.149.882;2030;2336;6.361;619166;0.003;2.217.634;2048;2376;7.472;727384;0.003;2.139.924;2056;2294;7.474;727574;0.004;2.200.349;2088;2424;9.403;915345;0.004;2.280.143;2099;2774;9.369;912057;0.004;2.177.879;2032;2444;9.397;914709;0.004;2.187.095;2028;2510;8.942;870464;0.006;2.207.939;2026;2593;13.087;1273981;0.005;2.167.271;2037;2417;11.911;1159490;0.002;2.091.008;2026;2302;5.155;501842
55;15DIV_double-sequential-Ifenprodil1_w1Channel-B.tif;0.004;2.137.000;2060;2341;9.132;888992;0.003;2.108.165;2044;2180;5.522;537582;0.004;2.099.543;2040;2203;8.541;831419;0.003;2.255.406;2048;2501;7.414;721730;0.003;2.148.972;2025;2336;6.358;618904;0.003;2.216.369;2050;2385;7.468;726969;0.003;2.141.326;2056;2302;7.479;728051;0.004;2.199.836;2076;2412;9.401;915132;0.004;2.278.565;2112;2752;9.363;911426;0.004;2.177.002;2032;2482;9.393;914341;0.004;2.185.761;2028;2496;8.937;869933;0.006;2.206.321;2035;2572;13.078;1273047;0.005;2.166.834;2032;2405;11.909;1159256;0.002;2.091.033;2020;2315;5.155;501848
56;15DIV_double-sequential-Ifenprodil1_w1Channel-B.tif;0.004;2.138.062;2057;2336;9.137;889434;0.003;2.106.584;2038;2172;5.518;537179;0.004;2.099.341;2036;2189;8.540;831339;0.003;2.253.797;2052;2512;7.409;721215;0.003;2.149.066;2022;2346;6.358;618931;0.003;2.216.948;2049;2430;7.470;727159;0.003;2.139.750;2044;2298;7.474;727515;0.004;2.200.216;2085;2404;9.403;915290;0.004;2.278.708;2112;2728;9.364;911483;0.004;2.176.733;2029;2453;9.392;914228;0.004;2.185.271;2029;2488;8.935;869738;0.006;2.205.480;2030;2616;13.073;1272562;0.005;2.165.916;2025;2415;11.904;1158765;0.002;2.090.342;2027;2328;5.154;501682
57;15DIV_double-sequential-Ifenprodil1_w1Channel-B.tif;0.004;2.135.923;2064;2344;9.128;888544;0.003;2.108.118;2048;2176;5.522;537570;0.004;2.098.179;2044;2192;8.535;830879;0.003;2.252.262;2045;2496;7.404;720724;0.003;2.148.722;2030;2344;6.357;618832;0.003;2.215.985;2042;2379;7.467;726843;0.003;2.140.750;2051;2320;7.477;727855;0.004;2.199.404;2082;2404;9.399;914952;0.004;2.277.695;2112;2752;9.359;911078;0.004;2.176.614;2030;2470;9.391;914178;0.004;2.185.010;2028;2508;8.934;869634;0.006;2.206.416;2030;2572;13.078;1273102;0.005;2.165.910;2022;2414;11.904;1158762;0.002;2.089.712;2029;2277;5.152;501531
58;15DIV_double-sequential-Ifenprodil1_w1Channel-B.tif;0.004;2.136.279;2052;2350;9.129;888692;0.003;2.107.357;2051;2168;5.520;537376;0.004;2.100.692;2048;2184;8.546;831874;0.003;2.253.984;2056;2490;7.410;721275;0.003;2.148.399;2027;2324;6.356;618739;0.003;2.214.774;2052;2413;7.463;726446;0.003;2.140.212;2049;2308;7.475;727672;0.004;2.200.211;2088;2406;9.403;915288;0.004;2.278.478;2108;2754;9.363;911391;0.004;2.177.502;2032;2462;9.395;914551;0.004;2.186.435;2030;2514;8.939;870201;0.006;2.205.409;2029;2588;13.072;1272521;0.005;2.166.783;2029;2402;11.909;1159229;0.002;2.090.192;2024;2288;5.153;501646
59;15DIV_double-sequential-Ifenprodil1_w1Channel-B.tif;0.004;2.139.356;2069;2332;9.143;889972;0.003;2.106.659;2045;2176;5.519;537198;0.004;2.098.975;2043;2180;8.539;831194;0.003;2.251.262;2049;2481;7.401;720404;0.003;2.148.535;2030;2328;6.357;618778;0.003;2.214.860;2049;2393;7.463;726474;0.003;2.141.874;2053;2308;7.481;728237;0.004;2.198.769;2090;2400;9.396;914688;0.004;2.277.468;2113;2771;9.358;910987;0.004;2.175.305;2027;2456;9.386;913628;0.004;2.185.188;2032;2509;8.934;869705;0.006;2.205.406;2032;2578;13.072;1272519;0.005;2.165.450;2034;2401;11.901;1158516;0.002;2.089.829;2028;2276;5.152;501559
60;15DIV_double-sequential-Ifenprodil1_w1Channel-B.tif;0.004;2.138.418;2059;2321;9.139;889582;0.003;2.105.926;2050;2179;5.517;537011;0.004;2.099.917;2050;2192;8.543;831567;0.003;2.251.475;2057;2490;7.401;720472;0.003;2.148.410;2034;2344;6.356;618742;0.003;2.215.311;2056;2384;7.464;726622;0.003;2.140.129;2048;2304;7.475;727644;0.004;2.199.803;2092;2405;9.401;915118;0.004;2.276.867;2104;2724;9.356;910747;0.004;2.174.557;2024;2438;9.382;913314;0.004;2.185.435;2032;2509;8.935;869803;0.006;2.204.414;2031;2584;13.067;1271947;0.005;2.165.155;2033;2425;11.900;1158358;0.002;2.090.558;2029;2284;5.154;501734
61;15DIV_double-sequential-Ifenprodil1_w1Channel-B.tif;0.004;2.136.599;2056;2320;9.131;888825;0.003;2.105.600;2040;2170;5.516;536928;0.004;2.100.371;2048;2185;8.544;831747;0.003;2.251.150;2053;2505;7.400;720368;0.003;2.147.413;2030;2332;6.353;618455;0.003;2.213.881;2056;2384;7.460;726153;0.003;2.140.694;2052;2300;7.477;727836;0.004;2.199.615;2088;2392;9.400;915040;0.004;2.275.577;2105;2714;9.351;910231;0.004;2.174.583;2035;2448;9.382;913325;0.004;2.185.515;2033;2505;8.936;869835;0.006;2.203.683;2029;2572;13.062;1271525;0.005;2.165.008;2029;2406;11.899;1158279;0.002;2.091.058;2026;2288;5.155;501854
62;15DIV_double-sequential-Ifenprodil1_w1Channel-B.tif;0.004;2.136.151;2062;2324;9.129;888639;0.003;2.106.792;2048;2171;5.519;537232;0.004;2.098.881;2050;2180;8.538;831157;0.003;2.250.394;2060;2491;7.398;720126;0.003;2.147.451;2027;2344;6.353;618466;0.003;2.214.031;2051;2390;7.460;726202;0.003;2.138.979;2058;2316;7.471;727253;0.004;2.199.156;2090;2387;9.398;914849;0.004;2.276.633;2113;2743;9.355;910653;0.004;2.174.360;2027;2464;9.381;913231;0.004;2.186.163;2034;2508;8.938;870093;0.006;2.203.891;2027;2577;13.063;1271645;0.005;2.165.075;2034;2404;11.899;1158315;0.002;2.090.900;2027;2281;5.155;501816
63;15DIV_double-sequential-Ifenprodil1_w1Channel-B.tif;0.004;2.134.906;2062;2347;9.124;888121;0.003;2.106.110;2040;2177;5.517;537058;0.004;2.097.922;2045;2184;8.534;830777;0.003;2.249.478;2056;2492;7.395;719833;0.003;2.148.177;2026;2344;6.356;618675;0.003;2.214.643;2059;2368;7.462;726403;0.003;2.141.432;2049;2320;7.480;728087;0.004;2.199.058;2088;2406;9.398;914808;0.004;2.275.738;2112;2736;9.351;910295;0.004;2.172.836;2030;2433;9.375;912591;0.004;2.184.859;2030;2505;8.933;869574;0.006;2.203.756;2028;2585;13.063;1271567;0.005;2.163.770;2030;2412;11.892;1157617;0.002;2.089.542;2026;2278;5.152;501490
64;15DIV_double-sequential-Ifenprodil1_w1Channel-B.tif;0.004;2.134.226;2064;2328;9.121;887838;0.003;2.106.588;2044;2180;5.518;537180;0.004;2.098.758;2041;2184;8.538;831108;0.003;2.250.281;2056;2523;7.397;720090;0.003;2.147.090;2032;2341;6.352;618362;0.003;2.212.491;2048;2380;7.455;725697;0.003;2.141.009;2057;2294;7.478;727943;0.004;2.199.224;2088;2410;9.398;914877;0.004;2.274.877;2117;2733;9.348;909951;0.004;2.172.500;2028;2448;9.373;912450;0.004;2.184.726;2031;2493;8.932;869521;0.006;2.203.341;2028;2595;13.060;1271328;0.005;2.163.899;2039;2403;11.893;1157686;0.002;2.090.792;2028;2282;5.155;501790
65;15DIV_double-sequential-Ifenprodil1_w1Channel-B.tif;0.004;2.133.558;2056;2330;9.118;887560;0.003;2.105.071;2044;2192;5.514;536793;0.004;2.097.528;2044;2176;8.533;830621;0.003;2.248.609;2037;2496;7.392;719555;0.003;2.146.556;2030;2336;6.351;618208;0.003;2.212.579;2053;2395;7.455;725726;0.003;2.140.097;2057;2302;7.475;727633;0.004;2.197.019;2082;2408;9.389;913960;0.004;2.273.302;2103;2720;9.341;909321;0.004;2.172.293;2027;2459;9.373;912363;0.004;2.184.802;2026;2500;8.933;869551;0.006;2.203.485;2036;2593;13.061;1271411;0.005;2.163.443;2030;2442;11.890;1157442;0.002;2.090.108;2018;2289;5.153;501626
66;15DIV_double-sequential-Ifenprodil1_w1Channel-B.tif;0.004;2.133.065;2052;2316;9.116;887355;0.003;2.105.823;2040;2168;5.516;536985;0.004;2.097.763;2046;2178;8.534;830714;0.003;2.248.709;2050;2478;7.392;719587;0.003;2.145.424;2024;2332;6.347;617882;0.003;2.211.969;2039;2413;7.453;725526;0.003;2.139.297;2064;2304;7.472;727361;0.004;2.198.274;2085;2402;9.394;914482;0.004;2.274.210;2102;2755;9.345;909684;0.004;2.171.595;2025;2434;9.370;912070;0.004;2.184.792;2029;2501;8.933;869547;0.006;2.202.666;2027;2592;13.056;1270938;0.005;2.163.684;2035;2420;11.892;1157571;0.002;2.088.400;2020;2304;5.149;501216
67;15DIV_double-sequential-Ifenprodil1_w1Channel-B.tif;0.004;2.138.231;2066;2317;9.138;889504;0.003;2.106.122;2050;2172;5.517;537061;0.004;2.100.207;2043;2194;8.544;831682;0.003;2.249.062;2060;2491;7.393;719700;0.003;2.145.486;2024;2333;6.348;617900;0.003;2.212.707;2057;2389;7.456;725768;0.003;2.140.406;2064;2300;7.476;727738;0.004;2.199.414;2089;2414;9.399;914956;0.004;2.274.282;2103;2740;9.345;909713;0.004;2.171.917;2030;2430;9.371;912205;0.004;2.185.095;2032;2488;8.934;869668;0.006;2.201.742;2028;2592;13.051;1270405;0.005;2.164.071;2024;2422;11.894;1157778;0.002;2.089.396;2028;2320;5.151;501455
68;15DIV_double-sequential-Ifenprodil1_w1Channel-B.tif;0.004;2.138.329;2070;2321;9.138;889545;0.003;2.106.082;2044;2192;5.517;537051;0.004;2.098.558;2050;2185;8.537;831029;0.003;2.249.981;2049;2504;7.396;719994;0.003;2.147.215;2030;2329;6.353;618398;0.003;2.213.552;2040;2389;7.459;726045;0.003;2.140.403;2062;2290;7.476;727737;0.004;2.197.301;2090;2408;9.390;914077;0.004;2.272.982;2102;2708;9.340;909193;0.004;2.173.271;2025;2458;9.377;912774;0.004;2.184.467;2028;2503;8.931;869418;0.006;2.204.085;2032;2606;13.065;1271757;0.005;2.163.103;2030;2394;11.888;1157260;0.002;2.090.071;2027;2301;5.153;501617
69;15DIV_double-sequential-Ifenprodil1_w1Channel-B.tif;0.004;2.135.457;2056;2336;9.126;888350;0.003;2.105.600;2048;2180;5.516;536928;0.004;2.097.949;2041;2178;8.535;830788;0.003;2.248.325;2055;2496;7.391;719464;0.003;2.145.792;2030;2336;6.348;617988;0.003;2.212.881;2050;2405;7.456;725825;0.003;2.139.815;2048;2304;7.474;727537;0.004;2.198.279;2084;2403;9.394;914484;0.004;2.274.085;2100;2736;9.345;909634;0.004;2.173.650;2031;2438;9.378;912933;0.004;2.185.819;2028;2533;8.937;869956;0.006;2.203.544;2033;2584;13.061;1271445;0.005;2.163.787;2028;2403;11.892;1157626;0.002;2.090.550;2026;2275;5.154;501732
70;15DIV_double-sequential-Ifenprodil1_w1Channel-B.tif;0.004;2.134.704;2061;2345;9.123;888037;0.003;2.105.722;2040;2179;5.516;536959;0.004;2.097.725;2042;2196;8.534;830699;0.003;2.247.781;2054;2481;7.389;719290;0.003;2.146.969;2030;2329;6.352;618327;0.003;2.212.625;2052;2379;7.455;725741;0.003;2.141.200;2052;2288;7.479;728008;0.004;2.195.966;2080;2402;9.384;913522;0.004;2.272.968;2112;2716;9.340;909187;0.004;2.171.886;2029;2456;9.371;912192;0.004;2.185.525;2032;2501;8.936;869839;0.006;2.202.662;2029;2600;13.056;1270936;0.005;2.163.521;2031;2416;11.891;1157484;0.002;2.090.562;2028;2288;5.154;501735
71;15DIV_double-sequential-Ifenprodil1_w1Channel-B.tif;0.004;2.133.349;2064;2316;9.117;887473;0.003;2.106.459;2044;2182;5.518;537147;0.004;2.098.818;2048;2176;8.538;831132;0.003;2.246.566;2041;2473;7.385;718901;0.003;2.146.948;2034;2332;6.352;618321;0.003;2.210.710;2049;2382;7.449;725113;0.003;2.140.677;2051;2285;7.477;727830;0.004;2.197.594;2081;2404;9.391;914199;0.004;2.273.085;2096;2721;9.340;909234;0.004;2.171.874;2029;2457;9.371;912187;0.004;2.185.538;2032;2496;8.936;869844;0.006;2.201.802;2026;2585;13.051;1270440;0.005;2.163.598;2028;2392;11.891;1157525;0.002;2.091.279;2032;2297;5.156;501907
72;15DIV_double-sequential-Ifenprodil1_w1Channel-B.tif;0.004;2.135.582;2052;2354;9.126;888402;0.003;2.105.639;2044;2179;5.516;536938;0.004;2.097.573;2032;2192;8.533;830639;0.003;2.248.062;2053;2481;7.390;719380;0.003;2.146.944;2024;2333;6.352;618320;0.003;2.209.939;2048;2378;7.446;724860;0.003;2.140.409;2064;2312;7.476;727739;0.004;2.197.144;2089;2381;9.390;914012;0.004;2.272.677;2096;2712;9.339;909071;0.004;2.173.755;2032;2452;9.379;912977;0.004;2.186.525;2032;2486;8.940;870237;0.006;2.203.232;2030;2600;13.060;1271265;0.005;2.162.751;2032;2408;11.886;1157072;0.002;2.089.700;2027;2276;5.152;501528
73;15DIV_double-sequential-Ifenprodil1_w1Channel-B.tif;0.004;2.135.565;2058;2316;9.126;888395;0.003;2.104.804;2050;2172;5.514;536725;0.004;2.098.114;2043;2196;8.535;830853;0.003;2.247.469;2052;2480;7.388;719190;0.003;2.146.243;2018;2329;6.350;618118;0.003;2.210.658;2043;2376;7.449;725096;0.003;2.141.306;2051;2296;7.479;728044;0.004;2.197.274;2082;2432;9.390;914066;0.004;2.271.958;2102;2716;9.336;908783;0.004;2.172.464;2026;2456;9.373;912435;0.004;2.184.761;2028;2498;8.933;869535;0.006;2.201.461;2032;2571;13.049;1270243;0.005;2.161.499;2024;2405;11.880;1156402;0.002;2.089.496;2026;2264;5.152;501479
74;15DIV_double-sequential-Ifenprodil1_w1Channel-B.tif;0.004;2.132.740;2057;2332;9.114;887220;0.003;2.104.149;2044;2192;5.512;536558;0.004;2.097.992;2048;2188;8.535;830805;0.003;2.246.553;2060;2491;7.385;718897;0.003;2.146.552;2033;2348;6.351;618207;0.003;2.210.726;2044;2388;7.449;725118;0.003;2.140.544;2053;2281;7.476;727785;0.004;2.195.449;2088;2403;9.382;913307;0.004;2.272.067;2112;2728;9.336;908827;0.004;2.171.714;2030;2429;9.370;912120;0.004;2.185.251;2034;2478;8.935;869730;0.006;2.200.822;2028;2603;13.045;1269874;0.005;2.162.970;2034;2416;11.888;1157189;0.002;2.090.288;2029;2273;5.154;501669
75;15DIV_double-sequential-Ifenprodil1_w1Channel-B.tif;0.004;2.132.543;2046;2316;9.113;887138;0.003;2.104.043;2037;2166;5.512;536531;0.004;2.097.952;2043;2186;8.535;830789;0.003;2.245.484;2050;2475;7.382;718555;0.003;2.144.976;2026;2338;6.346;617753;0.003;2.209.067;2040;2371;7.443;724574;0.003;2.139.265;2056;2296;7.472;727350;0.004;2.195.820;2080;2406;9.384;913461;0.004;2.271.022;2105;2737;9.332;908409;0.004;2.170.769;2029;2445;9.366;911723;0.004;2.185.402;2036;2504;8.935;869790;0.006;2.201.470;2026;2579;13.049;1270248;0.005;2.160.864;2030;2388;11.876;1156062;0.002;2.089.533;2028;2272;5.152;501488
76;15DIV_double-sequential-Ifenprodil1_w1Channel-B.tif;0.004;2.132.853;2060;2338;9.115;887267;0.003;2.103.980;2042;2166;5.512;536515;0.004;2.096.210;2043;2183;8.527;830099;0.003;2.245.722;2053;2493;7.382;718631;0.003;2.144.719;2032;2339;6.345;617679;0.003;2.209.607;2052;2361;7.445;724751;0.003;2.140.550;2041;2291;7.476;727787;0.004;2.196.498;2080;2419;9.387;913743;0.004;2.271.465;2112;2730;9.334;908586;0.004;2.171.219;2025;2433;9.368;911912;0.004;2.184.417;2032;2520;8.931;869398;0.006;2.201.361;2024;2601;13.048;1270185;0.005;2.161.460;2030;2394;11.879;1156381;0.002;2.089.325;2022;2267;5.151;501438
77;15DIV_double-sequential-Ifenprodil1_w1Channel-B.tif;0.004;2.133.219;2056;2332;9.116;887419;0.003;2.104.545;2044;2176;5.513;536659;0.004;2.097.604;2040;2178;8.533;830651;0.003;2.245.772;2057;2490;7.383;718647;0.003;2.145.059;2030;2332;6.346;617777;0.003;2.209.805;2048;2389;7.446;724816;0.003;2.140.550;2059;2321;7.476;727787;0.004;2.196.851;2092;2412;9.388;913890;0.004;2.271.040;2112;2744;9.332;908416;0.004;2.171.500;2027;2436;9.369;912030;0.004;2.185.618;2026;2512;8.936;869876;0.006;2.201.893;2027;2608;13.052;1270492;0.005;2.161.430;2028;2397;11.879;1156365;0.002;2.089.488;2028;2285;5.152;501477
78;15DIV_double-sequential-Ifenprodil1_w1Channel-B.tif;0.004;2.135.336;2064;2320;9.125;888300;0.003;2.103.090;2040;2172;5.509;536288;0.004;2.096.028;2048;2183;8.527;830027;0.003;2.245.116;2048;2482;7.380;718437;0.003;2.145.396;2027;2316;6.347;617874;0.003;2.210.070;2053;2380;7.447;724903;0.003;2.139.503;2044;2284;7.473;727431;0.004;2.198.385;2088;2428;9.395;914528;0.004;2.270.778;2107;2730;9.331;908311;0.004;2.170.591;2026;2427;9.365;911648;0.004;2.184.862;2028;2508;8.933;869575;0.006;2.201.941;2032;2589;13.052;1270520;0.005;2.161.708;2033;2408;11.881;1156514;0.002;2.089.183;2022;2297;5.151;501404
79;15DIV_double-sequential-Ifenprodil1_w1Channel-B.tif;0.004;2.136.627;2060;2329;9.131;888837;0.003;2.104.086;2043;2176;5.512;536542;0.004;2.096.553;2048;2190;8.529;830235;0.003;2.244.075;2056;2470;7.377;718104;0.003;2.145.181;2020;2332;6.347;617812;0.003;2.208.046;2044;2368;7.440;724239;0.003;2.139.876;2060;2306;7.474;727558;0.004;2.196.108;2080;2425;9.385;913581;0.004;2.269.040;2097;2702;9.324;907616;0.004;2.169.531;2024;2440;9.361;911203;0.004;2.184.817;2028;2485;8.933;869557;0.006;2.200.461;2032;2550;13.043;1269666;0.005;2.160.467;2032;2420;11.874;1155850;0.002;2.088.933;2024;2288;5.150;501344
80;15DIV_double-sequential-Ifenprodil1_w1Channel-B.tif;0.004;2.134.349;2058;2325;9.121;887889;0.003;2.103.333;2028;2165;5.510;536350;0.004;2.097.048;2044;2185;8.531;830431;0.003;2.242.497;2048;2484;7.372;717599;0.003;2.143.767;2028;2324;6.343;617405;0.003;2.208.253;2052;2420;7.441;724307;0.003;2.139.624;2059;2308;7.473;727472;0.004;2.196.250;2084;2394;9.386;913640;0.004;2.269.015;2106;2728;9.324;907606;0.004;2.168.471;2022;2432;9.356;910758;0.004;2.184.510;2028;2491;8.932;869435;0.006;2.201.073;2029;2574;13.047;1270019;0.005;2.161.299;2036;2421;11.878;1156295;0.002;2.089.062;2021;2304;5.151;501375
81;15DIV_double-sequential-Ifenprodil1_w1Channel-B.tif;0.004;2.131.724;2051;2326;9.110;886797;0.003;2.101.996;2034;2164;5.506;536009;0.004;2.095.111;2036;2177;8.523;829664;0.003;2.243.222;2042;2472;7.374;717831;0.003;2.145.833;2032;2331;6.349;618000;0.003;2.208.750;2052;2380;7.442;724470;0.003;2.139.227;2056;2296;7.472;727337;0.004;2.196.574;2086;2413;9.387;913775;0.004;2.268.950;2106;2697;9.323;907580;0.004;2.169.502;2027;2438;9.361;911191;0.004;2.185.369;2027;2508;8.935;869777;0.006;2.201.341;2028;2600;13.048;1270174;0.005;2.161.088;2030;2382;11.877;1156182;0.002;2.090.604;2022;2289;5.154;501745
82;15DIV_double-sequential-Ifenprodil1_w1Channel-B.tif;0.004;2.132.791;2057;2336;9.114;887241;0.003;2.103.016;2042;2176;5.509;536269;0.004;2.095.922;2044;2176;8.526;829985;0.003;2.243.244;2057;2480;7.374;717838;0.003;2.144.118;2032;2328;6.344;617506;0.003;2.209.680;2039;2400;7.446;724775;0.003;2.140.162;2056;2305;7.475;727655;0.004;2.196.767;2088;2374;9.388;913855;0.004;2.269.728;2107;2708;9.327;907891;0.004;2.170.029;2028;2429;9.363;911412;0.004;2.185.874;2034;2496;8.937;869978;0.006;2.202.061;2033;2601;13.053;1270589;0.005;2.160.022;2026;2386;11.871;1155612;0.002;2.090.146;2022;2306;5.153;501635
83;15DIV_double-sequential-Ifenprodil1_w1Channel-B.tif;0.004;2.130.375;2060;2336;9.104;886236;0.003;2.103.114;2052;2176;5.509;536294;0.004;2.094.634;2040;2173;8.521;829475;0.003;2.243.244;2056;2464;7.374;717838;0.003;2.143.156;2028;2336;6.341;617229;0.003;2.208.311;2051;2384;7.441;724326;0.003;2.139.618;2054;2282;7.473;727470;0.004;2.195.553;2070;2409;9.383;913350;0.004;2.268.337;2104;2672;9.321;907335;0.004;2.168.928;2024;2433;9.358;910950;0.004;2.186.128;2028;2496;8.938;870079;0.006;2.201.473;2033;2570;13.049;1270250;0.005;2.160.953;2028;2420;11.877;1156110;0.002;2.089.046;2029;2296;5.151;501371
84;15DIV_double-sequential-Ifenprodil1_w1Channel-B.tif;0.004;2.131.529;2058;2316;9.109;886716;0.003;2.103.678;2044;2168;5.511;536438;0.004;2.096.288;2043;2181;8.528;830130;0.003;2.242.747;2056;2496;7.373;717679;0.003;2.142.927;2024;2319;6.340;617163;0.003;2.208.195;2056;2369;7.440;724288;0.003;2.139.097;2053;2308;7.471;727293;0.004;2.196.245;2080;2413;9.386;913638;0.004;2.267.415;2104;2710;9.317;906966;0.004;2.168.362;2032;2432;9.356;910712;0.004;2.186.012;2027;2516;8.938;870033;0.006;2.201.087;2029;2602;13.047;1270027;0.005;2.159.447;2033;2409;11.868;1155304;0.002;2.089.833;2028;2299;5.152;501560
85;15DIV_double-sequential-Ifenprodil1_w1Channel-B.tif;0.004;2.133.483;2068;2323;9.117;887529;0.003;2.103.906;2040;2169;5.511;536496;0.004;2.096.682;2038;2178;8.529;830286;0.003;2.243.219;2056;2486;7.374;717830;0.003;2.143.601;2024;2314;6.342;617357;0.003;2.207.723;2044;2413;7.439;724133;0.003;2.138.497;2048;2283;7.469;727089;0.004;2.195.481;2081;2410;9.382;913320;0.004;2.267.052;2102;2694;9.316;906821;0.004;2.167.895;2022;2422;9.354;910516;0.004;2.185.955;2030;2504;8.937;870010;0.006;2.200.861;2027;2596;13.045;1269897;0.005;2.159.925;2025;2404;11.871;1155560;0.002;2.090.217;2026;2276;5.153;501652
86;15DIV_double-sequential-Ifenprodil1_w1Channel-B.tif;0.004;2.132.740;2058;2326;9.114;887220;0.003;2.102.949;2030;2179;5.509;536252;0.004;2.095.194;2042;2177;8.523;829697;0.003;2.240.775;2049;2464;7.366;717048;0.003;2.142.247;2030;2313;6.338;616967;0.003;2.206.131;2048;2369;7.434;723611;0.003;2.138.844;2056;2286;7.470;727207;0.004;2.195.159;2084;2402;9.381;913186;0.004;2.266.770;2107;2730;9.314;906708;0.004;2.167.717;2032;2434;9.353;910441;0.004;2.185.111;2033;2499;8.934;869674;0.006;2.200.380;2032;2588;13.043;1269619;0.005;2.158.910;2022;2380;11.865;1155017;0.002;2.088.225;2021;2296;5.148;501174
87;15DIV_double-sequential-Ifenprodil1_w1Channel-B.tif;0.004;2.131.139;2056;2293;9.107;886554;0.003;2.102.271;2048;2168;5.507;536079;0.004;2.094.783;2052;2176;8.522;829534;0.003;2.240.600;2058;2485;7.366;716992;0.003;2.141.139;2024;2331;6.335;616648;0.003;2.206.765;2049;2403;7.436;723819;0.003;2.138.506;2048;2285;7.469;727092;0.004;2.195.618;2082;2412;9.383;913377;0.004;2.266.698;2112;2720;9.314;906679;0.004;2.167.957;2030;2433;9.354;910542;0.004;2.185.575;2032;2513;8.936;869859;0.006;2.199.920;2032;2579;13.040;1269354;0.005;2.158.622;2034;2388;11.864;1154863;0.002;2.089.221;2029;2297;5.151;501413
88;15DIV_double-sequential-Ifenprodil1_w1Channel-B.tif;0.004;2.130.606;2056;2309;9.105;886332;0.003;2.102.133;2040;2166;5.507;536044;0.004;2.095.495;2042;2176;8.525;829816;0.003;2.240.791;2053;2480;7.366;717053;0.003;2.143.604;2028;2322;6.342;617358;0.003;2.205.134;2052;2378;7.430;723284;0.003;2.138.677;2061;2285;7.470;727150;0.004;2.194.512;2080;2429;9.378;912917;0.004;2.266.005;2096;2701;9.311;906402;0.004;2.167.086;2028;2412;9.350;910176;0.004;2.184.312;2026;2482;8.931;869356;0.006;2.199.889;2032;2570;13.040;1269336;0.005;2.158.045;2028;2378;11.861;1154554;0.002;2.089.867;2021;2296;5.153;501568
89;15DIV_double-sequential-Ifenprodil1_w1Channel-B.tif;0.004;2.130.560;2056;2336;9.105;886313;0.003;2.101.780;2040;2164;5.506;535954;0.004;2.094.106;2035;2182;8.519;829266;0.003;2.240.875;2050;2503;7.366;717080;0.003;2.143.156;2028;2322;6.341;617229;0.003;2.206.335;2050;2384;7.434;723678;0.003;2.138.427;2056;2282;7.469;727065;0.004;2.195.385;2082;2417;9.382;913280;0.004;2.265.353;2112;2717;9.309;906141;0.004;2.166.645;2024;2440;9.348;909991;0.004;2.184.706;2034;2503;8.932;869513;0.006;2.196.825;2029;2572;13.022;1267568;0.005;2.158.811;2028;2376;11.865;1154964;0.002;2.087.413;2024;2294;5.146;500979
90;15DIV_double-sequential-Ifenprodil1_w1Channel-B.tif;0.004;2.130.373;2056;2304;9.104;886235;0.003;2.102.396;2034;2173;5.507;536111;0.004;2.094.755;2048;2179;8.522;829523;0.003;2.241.116;2049;2476;7.367;717157;0.003;2.142.465;2032;2331;6.339;617030;0.003;2.206.573;2048;2386;7.435;723756;0.003;2.138.371;2053;2288;7.469;727046;0.004;2.194.286;2090;2420;9.377;912823;0.004;2.264.230;2096;2728;9.304;905692;0.004;2.165.907;2028;2427;9.345;909681;0.004;2.183.754;2032;2487;8.928;869134;0.006;2.197.489;2030;2605;13.025;1267951;0.005;2.158.063;2028;2400;11.861;1154564;0.002;2.088.288;2020;2296;5.149;501189
91;15DIV_double-sequential-Ifenprodil1_w1Channel-B.tif;0.004;2.130.683;2050;2311;9.105;886364;0.003;2.102.726;2048;2170;5.508;536195;0.004;2.094.803;2041;2178;8.522;829542;0.003;2.240.841;2060;2478;7.366;717069;0.003;2.143.493;2028;2313;6.342;617326;0.003;2.205.869;2042;2372;7.433;723525;0.003;2.138.947;2061;2281;7.471;727242;0.004;2.194.849;2083;2429;9.380;913057;0.004;2.265.140;2100;2737;9.308;906056;0.004;2.165.678;2028;2416;9.344;909585;0.004;2.185.435;2034;2484;8.935;869803;0.006;2.199.003;2026;2582;13.034;1268825;0.005;2.158.325;2020;2404;11.862;1154704;0.002;2.088.946;2022;2280;5.150;501347
92;15DIV_double-sequential-Ifenprodil1_w1Channel-B.tif;0.004;2.129.361;2053;2299;9.100;885814;0.003;2.101.533;2040;2176;5.505;535891;0.004;2.094.404;2033;2195;8.520;829384;0.003;2.238.834;2057;2464;7.360;716427;0.003;2.141.316;2024;2324;6.335;616699;0.003;2.204.518;2043;2368;7.428;723082;0.003;2.138.344;2052;2300;7.469;727037;0.004;2.194.279;2080;2404;9.377;912820;0.004;2.264.883;2108;2727;9.307;905953;0.004;2.165.221;2024;2410;9.342;909393;0.004;2.184.362;2033;2493;8.931;869376;0.006;2.197.553;2030;2588;13.026;1267988;0.005;2.157.222;2026;2421;11.856;1154114;0.002;2.087.479;2023;2277;5.147;500995
93;15DIV_double-sequential-Ifenprodil1_w1Channel-B.tif;0.004;2.128.014;2051;2306;9.094;885254;0.003;2.100.957;2044;2162;5.504;535744;0.004;2.093.656;2037;2169;8.517;829088;0.003;2.238.294;2049;2460;7.358;716254;0.003;2.140.694;2024;2313;6.333;616520;0.003;2.203.982;2048;2387;7.426;722906;0.003;2.138.403;2054;2309;7.469;727057;0.004;2.192.322;2086;2394;9.369;912006;0.004;2.265.512;2090;2720;9.309;906205;0.004;2.165.724;2024;2432;9.344;909604;0.004;2.184.063;2030;2504;8.930;869257;0.006;2.197.853;2028;2562;13.028;1268161;0.005;2.157.912;2027;2390;11.860;1154483;0.002;2.087.342;2021;2281;5.146;500962
94;15DIV_double-sequential-Ifenprodil1_w1Channel-B.tif;0.004;2.128.668;2057;2312;9.097;885526;0.003;2.102.765;2038;2173;5.508;536205;0.004;2.094.801;2034;2187;8.522;829541;0.003;2.238.534;2051;2469;7.359;716331;0.003;2.140.993;2030;2312;6.334;616606;0.003;2.204.186;2052;2364;7.427;722973;0.003;2.139.579;2048;2292;7.473;727457;0.004;2.195.171;2080;2393;9.381;913191;0.004;2.265.985;2096;2707;9.311;906394;0.004;2.165.467;2032;2443;9.343;909496;0.004;2.184.025;2029;2513;8.930;869242;0.006;2.197.858;2029;2560;13.028;1268164;0.005;2.157.179;2032;2377;11.856;1154091;0.002;2.087.925;2024;2259;5.148;501102
95;15DIV_double-sequential-Ifenprodil1_w1Channel-B.tif;0.004;2.127.488;2054;2313;9.092;885035;0.003;2.100.914;2036;2172;5.504;535733;0.004;2.093.164;2042;2170;8.515;828893;0.003;2.239.728;2052;2476;7.363;716713;0.003;2.140.264;2028;2312;6.332;616396;0.003;2.203.899;2048;2368;7.426;722879;0.003;2.137.229;2060;2296;7.465;726658;0.004;2.193.418;2073;2398;9.374;912462;0.004;2.263.265;2107;2704;9.300;905306;0.004;2.164.745;2024;2442;9.340;909193;0.004;2.183.917;2022;2510;8.929;869199;0.006;2.196.792;2024;2561;13.021;1267549;0.005;2.157.015;2028;2413;11.855;1154003;0.002;2.088.275;2028;2308;5.149;501186
96;15DIV_double-sequential-Ifenprodil1_w1Channel-B.tif;0.004;2.128.639;2056;2288;9.097;885514;0.003;2.101.098;2040;2155;5.504;535780;0.004;2.094.985;2046;2182;8.522;829614;0.003;2.239.416;2052;2470;7.362;716613;0.003;2.140.646;2025;2318;6.333;616506;0.003;2.203.143;2040;2376;7.423;722631;0.003;2.137.250;2048;2288;7.465;726665;0.004;2.192.404;2069;2400;9.369;912040;0.004;2.263.940;2102;2702;9.303;905576;0.004;2.165.381;2030;2448;9.343;909460;0.004;2.183.626;2033;2528;8.928;869083;0.006;2.197.088;2022;2556;13.023;1267720;0.005;2.157.051;2033;2405;11.855;1154022;0.002;2.088.042;2017;2284;5.148;501130
97;15DIV_double-sequential-Ifenprodil1_w1Channel-B.tif;0.004;2.130.928;2052;2317;9.107;886466;0.003;2.100.180;2036;2169;5.502;535546;0.004;2.093.177;2041;2190;8.515;828898;0.003;2.237.512;2056;2480;7.355;716004;0.003;2.140.410;2028;2313;6.333;616438;0.003;2.202.994;2056;2373;7.423;722582;0.003;2.138.215;2056;2297;7.468;726993;0.004;2.192.219;2080;2372;9.368;911963;0.004;2.263.502;2108;2708;9.301;905401;0.004;2.164.326;2020;2432;9.338;909017;0.004;2.183.171;2032;2501;8.926;868902;0.006;2.194.981;2024;2567;13.011;1266504;0.005;2.155.781;2027;2395;11.848;1153343;0.002;2.086.762;2027;2286;5.145;500823
98;15DIV_double-sequential-Ifenprodil1_w1Channel-B.tif;0.004;2.129.344;2060;2321;9.100;885807;0.003;2.099.031;2040;2164;5.499;535253;0.004;2.094.210;2043;2179;8.519;829307;0.003;2.238.503;2052;2470;7.359;716321;0.003;2.140.514;2022;2316;6.333;616468;0.003;2.201.454;2048;2360;7.418;722077;0.003;2.136.456;2056;2292;7.462;726395;0.004;2.191.370;2080;2401;9.365;911610;0.004;2.262.255;2107;2722;9.296;904902;0.004;2.163.517;2027;2436;9.335;908677;0.004;2.183.736;2026;2498;8.928;869127;0.006;2.195.743;2028;2560;13.015;1266944;0.005;2.156.796;2030;2408;11.854;1153886;0.002;2.087.033;2020;2266;5.146;500888
99;15DIV_double-sequential-Ifenprodil1_w1Channel-B.tif;0.004;2.128.990;2062;2288;9.098;885660;0.003;2.100.772;2048;2164;5.503;535697;0.004;2.093.821;2048;2176;8.518;829153;0.003;2.239.034;2048;2490;7.360;716491;0.003;2.141.010;2028;2317;6.334;616611;0.003;2.201.290;2048;2391;7.417;722023;0.003;2.137.935;2057;2280;7.467;726898;0.004;2.193.204;2088;2401;9.373;912373;0.004;2.264.728;2100;2724;9.306;905891;0.004;2.166.572;2026;2426;9.348;909960;0.004;2.184.683;2032;2507;8.932;869504;0.006;2.198.939;2032;2577;13.034;1268788;0.005;2.156.630;2025;2373;11.853;1153797;0.002;2.087.908;2025;2285;5.148;501098
100;15DIV_double-sequential-Ifenprodil1_w1Channel-B.tif;0.004;2.129.070;2052;2304;9.099;885693;0.003;2.099.278;2048;2165;5.499;535316;0.004;2.092.376;2038;2180;8.512;828581;0.003;2.237.416;2053;2456;7.355;715973;0.003;2.140.240;2028;2307;6.332;616389;0.003;2.201.674;2048;2386;7.419;722149;0.003;2.138.079;2052;2266;7.468;726947;0.004;2.192.250;2088;2389;9.369;911976;0.004;2.261.913;2105;2705;9.295;904765;0.004;2.165.178;2029;2446;9.342;909375;0.004;2.183.510;2029;2516;8.927;869037;0.006;2.196.539;2028;2569;13.020;1267403;0.005;2.156.615;2026;2426;11.853;1153789;0.002;2.087.404;2024;2285;5.146;500977
101;15DIV_double-sequential-Ifenprodil1_w1Channel-B.tif;0.004;2.128.317;2058;2311;9.095;885380;0.003;2.100.212;2040;2176;5.502;535554;0.004;2.094.194;2044;2176;8.519;829301;0.003;2.237.450;2048;2457;7.355;715984;0.003;2.141.125;2030;2310;6.335;616644;0.003;2.202.055;2044;2364;7.420;722274;0.003;2.137.491;2051;2300;7.466;726747;0.004;2.191.952;2080;2374;9.367;911852;0.004;2.263.212;2112;2713;9.300;905285;0.004;2.164.405;2029;2403;9.339;909050;0.004;2.184.216;2031;2496;8.930;869318;0.006;2.197.262;2032;2577;13.024;1267820;0.005;2.156.523;2030;2384;11.852;1153740;0.002;2.088.542;2028;2272;5.149;501250
102;15DIV_double-sequential-Ifenprodil1_w1Channel-B.tif;0.004;2.126.964;2056;2312;9.090;884817;0.003;2.101.251;2044;2163;5.504;535819;0.004;2.092.303;2042;2168;8.512;828552;0.003;2.235.669;2048;2457;7.349;715414;0.003;2.140.292;2032;2318;6.332;616404;0.003;2.200.256;2049;2371;7.414;721684;0.003;2.138.041;2056;2272;7.468;726934;0.004;2.191.219;2081;2400;9.364;911547;0.004;2.262.460;2099;2707;9.297;904984;0.004;2.163.159;2032;2428;9.333;908527;0.004;2.185.161;2032;2480;8.934;869694;0.006;2.195.260;2019;2600;13.012;1266665;0.005;2.158.480;2033;2404;11.863;1154787;0.002;2.087.950;2021;2304;5.148;501108
103;15DIV_double-sequential-Ifenprodil1_w1Channel-B.tif;0.004;2.128.349;2058;2327;9.096;885393;0.003;2.099.545;2028;2166;5.500;535384;0.004;2.092.462;2040;2180;8.512;828615;0.003;2.236.928;2048;2466;7.353;715817;0.003;2.139.375;2028;2320;6.330;616140;0.003;2.201.033;2050;2388;7.416;721939;0.003;2.136.576;2048;2284;7.463;726436;0.004;2.189.716;2080;2412;9.358;910922;0.004;2.261.728;2108;2714;9.294;904691;0.004;2.165.341;2030;2423;9.343;909443;0.004;2.184.867;2032;2529;8.933;869577;0.006;2.196.492;2032;2566;13.020;1267376;0.005;2.156.245;2032;2376;11.851;1153591;0.002;2.088.721;2013;2278;5.150;501293
104;15DIV_double-sequential-Ifenprodil1_w1Channel-B.tif;0.004;2.128.392;2048;2311;9.096;885411;0.003;2.099.902;2038;2166;5.501;535475;0.004;2.092.669;2034;2176;8.513;828697;0.003;2.234.994;2050;2480;7.347;715198;0.003;2.139.451;2028;2306;6.330;616162;0.003;2.199.963;2049;2380;7.413;721588;0.003;2.137.418;2051;2296;7.466;726722;0.004;2.190.880;2080;2412;9.363;911406;0.004;2.262.163;2108;2708;9.296;904865;0.004;2.164.343;2030;2427;9.338;909024;0.004;2.184.530;2032;2490;8.932;869443;0.006;2.195.691;2032;2564;13.015;1266914;0.005;2.157.230;2038;2406;11.856;1154118;0.002;2.088.812;2027;2258;5.150;501315
105;15DIV_double-sequential-Ifenprodil1_w1Channel-B.tif;0.004;2.129.899;2058;2307;9.102;886038;0.003;2.099.706;2039;2165;5.500;535425;0.004;2.092.404;2037;2184;8.512;828592;0.003;2.234.962;2039;2476;7.347;715188;0.003;2.139.080;2034;2314;6.329;616055;0.003;2.201.537;2050;2354;7.418;722104;0.003;2.137.112;2046;2298;7.464;726618;0.004;2.189.676;2080;2390;9.358;910905;0.004;2.261.535;2112;2678;9.293;904614;0.004;2.164.933;2032;2414;9.341;909272;0.004;2.185.756;2032;2501;8.937;869931;0.006;2.195.775;2028;2547;13.015;1266962;0.005;2.156.486;2034;2372;11.852;1153720;0.002;2.088.512;2032;2264;5.149;501243
106;15DIV_double-sequential-Ifenprodil1_w1Channel-B.tif;0.004;2.128.904;2049;2313;9.098;885624;0.003;2.100.647;2044;2169;5.503;535665;0.004;2.093.568;2036;2178;8.517;829053;0.003;2.233.297;2057;2459;7.342;714655;0.003;2.139.507;2029;2308;6.330;616178;0.003;2.201.579;2050;2371;7.418;722118;0.003;2.135.429;2048;2280;7.459;726046;0.004;2.190.507;2080;2404;9.361;911251;0.004;2.260.692;2096;2712;9.289;904277;0.004;2.163.898;2027;2440;9.336;908837;0.004;2.184.251;2025;2499;8.931;869332;0.006;2.194.910;2025;2576;13.010;1266463;0.005;2.154.989;2033;2381;11.844;1152919;0.002;2.086.717;2020;2291;5.145;500812
107;15DIV_double-sequential-Ifenprodil1_w1Channel-B.tif;0.004;2.127.555;2048;2307;9.092;885063;0.003;2.100.502;2035;2168;5.502;535628;0.004;2.093.624;2042;2172;8.517;829075;0.003;2.233.981;2044;2458;7.344;714874;0.003;2.138.486;2019;2318;6.327;615884;0.003;2.199.973;2037;2361;7.413;721591;0.003;2.137.647;2056;2285;7.466;726800;0.004;2.190.707;2080;2406;9.362;911334;0.004;2.261.210;2106;2697;9.292;904484;0.004;2.164.279;2028;2441;9.338;908997;0.004;2.185.676;2028;2512;8.936;869899;0.006;2.196.702;2032;2573;13.021;1267497;0.005;2.155.830;2021;2391;11.848;1153369;0.002;2.087.767;2023;2278;5.147;501064
108;15DIV_double-sequential-Ifenprodil1_w1Channel-B.tif;0.004;2.126.899;2049;2291;9.089;884790;0.003;2.098.969;2044;2162;5.498;535237;0.004;2.092.073;2045;2168;8.511;828461;0.003;2.231.400;2048;2444;7.335;714048;0.003;2.137.885;2026;2318;6.325;615711;0.003;2.201.098;2044;2368;7.417;721960;0.003;2.135.706;2056;2284;7.460;726140;0.004;2.191.620;2085;2376;9.366;911714;0.004;2.259.802;2108;2708;9.286;903921;0.004;2.162.386;2018;2412;9.330;908202;0.004;2.185.254;2028;2493;8.935;869731;0.006;2.196.222;2025;2550;13.018;1267220;0.005;2.156.047;2030;2395;11.850;1153485;0.002;2.088.558;2021;2280;5.149;501254
109;15DIV_double-sequential-Ifenprodil1_w1Channel-B.tif;0.004;2.126.452;2056;2299;9.087;884604;0.003;2.099.882;2038;2162;5.501;535470;0.004;2.092.331;2040;2181;8.512;828563;0.003;2.232.256;2051;2459;7.338;714322;0.003;2.138.434;2032;2324;6.327;615869;0.003;2.200.180;2048;2370;7.413;721659;0.003;2.137.191;2052;2278;7.465;726645;0.004;2.190.981;2084;2388;9.363;911448;0.004;2.260.897;2098;2711;9.290;904359;0.004;2.163.543;2021;2416;9.335;908688;0.004;2.184.465;2032;2485;8.931;869417;0.006;2.195.770;2025;2560;13.015;1266959;0.005;2.155.264;2028;2378;11.845;1153066;0.002;2.087.346;2025;2288;5.146;500963
110;15DIV_double-sequential-Ifenprodil1_w1Channel-B.tif;0.004;2.125.877;2052;2300;9.085;884365;0.003;2.097.228;2042;2167;5.494;534793;0.004;2.090.970;2044;2179;8.506;828024;0.003;2.229.741;2048;2452;7.330;713517;0.003;2.135.799;2032;2308;6.319;615110;0.003;2.198.296;2049;2349;7.407;721041;0.003;2.136.521;2052;2273;7.462;726417;0.004;2.190.267;2082;2400;9.360;911151;0.004;2.260.873;2104;2689;9.290;904349;0.004;2.162.850;2029;2435;9.332;908397;0.004;2.183.347;2028;2486;8.927;868972;0.006;2.195.508;2028;2582;13.014;1266808;0.005;2.154.071;2030;2370;11.839;1152428;0.002;2.088.725;2027;2284;5.150;501294
111;15DIV_double-sequential-Ifenprodil1_w1Channel-B.tif;0.004;2.128.317;2050;2323;9.095;885380;0.003;2.098.573;2042;2166;5.497;535136;0.004;2.092.965;2032;2169;8.514;828814;0.003;2.229.637;2056;2450;7.330;713484;0.003;2.139.823;2028;2314;6.331;616269;0.003;2.200.232;2049;2369;7.414;721676;0.003;2.135.385;2043;2291;7.458;726031;0.004;2.191.524;2080;2402;9.365;911674;0.004;2.261.083;2098;2708;9.291;904433;0.004;2.162.483;2028;2425;9.330;908243;0.004;2.183.377;2030;2508;8.927;868984;0.006;2.193.967;2029;2563;13.005;1265919;0.005;2.154.994;2026;2384;11.844;1152922;0.002;2.086.337;2017;2278;5.144;500721
112;15DIV_double-sequential-Ifenprodil1_w1Channel-B.tif;0.004;2.127.120;2052;2318;9.090;884882;0.003;2.098.988;2040;2168;5.498;535242;0.004;2.090.730;2044;2176;8.505;827929;0.003;2.230.747;2052;2480;7.333;713839;0.003;2.137.302;2029;2306;6.323;615543;0.003;2.199.256;2050;2358;7.410;721356;0.003;2.135.818;2058;2285;7.460;726178;0.004;2.192.226;2083;2404;9.368;911966;0.004;2.260.480;2096;2709;9.289;904192;0.004;2.162.338;2026;2418;9.330;908182;0.004;2.183.573;2028;2492;8.928;869062;0.006;2.193.983;2028;2558;13.005;1265928;0.005;2.153.520;2018;2371;11.836;1152133;0.002;2.086.108;2020;2263;5.143;500666
113;15DIV_double-sequential-Ifenprodil1_w1Channel-B.tif;0.004;2.125.623;2057;2320;9.084;884259;0.003;2.097.839;2038;2163;5.495;534949;0.004;2.090.129;2039;2164;8.503;827691;0.003;2.228.978;2054;2448;7.327;713273;0.003;2.137.438;2029;2313;6.324;615582;0.003;2.198.140;2040;2361;7.407;720990;0.003;2.134.506;2052;2296;7.455;725732;0.004;2.189.637;2081;2410;9.357;910889;0.004;2.259.333;2084;2692;9.284;903733;0.004;2.161.510;2020;2428;9.326;907834;0.004;2.183.068;2030;2506;8.926;868861;0.006;2.193.780;2024;2556;13.003;1265811;0.005;2.153.404;2024;2370;11.835;1152071;0.002;2.086.404;2028;2254;5.144;500737
114;15DIV_double-sequential-Ifenprodil1_w1Channel-B.tif;0.004;2.127.776;2056;2325;9.093;885155;0.003;2.099.702;2041;2178;5.500;535424;0.004;2.092.078;2043;2168;8.511;828463;0.003;2.230.006;2050;2464;7.331;713602;0.003;2.137.670;2024;2300;6.324;615649;0.003;2.199.402;2040;2368;7.411;721404;0.003;2.135.382;2050;2277;7.458;726030;0.004;2.189.435;2080;2400;9.357;910805;0.004;2.259.262;2102;2668;9.284;903705;0.004;2.162.126;2024;2408;9.329;908093;0.004;2.183.802;2032;2518;8.929;869153;0.006;2.193.818;2024;2578;13.004;1265833;0.005;2.153.766;2028;2369;11.837;1152265;0.002;2.087.783;2032;2282;5.147;501068
115;15DIV_double-sequential-Ifenprodil1_w1Channel-B.tif;0.004;2.128.560;2048;2304;9.096;885481;0.003;2.099.161;2034;2169;5.499;535286;0.004;2.091.540;2042;2184;8.508;828250;0.003;2.228.053;2048;2470;7.324;712977;0.003;2.137.875;2030;2322;6.325;615708;0.003;2.196.817;2048;2384;7.402;720556;0.003;2.135.988;2050;2291;7.461;726236;0.004;2.191.998;2080;2400;9.368;911871;0.004;2.260.423;2104;2698;9.288;904169;0.004;2.162.269;2029;2416;9.329;908153;0.004;2.183.636;2032;2512;8.928;869087;0.006;2.194.076;2029;2583;13.005;1265982;0.005;2.154.080;2030;2380;11.839;1152433;0.002;2.086.500;2021;2276;5.144;500760
116;15DIV_double-sequential-Ifenprodil1_w1Channel-B.tif;0.004;2.128.426;2048;2305;9.096;885425;0.003;2.099.071;2038;2176;5.499;535263;0.004;2.092.818;2043;2176;8.514;828756;0.003;2.229.094;2048;2455;7.328;713310;0.003;2.136.792;2024;2308;6.322;615396;0.003;2.199.896;2050;2363;7.413;721566;0.003;2.136.188;2058;2296;7.461;726304;0.004;2.190.070;2074;2414;9.359;911069;0.004;2.259.270;2110;2716;9.284;903708;0.004;2.160.412;2024;2402;9.321;907373;0.004;2.184.563;2032;2513;8.932;869456;0.006;2.193.568;2030;2590;13.002;1265689;0.005;2.153.994;2034;2378;11.838;1152387;0.002;2.087.804;2022;2257;5.147;501073
117;15DIV_double-sequential-Ifenprodil1_w1Channel-B.tif;0.004;2.126.250;2053;2304;9.087;884520;0.003;2.098.784;2032;2168;5.498;535190;0.004;2.091.293;2040;2176;8.507;828152;0.003;2.228.266;2056;2464;7.325;713045;0.003;2.137.056;2020;2301;6.323;615472;0.003;2.197.646;2048;2362;7.405;720828;0.003;2.135.603;2056;2272;7.459;726105;0.004;2.188.339;2081;2384;9.352;910349;0.004;2.258.420;2104;2692;9.280;903368;0.004;2.160.095;2026;2379;9.320;907240;0.004;2.183.156;2032;2516;8.926;868896;0.006;2.193.272;2030;2584;13.000;1265518;0.005;2.153.106;2032;2408;11.833;1151912;0.002;2.085.104;2025;2262;5.141;500425
118;15DIV_double-sequential-Ifenprodil1_w1Channel-B.tif;0.004;2.125.844;2044;2313;9.085;884351;0.003;2.097.529;2044;2160;5.495;534870;0.004;2.091.285;2036;2170;8.507;828149;0.003;2.227.041;2048;2464;7.321;712653;0.003;2.135.333;2027;2320;6.318;614976;0.003;2.196.485;2051;2377;7.401;720447;0.003;2.135.709;2061;2288;7.460;726141;0.004;2.186.990;2088;2363;9.346;909788;0.004;2.258.143;2094;2695;9.279;903257;0.004;2.160.867;2026;2436;9.323;907564;0.004;2.182.128;2028;2500;8.922;868487;0.006;2.192.043;2026;2555;12.993;1264809;0.005;2.152.116;2032;2418;11.828;1151382;0.002;2.086.658;2022;2285;5.145;500798
119;15DIV_double-sequential-Ifenprodil1_w1Channel-B.tif;0.004;2.125.305;2056;2294;9.083;884127;0.003;2.098.431;2043;2171;5.497;535100;0.004;2.090.838;2036;2164;8.506;827972;0.003;2.226.484;2036;2469;7.319;712475;0.003;2.135.264;2024;2304;6.317;614956;0.003;2.196.549;2048;2376;7.401;720468;0.003;2.135.162;2053;2284;7.458;725955;0.004;2.187.375;2081;2390;9.348;909948;0.004;2.257.133;2099;2712;9.275;902853;0.004;2.159.317;2021;2396;9.317;906913;0.004;2.183.786;2032;2500;8.929;869147;0.006;2.191.931;2025;2566;12.993;1264744;0.005;2.152.804;2029;2392;11.832;1151750;0.002;2.086.154;2024;2281;5.143;500677
120;15DIV_double-sequential-Ifenprodil1_w1Channel-B.tif;0.004;2.129.250;2057;2291;9.099;885768;0.003;2.096.745;2036;2176;5.493;534670;0.004;2.091.848;2040;2168;8.510;828372;0.003;2.226.659;2048;2440;7.320;712531;0.003;2.135.590;2026;2316;6.318;615050;0.003;2.196.893;2050;2360;7.402;720581;0.003;2.135.406;2053;2296;7.458;726038;0.004;2.189.298;2084;2427;9.356;910748;0.004;2.257.920;2104;2688;9.278;903168;0.004;2.159.864;2026;2422;9.319;907143;0.004;2.182.920;2029;2522;8.925;868802;0.006;2.192.516;2027;2560;12.996;1265082;0.005;2.152.764;2020;2392;11.832;1151729;0.002;2.086.979;2028;2274;5.145;500875
121;15DIV_double-sequential-Ifenprodil1_w1Channel-B.tif;0.004;2.127.666;2059;2293;9.093;885109;0.003;2.098.447;2040;2164;5.497;535104;0.004;2.091.914;2040;2165;8.510;828398;0.003;2.226.091;2048;2480;7.318;712349;0.003;2.135.597;2023;2314;6.318;615052;0.003;2.195.686;2042;2374;7.398;720185;0.003;2.134.715;2050;2300;7.456;725803;0.004;2.187.457;2083;2385;9.348;909982;0.004;2.256.425;2102;2712;9.272;902570;0.004;2.159.436;2025;2387;9.317;906963;0.004;2.184.166;2030;2498;8.930;869298;0.006;2.192.373;2028;2562;12.995;1264999;0.005;2.152.697;2024;2382;11.831;1151693;0.002;2.086.275;2024;2276;5.144;500706
122;15DIV_double-sequential-Ifenprodil1_w1Channel-B.tif;0.004;2.125.058;2060;2305;9.081;884024;0.003;2.098.255;2036;2166;5.497;535055;0.004;2.089.604;2036;2172;8.501;827483;0.003;2.223.038;2056;2461;7.308;711372;0.003;2.135.503;2024;2294;6.318;615025;0.003;2.194.658;2043;2371;7.395;719848;0.003;2.134.321;2052;2284;7.455;725669;0.004;2.186.586;2084;2384;9.344;909620;0.004;2.256.865;2105;2716;9.274;902746;0.004;2.157.081;2027;2400;9.307;905974;0.004;2.181.975;2027;2510;8.921;868426;0.006;2.190.605;2028;2564;12.985;1263979;0.005;2.151.389;2032;2376;11.824;1150993;0.002;2.085.508;2028;2288;5.142;500522
123;15DIV_double-sequential-Ifenprodil1_w1Channel-B.tif;0.004;2.124.082;2056;2296;9.077;883618;0.003;2.098.310;2040;2176;5.497;535069;0.004;2.089.811;2044;2173;8.501;827565;0.003;2.224.387;2053;2453;7.312;711804;0.003;2.135.222;2020;2310;6.317;614944;0.003;2.194.854;2044;2373;7.396;719912;0.003;2.134.332;2050;2274;7.455;725673;0.004;2.186.918;2080;2376;9.346;909758;0.004;2.255.390;2105;2667;9.268;902156;0.004;2.158.050;2025;2434;9.311;906381;0.004;2.182.925;2033;2499;8.925;868804;0.006;2.190.882;2028;2534;12.986;1264139;0.005;2.152.159;2029;2376;11.828;1151405;0.002;2.086.050;2016;2280;5.143;500652
124;15DIV_double-sequential-Ifenprodil1_w1Channel-B.tif;0.004;2.124.517;2057;2305;9.079;883799;0.003;2.096.867;2036;2176;5.493;534701;0.004;2.091.444;2036;2176;8.508;828212;0.003;2.223.094;2048;2456;7.308;711390;0.003;2.134.531;2026;2320;6.315;614745;0.003;2.195.003;2043;2355;7.396;719961;0.003;2.133.844;2056;2299;7.453;725507;0.004;2.185.524;2080;2392;9.340;909178;0.004;2.254.535;2096;2710;9.264;901814;0.004;2.157.483;2019;2417;9.309;906143;0.004;2.183.839;2025;2512;8.929;869168;0.006;2.190.605;2030;2544;12.985;1263979;0.005;2.150.935;2028;2378;11.821;1150750;0.002;2.085.921;2026;2257;5.143;500621
125;15DIV_double-sequential-Ifenprodil1_w1Channel-B.tif;0.004;2.127.548;2057;2320;9.092;885060;0.003;2.097.502;2044;2157;5.495;534863;0.004;2.090.482;2039;2177;8.504;827831;0.003;2.223.359;2045;2448;7.309;711475;0.003;2.133.997;2028;2308;6.314;614591;0.003;2.195.335;2048;2349;7.397;720070;0.003;2.135.544;2048;2272;7.459;726085;0.004;2.188.031;2082;2377;9.351;910221;0.004;2.256.393;2096;2720;9.272;902557;0.004;2.158.560;2025;2419;9.313;906595;0.004;2.183.691;2029;2507;8.928;869109;0.006;2.190.603;2020;2564;12.985;1263978;0.005;2.152.591;2028;2389;11.831;1151636;0.002;2.085.858;2018;2282;5.143;500606
126;15DIV_double-sequential-Ifenprodil1_w1Channel-B.tif;0.004;2.126.767;2052;2315;9.089;884735;0.003;2.096.980;2036;2160;5.493;534730;0.004;2.090.063;2040;2168;8.502;827665;0.003;2.222.266;2050;2438;7.305;711125;0.003;2.135.413;2030;2318;6.318;614999;0.003;2.194.308;2043;2355;7.394;719733;0.003;2.132.618;2049;2272;7.449;725090;0.004;2.185.938;2080;2370;9.342;909350;0.004;2.255.585;2112;2701;9.269;902234;0.004;2.157.379;2028;2410;9.308;906099;0.004;2.183.397;2028;2492;8.927;868992;0.006;2.190.792;2026;2574;12.986;1264087;0.005;2.151.084;2020;2374;11.822;1150830;0.002;2.085.688;2025;2280;5.142;500565
127;15DIV_double-sequential-Ifenprodil1_w1Channel-B.tif;0.004;2.125.844;2052;2296;9.085;884351;0.003;2.096.157;2034;2155;5.491;534520;0.004;2.089.896;2032;2171;8.502;827599;0.003;2.221.781;2048;2459;7.304;710970;0.003;2.134.951;2030;2308;6.316;614866;0.003;2.194.436;2056;2378;7.394;719775;0.003;2.134.179;2049;2296;7.454;725621;0.004;2.188.623;2080;2396;9.353;910467;0.004;2.254.885;2102;2688;9.266;901954;0.004;2.156.126;2028;2404;9.303;905573;0.004;2.181.583;2028;2484;8.920;868270;0.006;2.189.754;2030;2560;12.980;1263488;0.005;2.151.851;2024;2394;11.827;1151240;0.002;2.085.425;2029;2275;5.142;500502
128;15DIV_double-sequential-Ifenprodil1_w1Channel-B.tif;0.004;2.125.998;2054;2280;9.085;884415;0.003;2.096.067;2042;2160;5.491;534497;0.004;2.088.962;2040;2168;8.498;827229;0.003;2.220.234;2048;2436;7.299;710475;0.003;2.134.635;2018;2294;6.315;614775;0.003;2.195.067;2053;2368;7.396;719982;0.003;2.133.988;2052;2284;7.454;725556;0.004;2.185.151;2080;2380;9.338;909023;0.004;2.254.417;2109;2716;9.264;901767;0.004;2.156.379;2024;2410;9.304;905679;0.004;2.182.505;2016;2497;8.923;868637;0.006;2.187.785;2028;2561;12.968;1262352;0.005;2.151.780;2032;2376;11.826;1151202;0.002;2.084.837;2028;2280;5.140;500361
129;15DIV_double-sequential-Ifenprodil1_w1Channel-B.tif;0.004;2.126.695;2052;2264;9.088;884705;0.003;2.097.843;2042;2191;5.495;534950;0.004;2.090.937;2040;2177;8.506;828011;0.003;2.224.113;2044;2473;7.311;711716;0.003;2.142.649;2037;2326;6.339;617083;0.003;2.192.317;2048;2324;7.387;719080;0.003;2.130.668;2052;2240;7.442;724427;0.004;2.186.793;2088;2376;9.345;909706;0.004;2.259.823;2112;2676;9.286;903929;0.004;2.159.448;2026;2393;9.317;906968;0.004;2.181.063;2030;2485;8.917;868063;0.006;2.179.679;2021;2564;12.920;1257675;0.005;2.148.635;2024;2347;11.809;1149520;0.002;2.074.663;2024;2247;5.115;497919
130;15DIV_double-sequential-Ifenprodil1_w1Channel-B.tif;0.004;2.129.257;2056;2290;9.099;885771;0.003;2.097.012;2040;2172;5.493;534738;0.004;2.090.101;2041;2177;8.503;827680;0.003;2.222.447;2050;2452;7.306;711183;0.003;2.138.767;2031;2313;6.328;615965;0.003;2.194.402;2040;2357;7.394;719764;0.003;2.133.191;2058;2268;7.451;725285;0.004;2.187.894;2088;2372;9.350;910164;0.004;2.258.177;2120;2672;9.279;903271;0.004;2.159.183;2026;2377;9.316;906857;0.004;2.182.430;2030;2508;8.923;868607;0.006;2.185.321;2029;2552;12.953;1260930;0.005;2.149.824;2024;2357;11.815;1150156;0.002;2.080.087;2028;2230;5.128;499221
131;15DIV_double-sequential-Ifenprodil1_w1Channel-B.tif;0.004;2.128.255;2043;2297;9.095;885354;0.003;2.096.576;2042;2169;5.492;534627;0.004;2.089.298;2032;2163;8.499;827362;0.003;2.221.181;2050;2480;7.302;710778;0.003;2.137.899;2029;2299;6.325;615715;0.003;2.193.793;2052;2373;7.392;719564;0.003;2.132.688;2049;2285;7.449;725114;0.004;2.186.714;2080;2412;9.345;909673;0.004;2.257.615;2107;2660;9.277;903046;0.004;2.156.698;2032;2406;9.305;905813;0.004;2.182.935;2033;2496;8.925;868808;0.006;2.185.639;2030;2555;12.955;1261114;0.005;2.149.473;2024;2385;11.813;1149968;0.002;2.081.525;2020;2256;5.132;499566
132;15DIV_double-sequential-Ifenprodil1_w1Channel-B.tif;0.004;2.126.623;2051;2268;9.088;884675;0.003;2.096.231;2040;2176;5.491;534539;0.004;2.089.540;2034;2170;8.500;827458;0.003;2.222.509;2050;2458;7.306;711203;0.003;2.137.208;2030;2320;6.323;615516;0.003;2.193.412;2048;2361;7.391;719439;0.003;2.131.585;2059;2280;7.445;724739;0.004;2.186.255;2080;2388;9.343;909482;0.004;2.254.555;2105;2690;9.264;901822;0.004;2.156.305;2026;2403;9.304;905648;0.004;2.181.317;2030;2498;8.919;868164;0.006;2.183.666;2022;2536;12.944;1259975;0.005;2.148.772;2024;2400;11.810;1149593;0.002;2.080.087;2022;2248;5.128;499221
133;15DIV_double-sequential-Ifenprodil1_w1Channel-B.tif;0.004;2.124.974;2046;2326;9.081;883989;0.003;2.096.074;2037;2172;5.491;534499;0.004;2.089.015;2032;2157;8.498;827250;0.003;2.221.316;2053;2476;7.302;710821;0.003;2.137.656;2030;2312;6.324;615645;0.003;2.192.921;2050;2369;7.389;719278;0.003;2.132.353;2058;2288;7.448;725000;0.004;2.185.584;2085;2400;9.340;909203;0.004;2.256.238;2109;2681;9.271;902495;0.004;2.156.362;2028;2398;9.304;905672;0.004;2.181.387;2028;2496;8.919;868192;0.006;2.183.492;2016;2587;12.943;1259875;0.005;2.150.032;2024;2376;11.817;1150267;0.002;2.081.417;2028;2243;5.132;499540
134;15DIV_double-sequential-Ifenprodil1_w1Channel-B.tif;0.004;2.124.714;2048;2281;9.080;883881;0.003;2.097.329;2048;2157;5.494;534819;0.004;2.090.043;2040;2168;8.502;827657;0.003;2.219.062;2048;2449;7.295;710100;0.003;2.138.323;2031;2315;6.326;615837;0.003;2.192.969;2050;2368;7.389;719294;0.003;2.133.165;2053;2286;7.451;725276;0.004;2.188.356;2081;2372;9.352;910356;0.004;2.256.680;2101;2672;9.273;902672;0.004;2.155.031;2024;2417;9.298;905113;0.004;2.181.920;2028;2498;8.921;868404;0.006;2.183.047;2024;2560;12.940;1259618;0.005;2.149.781;2028;2412;11.815;1150133;0.002;2.080.079;2024;2250;5.128;499219
135;15DIV_double-sequential-Ifenprodil1_w1Channel-B.tif;0.004;2.125.276;2056;2289;9.082;884115;0.003;2.095.682;2040;2172;5.490;534399;0.004;2.088.790;2035;2160;8.497;827161;0.003;2.220.913;2037;2473;7.301;710692;0.003;2.138.076;2022;2307;6.326;615766;0.003;2.193.223;2048;2365;7.390;719377;0.003;2.131.262;2056;2284;7.444;724629;0.004;2.187.329;2083;2386;9.348;909929;0.004;2.257.005;2112;2681;9.274;902802;0.004;2.157.541;2026;2394;9.309;906167;0.004;2.183.447;2021;2498;8.927;869012;0.006;2.184.506;2029;2565;12.949;1260460;0.005;2.151.378;2028;2363;11.824;1150987;0.002;2.081.392;2024;2252;5.132;499534
136;15DIV_double-sequential-Ifenprodil1_w1Channel-B.tif;0.004;2.128.430;2049;2296;9.096;885427;0.003;2.097.655;2040;2166;5.495;534902;0.004;2.089.399;2036;2158;8.500;827402;0.003;2.221.581;2052;2464;7.303;710906;0.003;2.138.858;2029;2333;6.328;615991;0.003;2.193.588;2049;2358;7.391;719497;0.003;2.131.977;2059;2286;7.446;724872;0.004;2.186.959;2082;2416;9.346;909775;0.004;2.257.532;2105;2682;9.277;903013;0.004;2.156.659;2027;2394;9.305;905797;0.004;2.182.462;2034;2498;8.923;868620;0.006;2.184.659;2032;2545;12.949;1260548;0.005;2.150.142;2022;2384;11.817;1150326;0.002;2.081.104;2024;2252;5.131;499465
137;15DIV_double-sequential-Ifenprodil1_w1Channel-B.tif;0.004;2.127.752;2052;2280;9.093;885145;0.003;2.097.565;2032;2164;5.495;534879;0.004;2.088.674;2044;2165;8.497;827115;0.003;2.219.294;2050;2478;7.296;710174;0.003;2.138.076;2030;2297;6.326;615766;0.003;2.193.796;2044;2364;7.392;719565;0.003;2.131.982;2053;2300;7.447;724874;0.004;2.185.281;2084;2389;9.339;909077;0.004;2.255.347;2108;2691;9.268;902139;0.004;2.156.833;2024;2378;9.306;905870;0.004;2.182.905;2028;2498;8.925;868796;0.006;2.184.626;2027;2554;12.949;1260529;0.005;2.149.916;2034;2368;11.816;1150205;0.002;2.081.996;2028;2259;5.133;499679
138;15DIV_double-sequential-Ifenprodil1_w1Channel-B.tif;0.004;2.126.637;2056;2288;9.088;884681;0.003;2.097.137;2041;2164;5.494;534770;0.004;2.090.018;2038;2161;8.502;827647;0.003;2.219.663;2057;2464;7.297;710292;0.003;2.137.903;2028;2310;6.325;615716;0.003;2.191.805;2044;2359;7.385;718912;0.003;2.132.768;2050;2288;7.449;725141;0.004;2.185.671;2075;2404;9.340;909239;0.004;2.256.075;2108;2692;9.271;902430;0.004;2.156.712;2024;2386;9.305;905819;0.004;2.182.932;2030;2490;8.925;868807;0.006;2.184.463;2024;2539;12.948;1260435;0.005;2.150.323;2020;2364;11.818;1150423;0.002;2.081.913;2022;2252;5.133;499659
139;15DIV_double-sequential-Ifenprodil1_w1Channel-B.tif;0.004;2.126.082;2057;2310;9.086;884450;0.003;2.096.122;2041;2168;5.491;534511;0.004;2.089.634;2032;2158;8.501;827495;0.003;2.218.247;2054;2460;7.292;709839;0.003;2.137.431;2032;2308;6.324;615580;0.003;2.191.146;2045;2336;7.383;718696;0.003;2.132.303;2055;2298;7.448;724983;0.004;2.184.591;2088;2403;9.336;908790;0.004;2.254.945;2094;2696;9.266;901978;0.004;2.155.005;2018;2394;9.298;905102;0.004;2.182.711;2029;2498;8.924;868719;0.006;2.183.496;2027;2555;12.943;1259877;0.005;2.149.135;2023;2369;11.812;1149787;0.002;2.081.067;2026;2241;5.131;499456
140;15DIV_double-sequential-Ifenprodil1_w1Channel-B.tif;0.004;2.125.214;2048;2280;9.082;884089;0.003;2.095.937;2040;2160;5.490;534464;0.004;2.088.886;2036;2162;8.498;827199;0.003;2.217.231;2050;2484;7.289;709514;0.003;2.135.976;2034;2304;6.319;615161;0.003;2.190.457;2038;2341;7.381;718470;0.003;2.131.482;2055;2277;7.445;724704;0.004;2.185.488;2081;2396;9.340;909163;0.004;2.255.055;2107;2680;9.266;902022;0.004;2.156.260;2027;2410;9.303;905629;0.004;2.182.528;2032;2503;8.923;868646;0.006;2.183.359;2026;2556;12.942;1259798;0.005;2.149.146;2027;2384;11.812;1149793;0.002;2.080.938;2028;2268;5.131;499425
141;15DIV_double-sequential-Ifenprodil1_w1Channel-B.tif;0.004;2.128.368;2041;2296;9.096;885401;0.003;2.096.678;2042;2166;5.492;534653;0.004;2.090.543;2040;2154;8.504;827855;0.003;2.218.725;2056;2453;7.294;709992;0.003;2.137.976;2032;2309;6.325;615737;0.003;2.190.890;2040;2352;7.382;718612;0.003;2.131.059;2053;2300;7.443;724560;0.004;2.185.625;2081;2400;9.340;909220;0.004;2.254.567;2108;2671;9.264;901827;0.004;2.155.881;2028;2414;9.302;905470;0.004;2.183.719;2024;2512;8.928;869120;0.006;2.184.069;2026;2536;12.946;1260208;0.005;2.148.789;2024;2374;11.810;1149602;0.002;2.081.446;2008;2250;5.132;499547
142;15DIV_double-sequential-Ifenprodil1_w1Channel-B.tif;0.004;2.125.988;2053;2285;9.085;884411;0.003;2.095.851;2035;2169;5.490;534442;0.004;2.089.598;2042;2166;8.501;827481;0.003;2.217.616;2052;2477;7.290;709637;0.003;2.136.733;2030;2296;6.322;615379;0.003;2.189.817;2042;2361;7.379;718260;0.003;2.131.482;2054;2267;7.445;724704;0.004;2.186.062;2074;2382;9.342;909402;0.004;2.254.913;2101;2664;9.266;901965;0.004;2.155.898;2030;2408;9.302;905477;0.004;2.182.309;2029;2508;8.923;868559;0.006;2.184.236;2031;2542;12.947;1260304;0.005;2.149.849;2029;2377;11.816;1150169;0.002;2.080.583;2028;2272;5.130;499340
143;15DIV_double-sequential-Ifenprodil1_w1Channel-B.tif;0.004;2.125.873;2049;2284;9.085;884363;0.003;2.095.475;2038;2164;5.489;534346;0.004;2.089.270;2034;2165;8.499;827351;0.003;2.215.363;2054;2433;7.283;708916;0.003;2.136.549;2024;2300;6.321;615326;0.003;2.189.906;2044;2352;7.379;718289;0.003;2.131.265;2058;2288;7.444;724630;0.004;2.184.981;2088;2381;9.338;908952;0.004;2.253.890;2108;2709;9.262;901556;0.004;2.154.841;2031;2426;9.297;905033;0.004;2.183.329;2033;2514;8.927;868965;0.006;2.184.814;2030;2568;12.950;1260638;0.005;2.148.869;2020;2369;11.810;1149645;0.002;2.082.142;2022;2261;5.133;499714
144;15DIV_double-sequential-Ifenprodil1_w1Channel-B.tif;0.004;2.124.279;2053;2281;9.078;883700;0.003;2.094.863;2034;2160;5.488;534190;0.004;2.089.344;2032;2164;8.500;827380;0.003;2.215.869;2046;2453;7.284;709078;0.003;2.136.969;2027;2296;6.322;615447;0.003;2.191.573;2042;2386;7.384;718836;0.003;2.130.053;2061;2274;7.440;724218;0.004;2.184.534;2074;2368;9.336;908766;0.004;2.252.000;2102;2671;9.254;900800;0.004;2.154.624;2025;2376;9.296;904942;0.004;2.182.812;2029;2512;8.925;868759;0.006;2.182.435;2026;2572;12.936;1259265;0.005;2.147.133;2023;2385;11.801;1148716;0.002;2.080.671;2024;2252;5.130;499361
145;15DIV_double-sequential-Ifenprodil1_w1Channel-B.tif;0.004;2.124.010;2051;2282;9.077;883588;0.003;2.096.271;2038;2160;5.491;534549;0.004;2.089.995;2039;2148;8.502;827638;0.003;2.215.966;2048;2464;7.285;709109;0.003;2.136.163;2032;2305;6.320;615215;0.003;2.191.064;2036;2342;7.383;718669;0.003;2.131.844;2051;2304;7.446;724827;0.004;2.186.118;2084;2387;9.342;909425;0.004;2.253.718;2104;2652;9.261;901487;0.004;2.154.933;2024;2381;9.298;905072;0.004;2.181.779;2032;2484;8.920;868348;0.006;2.182.309;2024;2576;12.935;1259192;0.005;2.146.895;2020;2372;11.799;1148589;0.002;2.081.292;2018;2250;5.131;499510
146;15DIV_double-sequential-Ifenprodil1_w1Channel-B.tif;0.004;2.126.894;2053;2308;9.089;884788;0.003;2.096.557;2038;2160;5.492;534622;0.004;2.097.164;2042;2172;8.531;830477;0.003;2.216.581;2049;2456;7.287;709306;0.003;2.138.188;2024;2306;6.326;615798;0.003;2.190.533;2042;2358;7.381;718495;0.003;2.132.662;2060;2277;7.449;725105;0.004;2.187.353;2070;2386;9.348;909939;0.004;2.254.883;2098;2662;9.266;901953;0.004;2.155.379;2030;2386;9.300;905259;0.004;2.183.286;2026;2491;8.927;868948;0.006;2.182.490;2028;2545;12.937;1259297;0.005;2.149.047;2030;2368;11.811;1149740;0.002;2.080.429;2023;2251;5.129;499303
147;15DIV_double-sequential-Ifenprodil1_w1Channel-B.tif;0.004;2.129.267;2044;2289;9.099;885775;0.003;2.095.690;2034;2166;5.490;534401;0.004;2.096.944;2042;2179;8.530;830390;0.003;2.215.603;2041;2441;7.283;708993;0.003;2.137.233;2029;2296;6.323;615523;0.003;2.190.616;2042;2346;7.381;718522;0.003;2.132.965;2060;2305;7.450;725208;0.004;2.187.642;2080;2372;9.349;910059;0.004;2.256.972;2089;2656;9.274;902789;0.004;2.156.243;2026;2377;9.303;905622;0.004;2.182.415;2021;2510;8.923;868601;0.006;2.183.109;2023;2564;12.940;1259654;0.005;2.148.351;2030;2355;11.807;1149368;0.002;2.081.125;2024;2257;5.131;499470
148;15DIV_double-sequential-Ifenprodil1_w1Channel-B.tif;0.004;2.130.762;2053;2284;9.106;886397;0.003;2.100.843;2034;2167;5.503;535715;0.004;2.101.841;2040;2172;8.550;832329;0.003;2.219.975;2057;2456;7.298;710392;0.003;2.139.361;2024;2317;6.329;616136;0.003;2.193.101;2050;2344;7.390;719337;0.003;2.134.832;2054;2284;7.456;725843;0.004;2.190.976;2080;2396;9.363;911446;0.004;2.260.387;2096;2704;9.288;904155;0.004;2.158.019;2029;2397;9.311;906368;0.004;2.183.927;2033;2528;8.929;869203;0.006;2.184.884;2030;2569;12.951;1260678;0.005;2.150.531;2033;2364;11.819;1150534;0.002;2.082.021;2017;2254;5.133;499685
149;15DIV_double-sequential-Ifenprodil1_w1Channel-B.tif;0.004;2.131.067;2044;2300;9.107;886524;0.003;2.106.169;2032;2176;5.517;537073;0.004;2.111.381;2043;2200;8.589;836107;0.003;2.221.628;2053;2473;7.303;710921;0.003;2.139.872;2030;2318;6.331;616283;0.003;2.193.131;2037;2349;7.390;719347;0.003;2.136.279;2053;2310;7.462;726335;0.004;2.193.764;2083;2411;9.375;912606;0.004;2.268.038;2103;2704;9.320;907215;0.004;2.158.360;2028;2404;9.312;906511;0.004;2.183.460;2027;2491;8.927;869017;0.006;2.185.250;2027;2594;12.953;1260889;0.005;2.151.019;2027;2376;11.822;1150795;0.002;2.081.333;2018;2248;5.131;499520
150;15DIV_double-sequential-Ifenprodil1_w1Channel-B.tif;0.004;2.134.911;2056;2293;9.124;888123;0.003;2.113.479;2040;2179;5.536;538937;0.004;2.116.702;2036;2192;8.611;838214;0.003;2.228.522;2053;2464;7.326;713127;0.003;2.143.392;2030;2305;6.341;617297;0.003;2.197.085;2048;2344;7.403;720644;0.003;2.137.638;2056;2296;7.466;726797;0.004;2.201.264;2089;2405;9.407;915726;0.004;2.279.445;2122;2745;9.367;911778;0.004;2.162.279;2027;2418;9.329;908157;0.004;2.196.580;2029;2533;8.981;874239;0.006;2.189.404;2024;2582;12.978;1263286;0.005;2.150.792;2026;2390;11.821;1150674;0.002;2.081.504;2021;2240;5.132;499561
151;15DIV_double-sequential-Ifenprodil1_w1Channel-B.tif;0.004;2.136.904;2051;2306;9.132;888952;0.003;2.117.369;2042;2213;5.547;539929;0.004;2.119.013;2048;2192;8.620;839129;0.003;2.236.462;2056;2478;7.352;715668;0.003;2.150.646;2028;2310;6.363;619386;0.003;2.201.671;2048;2361;7.419;722148;0.003;2.139.594;2060;2312;7.473;727462;0.004;2.212.329;2084;2414;9.454;920329;0.004;2.295.913;2112;2748;9.434;918365;0.004;2.171.678;2028;2429;9.370;912105;0.004;2.299.241;2036;2811;9.401;915098;0.006;2.200.795;2032;2617;13.045;1269859;0.005;2.154.562;2026;2368;11.841;1152691;0.002;2.086.350;2026;2250;5.144;500724
152;15DIV_double-sequential-Ifenprodil1_w1Channel-B.tif;0.004;2.137.947;2043;2305;9.137;889386;0.003;2.119.953;2041;2192;5.553;540588;0.004;2.116.116;2042;2194;8.608;837982;0.003;2.251.969;2057;2472;7.403;720630;0.003;2.159.340;2032;2348;6.389;621890;0.003;2.208.189;2040;2388;7.440;724286;0.003;2.139.509;2058;2266;7.473;727433;0.004;2.222.586;2092;2430;9.498;924596;0.004;2.310.137;2112;2778;9.493;924055;0.004;2.183.488;2030;2450;9.421;917065;0.004;2.370.161;2032;3036;9.691;943324;0.006;2.210.724;2028;2606;13.104;1275588;0.005;2.158.561;2037;2372;11.863;1154830;0.002;2.091.913;2021;2260;5.158;502059
153;15DIV_double-sequential-Ifenprodil1_w1Channel-B.tif;0.004;2.137.418;2048;2292;9.134;889166;0.003;2.118.169;2044;2187;5.549;540133;0.004;2.114.237;2035;2188;8.601;837238;0.003;2.267.528;2056;2534;7.454;725609;0.003;2.164.757;2028;2366;6.405;623450;0.003;2.214.976;2040;2395;7.463;726512;0.003;2.139.482;2054;2318;7.473;727424;0.004;2.229.176;2094;2465;9.526;927337;0.004;2.321.577;2131;2770;9.540;928631;0.004;2.195.507;2030;2486;9.473;922113;0.004;2.443.450;2036;3140;9.990;972493;0.006;2.220.478;2028;2616;13.162;1281216;0.005;2.162.097;2028;2427;11.883;1156722;0.002;2.095.833;2022;2265;5.167;503000
154;15DIV_double-sequential-Ifenprodil1_w1Channel-B.tif;0.004;2.135.668;2052;2299;9.127;888438;0.003;2.117.745;2040;2192;5.548;540025;0.004;2.113.083;2036;2190;8.596;836781;0.003;2.280.559;2052;2550;7.497;729779;0.003;2.171.347;2032;2358;6.424;625348;0.003;2.227.134;2055;2400;7.504;730500;0.003;2.139.579;2060;2288;7.473;727457;0.004;2.234.995;2096;2510;9.551;929758;0.004;2.330.907;2123;2785;9.578;932363;0.004;2.205.898;2032;2522;9.518;926477;0.004;2.497.623;2033;3276;10.212;994054;0.006;2.230.780;2027;2647;13.223;1287160;0.005;2.167.148;2032;2432;11.911;1159424;0.002;2.097.354;2024;2266;5.171;503365
155;15DIV_double-sequential-Ifenprodil1_w1Channel-B.tif;0.004;2.137.507;2060;2312;9.135;889203;0.003;2.119.345;2038;2185;5.552;540433;0.004;2.112.308;2035;2184;8.593;836474;0.003;2.292.275;2056;2578;7.535;733528;0.003;2.174.260;2030;2371;6.433;626187;0.003;2.235.482;2050;2453;7.532;733238;0.003;2.139.879;2068;2317;7.474;727559;0.004;2.238.716;2091;2456;9.567;931306;0.004;2.337.080;2121;2822;9.603;934832;0.004;2.214.424;2029;2544;9.554;930058;0.004;2.517.322;2034;3264;10.292;1001894;0.006;2.237.470;2029;2666;13.262;1291020;0.005;2.171.764;2030;2455;11.936;1161894;0.002;2.100.579;2020;2266;5.179;504139
156;15DIV_double-sequential-Ifenprodil1_w1Channel-B.tif;0.004;2.138.510;2054;2321;9.139;889620;0.003;2.118.498;2040;2199;5.550;540217;0.004;2.112.502;2048;2184;8.594;836551;0.003;2.301.863;2060;2585;7.567;736596;0.003;2.176.934;2030;2393;6.441;626957;0.003;2.243.049;2051;2415;7.558;735720;0.003;2.140.812;2058;2311;7.477;727876;0.004;2.239.961;2090;2480;9.572;931824;0.004;2.340.445;2128;2798;9.617;936178;0.004;2.219.428;2024;2546;9.576;932160;0.004;2.521.151;2036;3253;10.308;1003418;0.006;2.241.513;2024;2680;13.286;1293353;0.005;2.177.660;2028;2424;11.968;1165048;0.002;2.101.258;2020;2275;5.181;504302
157;15DIV_double-sequential-Ifenprodil1_w1Channel-B.tif;0.004;2.138.421;2056;2288;9.139;889583;0.003;2.119.129;2030;2192;5.551;540378;0.004;2.110.965;2041;2199;8.588;835942;0.003;2.306.178;2070;2561;7.581;737977;0.003;2.178.000;2024;2368;6.444;627264;0.003;2.249.375;2048;2439;7.579;737795;0.003;2.140.953;2048;2318;7.478;727924;0.004;2.241.435;2090;2482;9.579;932437;0.004;2.343.170;2124;2810;9.628;937268;0.004;2.223.452;2026;2533;9.593;933850;0.004;2.518.646;2033;3276;10.298;1002421;0.006;2.244.874;2032;2688;13.306;1295292;0.005;2.181.407;2033;2435;11.989;1167053;0.002;2.101.204;2026;2256;5.180;504289
158;15DIV_double-sequential-Ifenprodil1_w1Channel-B.tif;0.004;2.137.764;2057;2292;9.136;889310;0.003;2.118.188;2036;2196;5.549;540138;0.004;2.108.780;2048;2192;8.579;835077;0.003;2.307.553;2062;2566;7.586;738417;0.003;2.176.174;2031;2378;6.438;626738;0.003;2.250.899;2042;2464;7.584;738295;0.003;2.140.068;2046;2304;7.475;727623;0.004;2.242.469;2097;2492;9.583;932867;0.004;2.343.130;2129;2812;9.628;937252;0.004;2.222.690;2025;2562;9.590;933530;0.004;2.517.015;2029;3248;10.291;1001772;0.006;2.245.872;2027;2712;13.312;1295868;0.005;2.183.230;2027;2433;11.999;1168028;0.002;2.101.558;2027;2267;5.181;504374
159;15DIV_double-sequential-Ifenprodil1_w1Channel-B.tif;0.004;2.137.500;2048;2281;9.135;889200;0.003;2.118.757;2036;2220;5.550;540283;0.004;2.107.020;2043;2189;8.571;834380;0.003;2.308.256;2053;2588;7.588;738642;0.003;2.177.628;2028;2387;6.443;627157;0.003;2.254.192;2050;2442;7.595;739375;0.003;2.141.009;2056;2277;7.478;727943;0.004;2.242.315;2092;2480;9.583;932803;0.004;2.343.022;2132;2816;9.628;937209;0.004;2.223.231;2028;2545;9.592;933757;0.004;2.517.440;2037;3320;10.293;1001941;0.006;2.247.551;2034;2689;13.322;1296837;0.005;2.184.841;2032;2428;12.008;1168890;0.002;2.101.321;2028;2272;5.181;504317
160;15DIV_double-sequential-Ifenprodil1_w1Channel-B.tif;0.004;2.137.459;2050;2320;9.134;889183;0.003;2.118.651;2040;2186;5.550;540256;0.004;2.107.487;2040;2182;8.573;834565;0.003;2.305.353;2060;2576;7.578;737713;0.003;2.178.097;2027;2380;6.444;627292;0.003;2.254.247;2048;2454;7.596;739393;0.003;2.141.038;2056;2278;7.478;727953;0.004;2.241.743;2090;2470;9.580;932565;0.004;2.342.363;2121;2808;9.625;936945;0.004;2.222.645;2028;2553;9.590;933511;0.004;2.515.885;2025;3267;10.286;1001322;0.006;2.247.757;2032;2696;13.323;1296956;0.005;2.187.069;2027;2450;12.020;1170082;0.002;2.100.942;2023;2268;5.180;504226
161;15DIV_double-sequential-Ifenprodil1_w1Channel-B.tif;0.004;2.137.435;2048;2285;9.134;889173;0.003;2.118.553;2036;2210;5.550;540231;0.004;2.105.927;2043;2176;8.567;833947;0.003;2.305.597;2065;2579;7.579;737791;0.003;2.179.354;2029;2388;6.448;627654;0.003;2.255.954;2056;2450;7.601;739953;0.003;2.141.076;2051;2288;7.478;727966;0.004;2.240.940;2094;2506;9.577;932231;0.004;2.341.067;2132;2817;9.620;936427;0.004;2.220.774;2030;2528;9.582;932725;0.004;2.517.663;2027;3302;10.294;1002030;0.006;2.247.367;2021;2728;13.321;1296731;0.005;2.189.484;2035;2452;12.033;1171374;0.002;2.100.575;2024;2299;5.179;504138
162;15DIV_double-sequential-Ifenprodil1_w1Channel-B.tif;0.004;2.137.947;2060;2284;9.137;889386;0.003;2.117.941;2040;2185;5.548;540075;0.004;2.104.692;2038;2176;8.562;833458;0.003;2.303.747;2057;2605;7.573;737199;0.003;2.176.160;2025;2381;6.438;626734;0.003;2.254.634;2052;2476;7.597;739520;0.003;2.141.018;2052;2309;7.478;727946;0.004;2.239.767;2096;2484;9.572;931743;0.004;2.339.140;2128;2818;9.612;935656;0.004;2.219.683;2032;2525;9.577;932267;0.004;2.513.312;2035;3280;10.276;1000298;0.006;2.246.820;2032;2692;13.318;1296415;0.005;2.189.110;2035;2460;12.031;1171174;0.002;2.099.946;2028;2249;5.177;503987
163;15DIV_double-sequential-Ifenprodil1_w1Channel-B.tif;0.004;2.137.195;2054;2290;9.133;889073;0.003;2.116.592;2041;2176;5.545;539731;0.004;2.103.604;2043;2166;8.558;833027;0.003;2.300.591;2054;2564;7.563;736189;0.003;2.174.917;2028;2352;6.435;626376;0.003;2.253.467;2040;2440;7.593;739137;0.003;2.140.638;2052;2305;7.477;727817;0.004;2.238.560;2090;2469;9.566;931241;0.004;2.337.032;2126;2795;9.603;934813;0.004;2.216.064;2028;2554;9.561;930747;0.004;2.510.691;2036;3270;10.265;999255;0.006;2.245.416;2027;2680;13.310;1295605;0.005;2.189.101;2029;2440;12.031;1171169;0.002;2.099.850;2024;2266;5.177;503964
164;15DIV_double-sequential-Ifenprodil1_w1Channel-B.tif;0.004;2.136.421;2058;2292;9.130;888751;0.003;2.116.404;2033;2186;5.544;539683;0.004;2.101.902;2038;2176;8.551;832353;0.003;2.298.587;2060;2576;7.556;735548;0.003;2.174.288;2033;2377;6.433;626195;0.003;2.254.021;2048;2460;7.595;739319;0.003;2.140.150;2059;2290;7.475;727651;0.004;2.237.599;2100;2486;9.562;930841;0.004;2.334.240;2117;2788;9.592;933696;0.004;2.213.517;2030;2555;9.550;929677;0.004;2.507.920;2037;3232;10.254;998152;0.006;2.241.932;2028;2668;13.289;1293595;0.005;2.187.991;2032;2441;12.025;1170575;0.002;2.098.113;2020;2268;5.173;503547
165;15DIV_double-sequential-Ifenprodil1_w1Channel-B.tif;0.004;2.136.495;2056;2313;9.130;888782;0.003;2.115.329;2033;2184;5.541;539409;0.004;2.100.722;2040;2177;8.546;831886;0.003;2.294.113;2070;2566;7.541;734116;0.003;2.172.878;2033;2371;6.429;625789;0.003;2.251.515;2048;2442;7.586;738497;0.003;2.141.541;2057;2309;7.480;728124;0.004;2.236.570;2088;2488;9.558;930413;0.004;2.334.425;2128;2780;9.592;933770;0.004;2.213.557;2024;2524;9.551;929694;0.004;2.505.131;2038;3296;10.242;997042;0.006;2.241.468;2022;2691;13.286;1293327;0.005;2.187.712;2033;2445;12.024;1170426;0.002;2.097.113;2016;2261;5.170;503307
166;15DIV_double-sequential-Ifenprodil1_w1Channel-B.tif;0.004;2.136.043;2060;2288;9.128;888594;0.003;2.115.153;2040;2185;5.541;539364;0.004;2.100.498;2026;2176;8.545;831797;0.003;2.290.772;2056;2572;7.530;733047;0.003;2.172.229;2030;2357;6.427;625602;0.003;2.251.680;2056;2450;7.587;738551;0.003;2.140.644;2061;2308;7.477;727819;0.004;2.233.856;2080;2474;9.546;929284;0.004;2.332.390;2135;2800;9.584;932956;0.004;2.211.888;2028;2519;9.543;928993;0.004;2.499.392;2034;3196;10.219;994758;0.006;2.239.161;2028;2676;13.272;1291996;0.005;2.186.690;2032;2438;12.018;1169879;0.002;2.096.608;2016;2250;5.169;503186
167;15DIV_double-sequential-Ifenprodil1_w1Channel-B.tif;0.004;2.136.949;2052;2286;9.132;888971;0.003;2.114.376;2036;2193;5.539;539166;0.004;2.100.000;2045;2182;8.543;831600;0.003;2.290.991;2062;2580;7.531;733117;0.003;2.172.441;2032;2365;6.427;625663;0.003;2.251.494;2048;2446;7.586;738490;0.003;2.140.927;2062;2288;7.478;727915;0.004;2.234.692;2096;2498;9.550;929632;0.004;2.331.728;2124;2786;9.581;932691;0.004;2.210.752;2028;2511;9.539;928516;0.004;2.496.296;2032;3216;10.206;993526;0.006;2.238.274;2028;2690;13.267;1291484;0.005;2.185.920;2028;2439;12.014;1169467;0.002;2.096.529;2017;2276;5.169;503167
168;15DIV_double-sequential-Ifenprodil1_w1Channel-B.tif;0.004;2.135.635;2049;2310;9.127;888424;0.003;2.114.792;2032;2189;5.540;539272;0.004;2.098.798;2038;2179;8.538;831124;0.003;2.288.244;2064;2542;7.522;732238;0.003;2.170.427;2028;2368;6.421;625083;0.003;2.249.094;2048;2462;7.578;737703;0.003;2.140.041;2050;2284;7.475;727614;0.004;2.232.772;2092;2469;9.542;928833;0.004;2.329.320;2136;2802;9.571;931728;0.004;2.208.833;2032;2500;9.530;927710;0.004;2.493.329;2037;3216;10.194;992345;0.006;2.238.255;2030;2684;13.267;1291473;0.005;2.187.419;2028;2450;12.022;1170269;0.002;2.096.275;2021;2268;5.168;503106
169;15DIV_double-sequential-Ifenprodil1_w1Channel-B.tif;0.004;2.135.382;2054;2284;9.126;888319;0.003;2.112.678;2036;2176;5.534;538733;0.004;2.098.705;2032;2176;8.538;831087;0.003;2.284.478;2060;2546;7.510;731033;0.003;2.169.917;2028;2365;6.420;624936;0.003;2.248.168;2050;2448;7.575;737399;0.003;2.141.771;2059;2307;7.481;728202;0.004;2.230.676;2092;2445;9.533;927961;0.004;2.328.643;2117;2808;9.569;931457;0.004;2.207.936;2032;2505;9.526;927333;0.004;2.487.781;2030;3204;10.172;990137;0.006;2.236.234;2032;2688;13.255;1290307;0.005;2.186.778;2030;2432;12.018;1169926;0.002;2.096.167;2024;2266;5.168;503080
170;15DIV_double-sequential-Ifenprodil1_w1Channel-B.tif;0.004;2.136.562;2050;2280;9.131;888810;0.003;2.113.549;2040;2180;5.537;538955;0.004;2.098.748;2038;2188;8.538;831104;0.003;2.284.178;2050;2541;7.509;730937;0.003;2.169.927;2034;2378;6.420;624939;0.003;2.247.104;2052;2422;7.572;737050;0.003;2.141.729;2056;2266;7.481;728188;0.004;2.231.089;2088;2478;9.535;928133;0.004;2.328.637;2128;2796;9.569;931455;0.004;2.205.579;2030;2513;9.516;926343;0.004;2.481.982;2029;3192;10.148;987829;0.006;2.235.419;2032;2688;13.250;1289837;0.005;2.183.944;2032;2432;12.003;1168410;0.002;2.094.821;2024;2256;5.165;502757
171;15DIV_double-sequential-Ifenprodil1_w1Channel-B.tif;0.004;2.136.471;2056;2292;9.130;888772;0.003;2.111.239;2037;2180;5.531;538366;0.004;2.098.260;2038;2166;8.536;830911;0.003;2.282.203;2064;2528;7.502;730305;0.003;2.168.059;2028;2356;6.414;624401;0.003;2.245.695;2054;2434;7.567;736588;0.003;2.140.447;2061;2296;7.476;727752;0.004;2.229.510;2084;2490;9.528;927476;0.004;2.325.637;2124;2768;9.556;930255;0.004;2.205.852;2028;2492;9.517;926458;0.004;2.478.002;2030;3164;10.132;986245;0.006;2.233.508;2027;2677;13.239;1288734;0.005;2.186.187;2030;2433;12.015;1169610;0.002;2.094.958;2017;2258;5.165;502790
172;15DIV_double-sequential-Ifenprodil1_w1Channel-B.tif;0.004;2.135.844;2050;2293;9.128;888511;0.003;2.112.886;2042;2181;5.535;538786;0.004;2.097.955;2040;2173;8.535;830790;0.003;2.277.728;2056;2556;7.488;728873;0.003;2.166.521;2027;2360;6.410;623958;0.003;2.243.741;2044;2425;7.560;735947;0.003;2.140.465;2056;2284;7.476;727758;0.004;2.228.296;2098;2465;9.523;926971;0.004;2.325.258;2114;2794;9.555;930103;0.004;2.203.919;2029;2499;9.509;925646;0.004;2.470.442;2034;3152;10.101;983236;0.006;2.232.567;2029;2638;13.233;1288191;0.005;2.182.813;2029;2464;11.997;1167805;0.002;2.094.608;2022;2256;5.164;502706
173;15DIV_double-sequential-Ifenprodil1_w1Channel-B.tif;0.004;2.135.192;2050;2302;9.125;888240;0.003;2.111.200;2036;2179;5.530;538356;0.004;2.097.255;2040;2176;8.532;830513;0.003;2.276.947;2059;2524;7.485;728623;0.003;2.166.590;2025;2348;6.410;623978;0.003;2.240.933;2050;2419;7.551;735026;0.003;2.140.941;2058;2296;7.478;727920;0.004;2.227.377;2084;2444;9.519;926589;0.004;2.321.735;2124;2805;9.540;928694;0.004;2.201.493;2022;2493;9.499;924627;0.004;2.466.015;2033;3161;10.083;981474;0.006;2.231.364;2031;2649;13.226;1287497;0.005;2.182.581;2035;2432;11.995;1167681;0.002;2.093.512;2024;2247;5.162;502443
174;15DIV_double-sequential-Ifenprodil1_w1Channel-B.tif;0.004;2.134.995;2058;2298;9.124;888158;0.003;2.111.302;2032;2181;5.531;538382;0.004;2.097.096;2041;2168;8.531;830450;0.003;2.274.544;2062;2521;7.477;727854;0.003;2.165.198;2027;2348;6.406;623577;0.003;2.240.381;2051;2419;7.549;734845;0.003;2.139.685;2048;2278;7.473;727493;0.004;2.224.536;2085;2454;9.507;925407;0.004;2.319.640;2124;2776;9.532;927856;0.004;2.200.093;2028;2465;9.493;924039;0.004;2.460.786;2029;3126;10.061;979393;0.006;2.229.885;2018;2653;13.217;1286644;0.005;2.180.699;2030;2424;11.985;1166674;0.002;2.092.967;2025;2256;5.160;502312
175;15DIV_double-sequential-Ifenprodil1_w1Channel-B.tif;0.004;2.135.211;2048;2281;9.125;888248;0.003;2.110.016;2032;2176;5.527;538054;0.004;2.096.162;2038;2167;8.527;830080;0.003;2.270.562;2062;2534;7.464;726580;0.003;2.164.292;2032;2361;6.403;623316;0.003;2.239.729;2050;2421;7.547;734631;0.003;2.139.588;2044;2304;7.473;727460;0.004;2.225.582;2097;2442;9.511;925842;0.004;2.319.157;2129;2768;9.530;927663;0.004;2.200.533;2032;2474;9.494;924224;0.004;2.454.656;2033;3128;10.036;976953;0.006;2.228.045;2030;2638;13.207;1285582;0.005;2.181.008;2028;2434;11.987;1166839;0.002;2.093.483;2021;2261;5.161;502436
176;15DIV_double-sequential-Ifenprodil1_w1Channel-B.tif;0.004;2.134.026;2048;2284;9.120;887755;0.003;2.108.914;2041;2184;5.524;537773;0.004;2.094.955;2040;2161;8.522;829602;0.003;2.269.738;2062;2520;7.461;726316;0.003;2.162.917;2035;2339;6.399;622920;0.003;2.238.503;2056;2396;7.543;734229;0.003;2.137.694;2051;2312;7.466;726816;0.004;2.223.308;2098;2472;9.501;924896;0.004;2.316.208;2114;2771;9.518;926483;0.004;2.196.131;2028;2452;9.475;922375;0.004;2.450.307;2035;3140;10.018;975222;0.006;2.225.579;2028;2640;13.192;1284159;0.005;2.179.008;2033;2432;11.976;1165769;0.002;2.092.229;2025;2259;5.158;502135
177;15DIV_double-sequential-Ifenprodil1_w1Channel-B.tif;0.004;2.135.039;2050;2284;9.124;888176;0.003;2.108.439;2040;2184;5.523;537652;0.004;2.096.066;2038;2161;8.527;830042;0.003;2.267.547;2064;2514;7.454;725615;0.003;2.161.872;2028;2338;6.396;622619;0.003;2.235.604;2048;2424;7.533;733278;0.003;2.137.823;2056;2280;7.467;726860;0.004;2.221.810;2082;2461;9.495;924273;0.004;2.315.985;2128;2790;9.517;926394;0.004;2.193.967;2018;2472;9.466;921466;0.004;2.444.284;2035;3106;9.994;972825;0.006;2.225.161;2028;2659;13.189;1283918;0.005;2.178.910;2024;2432;11.975;1165717;0.002;2.092.346;2022;2253;5.159;502163
178;15DIV_double-sequential-Ifenprodil1_w1Channel-B.tif;0.004;2.135.495;2058;2289;9.126;888366;0.003;2.108.510;2029;2168;5.523;537670;0.004;2.094.308;2036;2154;8.520;829346;0.003;2.265.869;2064;2529;7.449;725078;0.003;2.161.760;2024;2356;6.396;622587;0.003;2.233.790;2048;2403;7.527;732683;0.003;2.139.344;2056;2284;7.472;727377;0.004;2.221.127;2087;2432;9.492;923989;0.004;2.314.810;2129;2766;9.512;925924;0.004;2.194.467;2026;2460;9.468;921676;0.004;2.437.877;2030;3073;9.967;970275;0.006;2.223.438;2026;2652;13.179;1282924;0.005;2.178.187;2028;2436;11.971;1165330;0.002;2.093.067;2027;2254;5.160;502336
179;15DIV_double-sequential-Ifenprodil1_w1Channel-B.tif;0.004;2.133.704;2052;2292;9.118;887621;0.003;2.108.255;2042;2176;5.523;537605;0.004;2.094.184;2034;2162;8.519;829297;0.003;2.264.256;2057;2508;7.443;724562;0.003;2.160.826;2028;2349;6.393;622318;0.003;2.233.878;2041;2417;7.527;732712;0.003;2.138.297;2049;2288;7.469;727021;0.004;2.220.053;2084;2451;9.487;923542;0.004;2.313.970;2108;2758;9.508;925588;0.004;2.192.152;2026;2458;9.458;920704;0.004;2.431.264;2036;3089;9.940;967643;0.006;2.222.775;2019;2637;13.175;1282541;0.005;2.176.703;2033;2437;11.963;1164536;0.002;2.092.121;2024;2235;5.158;502109
180;15DIV_double-sequential-Ifenprodil1_w1Channel-B.tif;0.004;2.134.914;2052;2294;9.124;888124;0.003;2.108.294;2033;2178;5.523;537615;0.004;2.094.664;2036;2168;8.521;829487;0.003;2.262.228;2057;2493;7.437;723913;0.003;2.159.194;2025;2340;6.388;621848;0.003;2.232.116;2044;2427;7.521;732134;0.003;2.138.138;2056;2294;7.468;726967;0.004;2.219.601;2088;2459;9.485;923354;0.004;2.313.153;2121;2749;9.505;925261;0.004;2.192.981;2032;2464;9.462;921052;0.004;2.426.148;2034;3040;9.920;965607;0.006;2.222.822;2029;2661;13.176;1282568;0.005;2.175.858;2023;2432;11.958;1164084;0.002;2.092.654;2025;2254;5.159;502237
181;15DIV_double-sequential-Ifenprodil1_w1Channel-B.tif;0.004;2.135.534;2056;2292;9.126;888382;0.003;2.106.894;2040;2169;5.519;537258;0.004;2.095.096;2040;2161;8.523;829658;0.003;2.260.316;2061;2485;7.430;723301;0.003;2.160.753;2032;2349;6.393;622297;0.003;2.230.436;2044;2405;7.515;731583;0.003;2.138.106;2051;2288;7.468;726956;0.004;2.218.382;2092;2435;9.480;922847;0.004;2.312.845;2114;2771;9.504;925138;0.004;2.190.945;2028;2456;9.453;920197;0.004;2.421.704;2033;3044;9.901;963838;0.006;2.220.615;2032;2624;13.163;1281295;0.005;2.175.118;2026;2424;11.954;1163688;0.002;2.093.833;2024;2265;5.162;502520
182;15DIV_double-sequential-Ifenprodil1_w1Channel-B.tif;0.004;2.133.863;2056;2296;9.119;887687;0.003;2.105.349;2034;2166;5.515;536864;0.004;2.093.821;2042;2167;8.518;829153;0.003;2.258.341;2059;2497;7.424;722669;0.003;2.159.285;2028;2328;6.388;621874;0.003;2.229.122;2055;2392;7.511;731152;0.003;2.137.279;2058;2304;7.465;726675;0.004;2.218.551;2091;2435;9.481;922917;0.004;2.311.645;2116;2756;9.499;924658;0.004;2.189.112;2028;2448;9.445;919427;0.004;2.415.985;2033;3008;9.878;961562;0.006;2.221.017;2028;2613;13.165;1281527;0.005;2.174.131;2028;2429;11.949;1163160;0.002;2.091.667;2023;2254;5.157;502000
183;15DIV_double-sequential-Ifenprodil1_w1Channel-B.tif;0.004;2.133.555;2050;2288;9.118;887559;0.003;2.105.718;2036;2165;5.516;536958;0.004;2.093.619;2036;2158;8.517;829073;0.003;2.258.103;2059;2496;7.423;722593;0.003;2.158.090;2036;2332;6.385;621530;0.003;2.226.997;2048;2424;7.504;730455;0.003;2.136.932;2054;2280;7.464;726557;0.004;2.216.000;2091;2422;9.470;921856;0.004;2.309.968;2114;2749;9.492;923987;0.004;2.188.369;2026;2452;9.442;919115;0.004;2.410.761;2032;3032;9.857;959483;0.006;2.219.423;2032;2668;13.155;1280607;0.005;2.172.510;2027;2424;11.940;1162293;0.002;2.092.142;2022;2280;5.158;502114
184;15DIV_double-sequential-Ifenprodil1_w1Channel-B.tif;0.004;2.133.543;2049;2283;9.118;887554;0.003;2.106.039;2040;2161;5.517;537040;0.004;2.094.043;2032;2164;8.519;829241;0.003;2.256.416;2058;2477;7.418;722053;0.003;2.159.410;2025;2356;6.389;621910;0.003;2.226.729;2048;2408;7.503;730367;0.003;2.138.412;2053;2297;7.469;727060;0.004;2.216.534;2096;2434;9.472;922078;0.004;2.309.665;2124;2752;9.491;923866;0.004;2.186.959;2026;2441;9.436;918523;0.004;2.407.093;2032;3012;9.842;958023;0.006;2.217.641;2032;2658;13.145;1279579;0.005;2.172.540;2028;2430;11.940;1162309;0.002;2.091.858;2024;2258;5.157;502046
185;15DIV_double-sequential-Ifenprodil1_w1Channel-B.tif;0.004;2.133.865;2053;2306;9.119;887688;0.003;2.104.796;2039;2166;5.514;536723;0.004;2.094.159;2041;2164;8.519;829287;0.003;2.254.294;2054;2477;7.411;721374;0.003;2.159.240;2034;2330;6.388;621861;0.003;2.226.851;2052;2384;7.503;730407;0.003;2.137.897;2058;2312;7.467;726885;0.004;2.215.082;2088;2428;9.466;921474;0.004;2.307.465;2126;2744;9.482;922986;0.004;2.185.129;2028;2476;9.428;917754;0.004;2.399.681;2033;2994;9.811;955073;0.006;2.217.536;2030;2606;13.144;1279518;0.005;2.171.366;2026;2405;11.934;1161681;0.002;2.091.129;2024;2258;5.156;501871
186;15DIV_double-sequential-Ifenprodil1_w1Channel-B.tif;0.004;2.133.863;2051;2286;9.119;887687;0.003;2.106.000;2037;2164;5.517;537030;0.004;2.095.164;2033;2180;8.523;829685;0.003;2.253.809;2069;2493;7.409;721219;0.003;2.157.500;2034;2336;6.383;621360;0.003;2.226.857;2045;2408;7.503;730409;0.003;2.136.903;2056;2297;7.464;726547;0.004;2.216.084;2090;2412;9.470;921891;0.004;2.307.097;2128;2787;9.480;922839;0.004;2.185.121;2025;2440;9.428;917751;0.004;2.395.698;2033;2996;9.795;953488;0.006;2.215.773;2032;2618;13.134;1278501;0.005;2.171.260;2032;2406;11.933;1161624;0.002;2.090.962;2019;2276;5.155;501831
187;15DIV_double-sequential-Ifenprodil1_w1Channel-B.tif;0.004;2.134.752;2045;2276;9.123;888057;0.003;2.105.706;2035;2176;5.516;536955;0.004;2.094.227;2036;2163;8.519;829314;0.003;2.252.706;2062;2466;7.405;720866;0.003;2.156.514;2032;2329;6.380;621076;0.003;2.225.223;2038;2411;7.498;729873;0.003;2.135.756;2049;2272;7.460;726157;0.004;2.214.647;2088;2428;9.464;921293;0.004;2.306.153;2121;2769;9.476;922461;0.004;2.184.990;2029;2449;9.427;917696;0.004;2.390.590;2036;2969;9.774;951455;0.006;2.215.941;2028;2627;13.135;1278598;0.005;2.169.813;2022;2426;11.925;1160850;0.002;2.092.163;2020;2259;5.158;502119
188;15DIV_double-sequential-Ifenprodil1_w1Channel-B.tif;0.004;2.134.334;2053;2276;9.121;887883;0.003;2.103.851;2037;2164;5.511;536482;0.004;2.092.598;2032;2156;8.513;828669;0.003;2.250.703;2062;2491;7.399;720225;0.003;2.155.649;2030;2329;6.378;620827;0.003;2.223.408;2045;2387;7.492;729278;0.003;2.136.082;2049;2291;7.461;726268;0.004;2.213.926;2091;2416;9.461;920993;0.004;2.304.647;2124;2732;9.470;921859;0.004;2.181.705;2031;2456;9.413;916316;0.004;2.384.186;2033;2966;9.748;948906;0.006;2.214.102;2027;2669;13.124;1277537;0.005;2.169.813;2026;2417;11.925;1160850;0.002;2.091.979;2022;2264;5.158;502075
189;15DIV_double-sequential-Ifenprodil1_w1Channel-B.tif;0.004;2.134.274;2058;2284;9.121;887858;0.003;2.104.890;2042;2168;5.514;536747;0.004;2.094.303;2038;2170;8.520;829344;0.003;2.249.062;2057;2476;7.393;719700;0.003;2.156.194;2030;2326;6.379;620984;0.003;2.223.646;2051;2416;7.493;729356;0.003;2.136.300;2058;2287;7.462;726342;0.004;2.213.928;2088;2421;9.461;920994;0.004;2.302.650;2116;2742;9.462;921060;0.004;2.181.652;2032;2440;9.413;916294;0.004;2.380.080;2034;2929;9.731;947272;0.006;2.213.224;2030;2612;13.119;1277030;0.005;2.169.013;2025;2385;11.921;1160422;0.002;2.092.154;2023;2254;5.158;502117
190;15DIV_double-sequential-Ifenprodil1_w1Channel-B.tif;0.004;2.134.495;2044;2293;9.122;887950;0.003;2.104.357;2032;2171;5.513;536611;0.004;2.094.058;2036;2163;8.519;829247;0.003;2.247.959;2061;2470;7.390;719347;0.003;2.155.764;2035;2328;6.378;620860;0.003;2.222.046;2041;2421;7.487;728831;0.003;2.136.868;2048;2272;7.464;726535;0.004;2.213.827;2088;2408;9.461;920952;0.004;2.303.840;2112;2774;9.467;921536;0.004;2.181.088;2030;2434;9.411;916057;0.004;2.375.615;2032;2952;9.713;945495;0.006;2.213.688;2033;2634;13.121;1277298;0.005;2.168.325;2028;2424;11.917;1160054;0.002;2.092.833;2025;2258;5.160;502280
191;15DIV_double-sequential-Ifenprodil1_w1Channel-B.tif;0.004;2.134.524;2057;2291;9.122;887962;0.003;2.104.231;2035;2160;5.512;536579;0.004;2.093.644;2042;2160;8.517;829083;0.003;2.246.706;2061;2474;7.386;718946;0.003;2.156.007;2032;2324;6.379;620930;0.003;2.220.616;2042;2381;7.482;728362;0.003;2.135.306;2060;2289;7.458;726004;0.004;2.212.274;2088;2421;9.454;920306;0.004;2.301.430;2112;2750;9.457;920572;0.004;2.180.233;2032;2439;9.407;915698;0.004;2.370.618;2035;2929;9.692;943506;0.006;2.211.456;2028;2631;13.108;1276010;0.005;2.167.482;2030;2426;11.912;1159603;0.002;2.091.887;2020;2260;5.158;502053
192;15DIV_double-sequential-Ifenprodil1_w1Channel-B.tif;0.004;2.133.894;2052;2288;9.119;887700;0.003;2.102.957;2041;2164;5.509;536254;0.004;2.093.629;2041;2157;8.517;829077;0.003;2.247.000;2057;2470;7.387;719040;0.003;2.154.990;2032;2324;6.376;620637;0.003;2.220.723;2048;2384;7.483;728397;0.003;2.137.012;2053;2282;7.464;726584;0.004;2.211.885;2086;2424;9.452;920144;0.004;2.301.018;2117;2720;9.455;920407;0.004;2.180.302;2028;2410;9.407;915727;0.004;2.366.975;2033;2906;9.678;942056;0.006;2.212.374;2028;2624;13.114;1276540;0.005;2.166.581;2028;2396;11.907;1159121;0.002;2.093.417;2025;2246;5.161;502420
193;15DIV_double-sequential-Ifenprodil1_w1Channel-B.tif;0.004;2.133.269;2057;2286;9.117;887440;0.003;2.101.510;2038;2153;5.505;535885;0.004;2.091.909;2038;2171;8.510;828396;0.003;2.244.456;2054;2461;7.378;718226;0.003;2.155.146;2032;2336;6.376;620682;0.003;2.219.540;2052;2417;7.479;728009;0.003;2.134.497;2056;2310;7.455;725729;0.004;2.210.993;2092;2408;9.449;919773;0.004;2.301.462;2124;2748;9.457;920585;0.004;2.177.598;2028;2425;9.395;914591;0.004;2.360.854;2032;2894;9.653;939620;0.006;2.208.766;2024;2627;13.092;1274458;0.005;2.165.520;2026;2397;11.902;1158553;0.002;2.090.871;2025;2257;5.155;501809
194;15DIV_double-sequential-Ifenprodil1_w1Channel-B.tif;0.004;2.134.144;2054;2288;9.120;887804;0.003;2.103.392;2032;2164;5.510;536365;0.004;2.093.490;2037;2153;8.516;829022;0.003;2.242.825;2064;2464;7.373;717704;0.003;2.154.302;2028;2320;6.374;620439;0.003;2.219.332;2048;2395;7.478;727941;0.003;2.135.782;2049;2272;7.460;726166;0.004;2.210.827;2091;2410;9.448;919704;0.004;2.300.542;2125;2739;9.453;920217;0.004;2.177.890;2026;2446;9.397;914714;0.004;2.355.580;2029;2869;9.631;937521;0.006;2.209.132;2026;2580;13.094;1274669;0.005;2.165.540;2029;2413;11.902;1158564;0.002;2.092.208;2022;2262;5.158;502130
195;15DIV_double-sequential-Ifenprodil1_w1Channel-B.tif;0.004;2.134.748;2057;2280;9.123;888055;0.003;2.103.286;2040;2161;5.510;536338;0.004;2.092.871;2041;2156;8.514;828777;0.003;2.243.291;2058;2473;7.374;717853;0.003;2.154.580;2027;2316;6.374;620519;0.003;2.218.802;2051;2382;7.476;727767;0.003;2.136.829;2058;2272;7.463;726522;0.004;2.211.654;2092;2404;9.452;920048;0.004;2.299.698;2114;2729;9.450;919879;0.004;2.178.274;2028;2419;9.398;914875;0.004;2.355.143;2027;2892;9.629;937347;0.006;2.209.470;2030;2624;13.096;1274864;0.005;2.166.536;2026;2404;11.907;1159097;0.002;2.092.704;2022;2278;5.160;502249
196;15DIV_double-sequential-Ifenprodil1_w1Channel-B.tif;0.004;2.134.204;2045;2320;9.121;887829;0.003;2.104.635;2040;2163;5.513;536682;0.004;2.093.076;2036;2171;8.515;828858;0.003;2.241.012;2060;2464;7.367;717124;0.003;2.152.941;2028;2324;6.370;620047;0.003;2.217.857;2048;2416;7.473;727457;0.003;2.135.738;2050;2269;7.460;726151;0.004;2.210.014;2090;2408;9.445;919366;0.004;2.297.545;2124;2756;9.441;919018;0.004;2.176.371;2032;2409;9.390;914076;0.004;2.349.920;2036;2856;9.608;935268;0.006;2.207.267;2024;2568;13.083;1273593;0.005;2.164.834;2034;2392;11.898;1158186;0.002;2.093.679;2020;2273;5.162;502483
197;15DIV_double-sequential-Ifenprodil1_w1Channel-B.tif;0.004;2.134.500;2052;2272;9.122;887952;0.003;2.103.533;2037;2169;5.510;536401;0.004;2.093.795;2037;2156;8.518;829143;0.003;2.240.959;2062;2472;7.367;717107;0.003;2.154.583;2024;2332;6.375;620520;0.003;2.218.210;2053;2379;7.474;727573;0.003;2.136.297;2052;2288;7.462;726341;0.004;2.211.029;2080;2444;9.449;919788;0.004;2.298.147;2112;2763;9.443;919259;0.004;2.174.341;2030;2416;9.381;913223;0.004;2.347.334;2028;2864;9.597;934239;0.006;2.205.487;2032;2568;13.073;1272566;0.005;2.164.600;2028;2384;11.897;1158061;0.002;2.094.021;2024;2267;5.163;502565
198;15DIV_double-sequential-Ifenprodil1_w1Channel-B.tif;0.004;2.133.654;2056;2288;9.118;887600;0.003;2.103.561;2036;2182;5.510;536408;0.004;2.092.045;2034;2168;8.511;828450;0.003;2.239.009;2064;2446;7.360;716483;0.003;2.154.253;2032;2322;6.374;620425;0.003;2.215.808;2052;2396;7.466;726785;0.003;2.135.276;2068;2304;7.458;725994;0.004;2.208.928;2085;2425;9.440;918914;0.004;2.297.877;2105;2736;9.442;919151;0.004;2.174.181;2028;2416;9.381;913156;0.004;2.342.430;2029;2837;9.577;932287;0.006;2.205.941;2028;2577;13.076;1272828;0.005;2.163.705;2029;2386;11.892;1157582;0.002;2.093.417;2022;2266;5.161;502420
199;15DIV_double-sequential-Ifenprodil1_w1Channel-B.tif;0.004;2.134.164;2056;2282;9.120;887812;0.003;2.102.557;2030;2161;5.508;536152;0.004;2.093.881;2040;2168;8.518;829177;0.003;2.237.978;2064;2456;7.357;716153;0.003;2.153.434;2035;2318;6.371;620189;0.003;2.216.558;2052;2405;7.469;727031;0.003;2.135.629;2060;2309;7.459;726114;0.004;2.209.361;2088;2411;9.442;919094;0.004;2.297.558;2124;2720;9.441;919023;0.004;2.174.012;2032;2419;9.380;913085;0.004;2.339.721;2028;2877;9.566;931209;0.006;2.205.333;2026;2598;13.072;1272477;0.005;2.162.140;2028;2371;11.883;1156745;0.002;2.093.704;2025;2282;5.162;502489
200;15DIV_double-sequential-Ifenprodil1_w1Channel-B.tif;0.004;2.133.502;2044;2293;9.118;887537;0.003;2.103.039;2039;2170;5.509;536275;0.004;2.092.783;2042;2160;8.514;828742;0.003;2.235.644;2056;2437;7.349;715406;0.003;2.153.931;2025;2328;6.373;620332;0.003;2.215.738;2050;2384;7.466;726762;0.003;2.134.674;2057;2265;7.456;725789;0.004;2.208.918;2092;2416;9.440;918910;0.004;2.296.555;2115;2711;9.437;918622;0.004;2.172.557;2029;2419;9.374;912474;0.004;2.336.673;2020;2823;9.554;929996;0.006;2.205.232;2016;2593;13.071;1272419;0.005;2.163.243;2028;2428;11.889;1157335;0.002;2.093.113;2024;2257;5.161;502347
201;15DIV_double-sequential-Ifenprodil1_w1Channel-B.tif;0.004;2.132.757;2054;2280;9.114;887227;0.003;2.102.298;2036;2166;5.507;536086;0.004;2.091.722;2040;2169;8.509;828322;0.003;2.235.616;2056;2444;7.349;715397;0.003;2.152.990;2032;2322;6.370;620061;0.003;2.214.509;2059;2393;7.462;726359;0.003;2.134.850;2057;2294;7.457;725849;0.004;2.208.324;2082;2432;9.437;918663;0.004;2.297.680;2114;2748;9.441;919072;0.004;2.171.602;2024;2424;9.370;912073;0.004;2.331.955;2022;2856;9.534;928118;0.006;2.203.995;2024;2574;13.064;1271705;0.005;2.161.966;2028;2374;11.882;1156652;0.002;2.092.679;2018;2280;5.159;502243
202;15DIV_double-sequential-Ifenprodil1_w1Channel-B.tif;0.004;2.132.361;2056;2282;9.113;887062;0.003;2.102.384;2040;2165;5.507;536108;0.004;2.091.955;2028;2164;8.510;828414;0.003;2.234.953;2065;2427;7.347;715185;0.003;2.152.931;2039;2336;6.370;620044;0.003;2.214.594;2053;2373;7.462;726387;0.003;2.134.341;2056;2290;7.455;725676;0.004;2.207.486;2086;2384;9.434;918314;0.004;2.297.353;2115;2744;9.440;918941;0.004;2.171.752;2032;2392;9.370;912136;0.004;2.328.776;2028;2818;9.521;926853;0.006;2.204.804;2025;2581;13.069;1272172;0.005;2.162.049;2029;2377;11.883;1156696;0.002;2.093.929;2021;2274;5.163;502543
203;15DIV_double-sequential-Ifenprodil1_w1Channel-B.tif;0.004;2.132.185;2042;2301;9.112;886989;0.003;2.102.451;2030;2160;5.508;536125;0.004;2.092.432;2040;2165;8.512;828603;0.003;2.233.575;2056;2442;7.342;714744;0.003;2.152.503;2030;2320;6.368;619921;0.003;2.213.219;2053;2412;7.457;725936;0.003;2.133.512;2056;2285;7.452;725394;0.004;2.207.120;2086;2392;9.432;918162;0.004;2.295.228;2121;2721;9.431;918091;0.004;2.170.052;2020;2408;9.363;911422;0.004;2.326.078;2023;2828;9.510;925779;0.006;2.203.024;2024;2572;13.058;1271145;0.005;2.161.542;2028;2402;11.880;1156425;0.002;2.092.621;2021;2263;5.159;502229
204;15DIV_double-sequential-Ifenprodil1_w1Channel-B.tif;0.004;2.132.106;2056;2275;9.112;886956;0.003;2.103.200;2038;2162;5.509;536316;0.004;2.091.662;2042;2170;8.509;828298;0.003;2.233.288;2051;2454;7.342;714652;0.003;2.152.153;2031;2319;6.367;619820;0.003;2.212.930;2048;2389;7.456;725841;0.003;2.133.862;2056;2277;7.453;725513;0.004;2.206.401;2076;2423;9.429;917863;0.004;2.295.008;2112;2725;9.431;918003;0.004;2.169.831;2032;2400;9.362;911329;0.004;2.323.005;2032;2836;9.498;924556;0.006;2.202.199;2028;2592;13.053;1270669;0.005;2.159.959;2026;2380;11.871;1155578;0.002;2.092.854;2022;2267;5.160;502285
205;15DIV_double-sequential-Ifenprodil1_w1Channel-B.tif;0.004;2.132.514;2054;2272;9.113;887126;0.003;2.102.765;2034;2156;5.508;536205;0.004;2.093.326;2033;2187;8.516;828957;0.003;2.232.828;2062;2454;7.340;714505;0.003;2.152.931;2033;2320;6.370;620044;0.003;2.212.092;2052;2389;7.454;725566;0.003;2.134.285;2056;2286;7.455;725657;0.004;2.206.276;2088;2376;9.429;917811;0.004;2.294.357;2117;2712;9.428;917743;0.004;2.169.133;2025;2413;9.359;911036;0.004;2.320.945;2032;2803;9.489;923736;0.006;2.201.165;2025;2560;13.047;1270072;0.005;2.160.106;2026;2426;11.872;1155657;0.002;2.094.442;2024;2260;5.164;502666
206;15DIV_double-sequential-Ifenprodil1_w1Channel-B.tif;0.004;2.133.930;2058;2296;9.119;887715;0.003;2.103.831;2043;2168;5.511;536477;0.004;2.093.255;2048;2163;8.515;828929;0.003;2.231.506;2060;2449;7.336;714082;0.003;2.153.142;2032;2314;6.370;620105;0.003;2.212.896;2056;2365;7.456;725830;0.003;2.134.171;2059;2288;7.454;725618;0.004;2.205.236;2088;2385;9.424;917378;0.004;2.294.518;2120;2696;9.428;917807;0.004;2.167.940;2032;2404;9.354;910535;0.004;2.317.415;2028;2801;9.475;922331;0.006;2.200.697;2029;2567;13.044;1269802;0.005;2.159.284;2028;2403;11.867;1155217;0.002;2.094.408;2020;2282;5.164;502658
207;15DIV_double-sequential-Ifenprodil1_w1Channel-B.tif;0.004;2.131.954;2056;2283;9.111;886893;0.003;2.102.753;2044;2170;5.508;536202;0.004;2.092.548;2032;2156;8.513;828649;0.003;2.229.472;2056;2432;7.329;713431;0.003;2.151.733;2028;2315;6.366;619699;0.003;2.209.924;2052;2373;7.446;724855;0.003;2.132.700;2064;2272;7.449;725118;0.004;2.204.293;2081;2380;9.420;916986;0.004;2.292.643;2113;2728;9.421;917057;0.004;2.168.221;2024;2413;9.355;910653;0.004;2.315.178;2024;2787;9.466;921441;0.006;2.200.910;2027;2581;13.046;1269925;0.005;2.159.071;2025;2382;11.866;1155103;0.002;2.093.667;2020;2264;5.162;502480
208;15DIV_double-sequential-Ifenprodil1_w1Channel-B.tif;0.004;2.132.553;2050;2277;9.113;887142;0.003;2.102.212;2038;2171;5.507;536064;0.004;2.090.687;2046;2169;8.505;827912;0.003;2.227.422;2057;2425;7.322;712775;0.003;2.150.132;2032;2311;6.361;619238;0.003;2.209.860;2042;2378;7.446;724834;0.003;2.133.185;2056;2284;7.451;725283;0.004;2.205.048;2084;2406;9.423;917300;0.004;2.292.458;2120;2720;9.420;916983;0.004;2.166.178;2028;2403;9.346;909795;0.004;2.311.666;2027;2776;9.451;920043;0.006;2.199.295;2024;2576;13.036;1268993;0.005;2.158.766;2032;2364;11.865;1154940;0.002;2.093.071;2022;2272;5.160;502337
209;15DIV_double-sequential-Ifenprodil1_w1Channel-B.tif;0.004;2.131.856;2053;2280;9.110;886852;0.003;2.102.498;2032;2176;5.508;536137;0.004;2.091.919;2034;2153;8.510;828400;0.003;2.229.328;2058;2453;7.328;713385;0.003;2.150.608;2020;2306;6.363;619375;0.003;2.210.232;2053;2392;7.447;724956;0.003;2.133.091;2058;2278;7.450;725251;0.004;2.203.651;2089;2426;9.417;916719;0.004;2.291.077;2124;2708;9.414;916431;0.004;2.166.214;2028;2384;9.346;909810;0.004;2.310.440;2025;2784;9.446;919555;0.006;2.198.991;2024;2550;13.034;1268818;0.005;2.157.673;2030;2358;11.859;1154355;0.002;2.093.204;2024;2257;5.161;502369
210;15DIV_double-sequential-Ifenprodil1_w1Channel-B.tif;0.004;2.131.894;2059;2266;9.111;886868;0.003;2.103.525;2035;2170;5.510;536399;0.004;2.092.199;2040;2160;8.511;828511;0.003;2.226.425;2060;2432;7.319;712456;0.003;2.150.955;2033;2306;6.364;619475;0.003;2.208.796;2052;2374;7.443;724485;0.003;2.132.232;2064;2273;7.447;724959;0.004;2.203.995;2085;2392;9.419;916862;0.004;2.291.070;2114;2699;9.414;916428;0.004;2.166.952;2030;2388;9.350;910120;0.004;2.308.088;2033;2777;9.437;918619;0.006;2.198.679;2024;2572;13.033;1268638;0.005;2.158.536;2032;2398;11.863;1154817;0.002;2.093.733;2016;2272;5.162;502496
211;15DIV_double-sequential-Ifenprodil1_w1Channel-B.tif;0.004;2.131.880;2048;2285;9.111;886862;0.003;2.102.169;2044;2160;5.507;536053;0.004;2.091.692;2038;2166;8.509;828310;0.003;2.226.559;2068;2425;7.319;712499;0.003;2.150.569;2036;2317;6.363;619364;0.003;2.209.393;2056;2392;7.445;724681;0.003;2.132.491;2053;2301;7.448;725047;0.004;2.204.067;2080;2388;9.419;916892;0.004;2.290.720;2115;2714;9.413;916288;0.004;2.165.117;2027;2391;9.342;909349;0.004;2.303.286;2026;2755;9.417;916708;0.006;2.197.562;2028;2536;13.026;1267993;0.005;2.157.493;2030;2384;11.858;1154259;0.002;2.093.308;2022;2261;5.161;502394
212;15DIV_double-sequential-Ifenprodil1_w1Channel-B.tif;0.004;2.132.772;2058;2274;9.114;887233;0.003;2.103.929;2030;2163;5.511;536502;0.004;2.092.248;2036;2165;8.511;828530;0.003;2.225.363;2064;2421;7.315;712116;0.003;2.151.017;2032;2327;6.364;619493;0.003;2.208.820;2045;2396;7.443;724493;0.003;2.132.179;2056;2291;7.447;724941;0.004;2.203.252;2090;2388;9.416;916553;0.004;2.291.100;2121;2699;9.414;916440;0.004;2.164.317;2030;2398;9.338;909013;0.004;2.301.799;2032;2747;9.411;916116;0.006;2.197.950;2030;2578;13.028;1268217;0.005;2.156.886;2036;2381;11.854;1153934;0.002;2.094.854;2019;2274;5.165;502765
213;15DIV_double-sequential-Ifenprodil1_w1Channel-B.tif;0.004;2.131.606;2056;2282;9.109;886748;0.003;2.102.459;2040;2163;5.508;536127;0.004;2.090.899;2038;2156;8.506;827996;0.003;2.223.328;2056;2429;7.309;711465;0.003;2.149.667;2029;2322;6.360;619104;0.003;2.207.180;2048;2374;7.437;723955;0.003;2.131.803;2049;2264;7.446;724813;0.004;2.202.714;2084;2388;9.413;916329;0.004;2.289.825;2124;2704;9.409;915930;0.004;2.163.895;2032;2401;9.336;908836;0.004;2.301.053;2030;2748;9.408;915819;0.006;2.195.808;2025;2566;13.016;1266981;0.005;2.157.712;2032;2400;11.859;1154376;0.002;2.094.654;2016;2285;5.164;502717
214;15DIV_double-sequential-Ifenprodil1_w1Channel-B.tif;0.004;2.131.115;2056;2272;9.107;886544;0.003;2.103.521;2040;2165;5.510;536398;0.004;2.091.735;2039;2160;8.509;828327;0.003;2.223.447;2044;2436;7.309;711503;0.003;2.149.757;2030;2320;6.360;619130;0.003;2.208.619;2060;2356;7.442;724427;0.003;2.131.662;2060;2264;7.445;724765;0.004;2.201.873;2088;2378;9.410;915979;0.004;2.288.490;2128;2724;9.404;915396;0.004;2.163.012;2030;2392;9.333;908465;0.004;2.296.485;2022;2754;9.389;914001;0.006;2.195.700;2028;2552;13.015;1266919;0.005;2.155.635;2032;2368;11.847;1153265;0.002;2.092.950;2024;2270;5.160;502308
215;15DIV_double-sequential-Ifenprodil1_w1Channel-B.tif;0.004;2.131.435;2049;2296;9.109;886677;0.003;2.101.274;2035;2168;5.504;535825;0.004;2.090.783;2038;2165;8.505;827950;0.003;2.221.703;2052;2409;7.303;710945;0.003;2.148.931;2026;2314;6.358;618892;0.003;2.207.893;2054;2376;7.439;724189;0.003;2.131.618;2061;2272;7.445;724750;0.004;2.201.399;2086;2370;9.408;915782;0.004;2.287.363;2106;2697;9.399;914945;0.004;2.163.007;2023;2377;9.333;908463;0.004;2.295.719;2032;2756;9.386;913696;0.006;2.195.201;2025;2566;13.012;1266631;0.005;2.156.398;2030;2346;11.852;1153673;0.002;2.094.062;2024;2256;5.163;502575
216;15DIV_double-sequential-Ifenprodil1_w1Channel-B.tif;0.004;2.130.697;2055;2267;9.106;886370;0.003;2.102.945;2034;2166;5.509;536251;0.004;2.090.826;2040;2180;8.506;827967;0.003;2.222.200;2060;2432;7.305;711104;0.003;2.149.476;2032;2321;6.359;619049;0.003;2.206.229;2050;2380;7.434;723643;0.003;2.131.076;2055;2281;7.443;724566;0.004;2.201.171;2092;2393;9.407;915687;0.004;2.285.532;2117;2706;9.392;914213;0.004;2.160.541;2032;2384;9.322;907427;0.004;2.291.264;2032;2717;9.368;911923;0.006;2.193.820;2026;2549;13.004;1265834;0.005;2.155.533;2032;2398;11.847;1153210;0.002;2.092.817;2020;2249;5.160;502276
217;15DIV_double-sequential-Ifenprodil1_w1Channel-B.tif;0.004;2.129.961;2043;2272;9.102;886064;0.003;2.101.729;2035;2180;5.506;535941;0.004;2.091.396;2034;2169;8.508;828193;0.003;2.220.691;2066;2418;7.300;710621;0.003;2.148.944;2036;2311;6.358;618896;0.003;2.206.043;2048;2359;7.433;723582;0.003;2.131.456;2059;2281;7.445;724695;0.004;2.200.743;2089;2384;9.405;915509;0.004;2.287.515;2118;2709;9.400;915006;0.004;2.160.343;2033;2384;9.321;907344;0.004;2.289.920;2029;2705;9.363;911388;0.006;2.194.239;2028;2557;13.006;1266076;0.005;2.154.561;2030;2392;11.841;1152690;0.002;2.093.375;2017;2259;5.161;502410
218;15DIV_double-sequential-Ifenprodil1_w1Channel-B.tif;0.004;2.130.692;2053;2272;9.106;886368;0.003;2.103.027;2037;2161;5.509;536272;0.004;2.090.614;2040;2169;8.505;827883;0.003;2.219.244;2060;2414;7.295;710158;0.003;2.148.194;2032;2328;6.356;618680;0.003;2.204.777;2052;2364;7.429;723167;0.003;2.131.388;2060;2267;7.444;724672;0.004;2.201.719;2092;2389;9.409;915915;0.004;2.286.330;2115;2704;9.395;914532;0.004;2.159.857;2025;2400;9.319;907140;0.004;2.287.623;2025;2717;9.353;910474;0.006;2.193.147;2026;2528;13.000;1265446;0.005;2.155.120;2026;2400;11.844;1152989;0.002;2.093.292;2019;2259;5.161;502390
219;15DIV_double-sequential-Ifenprodil1_w1Channel-B.tif;0.004;2.129.914;2058;2272;9.102;886044;0.003;2.102.369;2036;2163;5.507;536104;0.004;2.090.492;2035;2160;8.504;827835;0.003;2.218.278;2064;2432;7.292;709849;0.003;2.148.073;2029;2316;6.355;618645;0.003;2.204.713;2044;2370;7.429;723146;0.003;2.130.965;2064;2284;7.443;724528;0.004;2.199.392;2080;2373;9.399;914947;0.004;2.284.705;2120;2704;9.388;913882;0.004;2.160.957;2032;2400;9.324;907602;0.004;2.286.407;2028;2709;9.348;909990;0.006;2.193.631;2027;2537;13.003;1265725;0.005;2.155.507;2025;2369;11.847;1153196;0.002;2.094.754;2016;2280;5.165;502741
220;15DIV_double-sequential-Ifenprodil1_w1Channel-B.tif;0.004;2.131.058;2050;2277;9.107;886520;0.003;2.102.188;2036;2160;5.507;536058;0.004;2.090.386;2034;2160;8.504;827793;0.003;2.217.869;2054;2426;7.291;709718;0.003;2.146.288;2022;2328;6.350;618131;0.003;2.203.213;2048;2344;7.424;722654;0.003;2.130.991;2050;2268;7.443;724537;0.004;2.199.154;2089;2368;9.398;914848;0.004;2.283.675;2112;2697;9.384;913470;0.004;2.159.214;2026;2392;9.316;906870;0.004;2.283.364;2030;2724;9.336;908779;0.006;2.191.705;2022;2565;12.991;1264614;0.005;2.154.008;2028;2344;11.838;1152394;0.002;2.092.488;2024;2274;5.159;502197
221;15DIV_double-sequential-Ifenprodil1_w1Channel-B.tif;0.004;2.129.692;2052;2282;9.101;885952;0.003;2.103.212;2037;2160;5.510;536319;0.004;2.089.801;2038;2161;8.501;827561;0.003;2.216.216;2064;2404;7.285;709189;0.003;2.146.205;2034;2311;6.350;618107;0.003;2.203.329;2043;2373;7.424;722692;0.003;2.130.526;2056;2268;7.441;724379;0.004;2.199.546;2096;2393;9.400;915011;0.004;2.286.165;2124;2691;9.394;914466;0.004;2.159.860;2030;2376;9.319;907141;0.004;2.281.885;2032;2696;9.330;908190;0.006;2.192.194;2026;2544;12.994;1264896;0.005;2.153.327;2033;2389;11.835;1152030;0.002;2.093.321;2024;2260;5.161;502397
222;15DIV_double-sequential-Ifenprodil1_w1Channel-B.tif;0.004;2.130.106;2054;2269;9.103;886124;0.003;2.102.369;2036;2160;5.507;536104;0.004;2.090.798;2034;2157;8.505;827956;0.003;2.216.469;2064;2414;7.286;709270;0.003;2.147.253;2033;2310;6.353;618409;0.003;2.203.085;2056;2374;7.423;722612;0.003;2.130.665;2053;2275;7.442;724426;0.004;2.197.695;2086;2392;9.392;914241;0.004;2.283.395;2124;2682;9.383;913358;0.004;2.157.026;2024;2377;9.307;905951;0.004;2.278.671;2030;2713;9.317;906911;0.006;2.189.951;2021;2552;12.981;1263602;0.005;2.151.733;2028;2368;11.826;1151177;0.002;2.092.021;2020;2268;5.158;502085
223;15DIV_double-sequential-Ifenprodil1_w1Channel-B.tif;0.004;2.130.062;2054;2285;9.103;886106;0.003;2.102.271;2039;2162;5.507;536079;0.004;2.090.083;2041;2160;8.503;827673;0.003;2.215.906;2054;2404;7.284;709090;0.003;2.145.948;2032;2300;6.349;618033;0.003;2.202.158;2058;2364;7.420;722308;0.003;2.131.285;2056;2272;7.444;724637;0.004;2.198.055;2088;2384;9.393;914391;0.004;2.281.735;2116;2688;9.376;912694;0.004;2.157.764;2033;2368;9.310;906261;0.004;2.278.249;2028;2704;9.315;906743;0.006;2.190.314;2028;2545;12.983;1263811;0.005;2.153.430;2032;2361;11.835;1152085;0.002;2.092.621;2028;2277;5.159;502229
224;15DIV_double-sequential-Ifenprodil1_w1Channel-B.tif;0.004;2.130.976;2053;2266;9.107;886486;0.003;2.103.400;2040;2156;5.510;536367;0.004;2.090.525;2037;2164;8.504;827848;0.003;2.214.231;2060;2404;7.279;708554;0.003;2.146.024;2039;2300;6.349;618055;0.003;2.201.049;2056;2360;7.416;721944;0.003;2.130.479;2059;2280;7.441;724363;0.004;2.197.724;2084;2388;9.392;914253;0.004;2.283.730;2104;2692;9.384;913492;0.004;2.157.383;2032;2353;9.308;906101;0.004;2.274.332;2032;2682;9.299;905184;0.006;2.189.950;2025;2548;12.981;1263601;0.005;2.152.428;2032;2386;11.830;1151549;0.002;2.092.312;2024;2290;5.159;502155
225;15DIV_double-sequential-Ifenprodil1_w1Channel-B.tif;0.004;2.130.363;2038;2280;9.104;886231;0.003;2.102.490;2038;2168;5.508;536135;0.004;2.089.285;2036;2156;8.499;827357;0.003;2.215.438;2062;2393;7.283;708940;0.003;2.146.087;2035;2314;6.349;618073;0.003;2.202.137;2056;2360;7.420;722301;0.003;2.129.629;2058;2264;7.438;724074;0.004;2.198.704;2092;2374;9.396;914661;0.004;2.281.635;2117;2673;9.376;912654;0.004;2.156.990;2025;2375;9.307;905936;0.004;2.274.583;2032;2688;9.300;905284;0.006;2.190.390;2029;2562;12.983;1263855;0.005;2.152.417;2033;2355;11.830;1151543;0.002;2.092.096;2018;2274;5.158;502103
226;15DIV_double-sequential-Ifenprodil1_w1Channel-B.tif;0.004;2.130.051;2056;2265;9.103;886101;0.003;2.102.827;2032;2165;5.509;536221;0.004;2.090.611;2040;2160;8.505;827882;0.003;2.213.747;2064;2400;7.277;708399;0.003;2.144.677;2032;2316;6.345;617667;0.003;2.200.768;2060;2369;7.415;721852;0.003;2.128.974;2060;2262;7.436;723851;0.004;2.196.445;2089;2374;9.387;913721;0.004;2.282.867;2115;2684;9.381;913147;0.004;2.156.943;2028;2386;9.306;905916;0.004;2.273.442;2034;2692;9.295;904830;0.006;2.189.153;2029;2523;12.976;1263141;0.005;2.152.177;2028;2364;11.828;1151415;0.002;2.093.104;2024;2272;5.161;502345
227;15DIV_double-sequential-Ifenprodil1_w1Channel-B.tif;0.004;2.129.459;2045;2272;9.100;885855;0.003;2.103.479;2035;2160;5.510;536387;0.004;2.090.381;2033;2155;8.504;827791;0.003;2.212.556;2059;2416;7.273;708018;0.003;2.143.892;2035;2304;6.343;617441;0.003;2.199.939;2050;2368;7.413;721580;0.003;2.129.659;2052;2276;7.438;724084;0.004;2.196.990;2088;2363;9.389;913948;0.004;2.280.315;2112;2704;9.370;912126;0.004;2.155.702;2026;2361;9.301;905395;0.004;2.269.598;2029;2678;9.279;903300;0.006;2.187.934;2022;2528;12.969;1262438;0.005;2.150.791;2032;2362;11.821;1150673;0.002;2.091.529;2024;2272;5.157;501967
228;15DIV_double-sequential-Ifenprodil1_w1Channel-B.tif;0.004;2.128.901;2051;2274;9.098;885623;0.003;2.103.086;2039;2171;5.509;536287;0.004;2.088.652;2036;2152;8.497;827106;0.003;2.211.212;2060;2394;7.269;707588;0.003;2.143.347;2033;2309;6.341;617284;0.003;2.200.207;2048;2330;7.414;721668;0.003;2.129.394;2057;2273;7.437;723994;0.004;2.196.161;2090;2374;9.385;913603;0.004;2.281.242;2121;2668;9.374;912497;0.004;2.154.936;2024;2349;9.298;905073;0.004;2.269.028;2024;2662;9.277;903073;0.006;2.187.842;2024;2508;12.968;1262385;0.005;2.151.918;2032;2344;11.827;1151276;0.002;2.091.454;2020;2259;5.156;501949
229;15DIV_double-sequential-Ifenprodil1_w1Channel-B.tif;0.004;2.129.154;2048;2264;9.099;885728;0.003;2.103.479;2032;2169;5.510;536387;0.004;2.089.818;2040;2160;8.501;827568;0.003;2.212.091;2054;2393;7.272;707869;0.003;2.145.330;2037;2305;6.347;617855;0.003;2.198.396;2048;2362;7.407;721074;0.003;2.129.144;2064;2292;7.437;723909;0.004;2.196.274;2088;2384;9.386;913650;0.004;2.281.673;2117;2706;9.376;912669;0.004;2.154.102;2027;2353;9.294;904723;0.004;2.265.457;2025;2640;9.263;901652;0.006;2.185.646;2024;2543;12.955;1261118;0.005;2.150.521;2020;2354;11.819;1150529;0.002;2.090.483;2024;2248;5.154;501716
230;15DIV_double-sequential-Ifenprodil1_w1Channel-B.tif;0.004;2.128.661;2059;2272;9.097;885523;0.003;2.101.616;2029;2163;5.505;535912;0.004;2.088.568;2034;2150;8.496;827073;0.003;2.209.791;2060;2412;7.264;707133;0.003;2.143.722;2024;2314;6.342;617392;0.003;2.199.381;2056;2347;7.411;721397;0.003;2.128.177;2059;2280;7.433;723580;0.004;2.196.661;2092;2369;9.387;913811;0.004;2.280.295;2114;2676;9.370;912118;0.004;2.154.455;2028;2358;9.296;904871;0.004;2.266.369;2028;2706;9.266;902015;0.006;2.185.882;2028;2521;12.957;1261254;0.005;2.150.275;2032;2381;11.818;1150397;0.002;2.089.054;2020;2268;5.151;501373
231;15DIV_double-sequential-Ifenprodil1_w1Channel-B.tif;0.004;2.129.332;2053;2273;9.100;885802;0.003;2.102.145;2044;2169;5.507;536047;0.004;2.089.422;2038;2148;8.500;827411;0.003;2.209.631;2060;2416;7.264;707082;0.003;2.142.719;2037;2310;6.339;617103;0.003;2.196.546;2048;2352;7.401;720467;0.003;2.127.703;2056;2272;7.432;723419;0.004;2.195.168;2082;2362;9.381;913190;0.004;2.280.327;2118;2660;9.370;912131;0.004;2.152.755;2028;2350;9.288;904157;0.004;2.263.249;2026;2646;9.254;900773;0.006;2.185.102;2024;2538;12.952;1260804;0.005;2.149.507;2026;2360;11.814;1149986;0.002;2.089.508;2021;2252;5.152;501482
232;15DIV_double-sequential-Ifenprodil1_w1Channel-B.tif;0.004;2.127.240;2045;2281;9.091;884932;0.003;2.100.914;2032;2164;5.504;535733;0.004;2.088.917;2035;2157;8.498;827211;0.003;2.209.203;2064;2404;7.262;706945;0.003;2.142.562;2042;2314;6.339;617058;0.003;2.196.890;2039;2348;7.402;720580;0.003;2.128.112;2049;2276;7.433;723558;0.004;2.193.435;2092;2368;9.374;912469;0.004;2.278.105;2115;2680;9.361;911242;0.004;2.153.310;2024;2336;9.291;904390;0.004;2.261.970;2025;2672;9.248;900264;0.006;2.184.194;2024;2517;12.947;1260280;0.005;2.149.331;2032;2358;11.813;1149892;0.002;2.089.104;2018;2260;5.151;501385
233;15DIV_double-sequential-Ifenprodil1_w1Channel-B.tif;0.004;2.128.889;2055;2268;9.098;885618;0.003;2.100.737;2040;2167;5.503;535688;0.004;2.088.447;2037;2150;8.496;827025;0.003;2.208.738;2064;2408;7.261;706796;0.003;2.141.792;2036;2308;6.337;616836;0.003;2.196.302;2048;2341;7.400;720387;0.003;2.127.694;2057;2256;7.432;723416;0.004;2.194.199;2089;2352;9.377;912787;0.004;2.278.552;2106;2668;9.363;911421;0.004;2.152.100;2029;2373;9.285;903882;0.004;2.260.153;2028;2647;9.241;899541;0.006;2.184.274;2020;2514;12.947;1260326;0.005;2.149.241;2024;2372;11.812;1149844;0.002;2.088.167;2019;2245;5.148;501160
234;15DIV_double-sequential-Ifenprodil1_w1Channel-B.tif;0.004;2.128.053;2045;2263;9.094;885270;0.003;2.102.922;2037;2157;5.509;536245;0.004;2.088.871;2037;2158;8.498;827193;0.003;2.208.197;2060;2384;7.259;706623;0.003;2.142.372;2036;2304;6.338;617003;0.003;2.195.079;2056;2350;7.396;719986;0.003;2.127.509;2041;2278;7.431;723353;0.004;2.192.988;2092;2368;9.372;912283;0.004;2.279.060;2125;2688;9.365;911624;0.004;2.151.591;2025;2352;9.283;903668;0.004;2.257.583;2028;2636;9.230;898518;0.006;2.183.038;2026;2505;12.940;1259613;0.005;2.146.508;2026;2336;11.797;1148382;0.002;2.087.242;2019;2264;5.146;500938
235;15DIV_double-sequential-Ifenprodil1_w1Channel-B.tif;0.004;2.128.339;2045;2265;9.095;885389;0.003;2.103.031;2038;2164;5.509;536273;0.004;2.089.712;2032;2152;8.501;827526;0.003;2.207.381;2058;2408;7.256;706362;0.003;2.142.844;2032;2306;6.340;617139;0.003;2.195.546;2057;2330;7.398;720139;0.003;2.128.197;2056;2251;7.433;723587;0.004;2.193.298;2084;2358;9.373;912412;0.004;2.278.635;2117;2689;9.363;911454;0.004;2.151.186;2028;2347;9.281;903498;0.004;2.256.495;2028;2634;9.226;898085;0.006;2.183.282;2028;2523;12.941;1259754;0.005;2.147.832;2024;2382;11.804;1149090;0.002;2.088.421;2025;2252;5.149;501221
236;15DIV_double-sequential-Ifenprodil1_w1Channel-B.tif;0.004;2.128.457;2048;2256;9.096;885438;0.003;2.102.937;2028;2174;5.509;536249;0.004;2.089.816;2041;2168;8.501;827567;0.003;2.207.584;2048;2408;7.257;706427;0.003;2.143.892;2036;2308;6.343;617441;0.003;2.196.832;2054;2355;7.402;720561;0.003;2.128.779;2060;2272;7.435;723785;0.004;2.194.089;2076;2364;9.376;912741;0.004;2.278.718;2116;2708;9.364;911487;0.004;2.150.969;2024;2356;9.281;903407;0.004;2.255.523;2028;2648;9.222;897698;0.006;2.183.184;2027;2500;12.941;1259697;0.005;2.147.505;2027;2358;11.803;1148915;0.002;2.087.517;2020;2252;5.147;501004
237;15DIV_double-sequential-Ifenprodil1_w1Channel-B.tif;0.004;2.126.868;2048;2272;9.089;884777;0.003;2.102.769;2032;2161;5.508;536206;0.004;2.088.467;2041;2160;8.496;827033;0.003;2.205.656;2058;2406;7.251;705810;0.003;2.141.417;2036;2309;6.336;616728;0.003;2.194.265;2061;2360;7.394;719719;0.003;2.125.788;2049;2263;7.425;722768;0.004;2.192.012;2091;2381;9.368;911877;0.004;2.277.010;2105;2672;9.357;910804;0.004;2.151.322;2025;2360;9.282;903555;0.004;2.254.754;2030;2624;9.219;897392;0.006;2.183.134;2030;2501;12.940;1259668;0.005;2.147.426;2027;2378;11.802;1148873;0.002;2.088.667;2027;2249;5.150;501280
238;15DIV_double-sequential-Ifenprodil1_w1Channel-B.tif;0.004;2.127.839;2049;2272;9.093;885181;0.003;2.102.212;2037;2166;5.507;536064;0.004;2.089.548;2030;2158;8.500;827461;0.003;2.206.741;2059;2400;7.254;706157;0.003;2.142.003;2039;2298;6.337;616897;0.003;2.195.015;2056;2361;7.396;719965;0.003;2.126.547;2059;2286;7.428;723026;0.004;2.192.065;2084;2372;9.368;911899;0.004;2.276.518;2124;2692;9.355;910607;0.004;2.150.214;2029;2343;9.277;903090;0.004;2.252.804;2025;2639;9.211;896616;0.006;2.182.250;2024;2512;12.935;1259158;0.005;2.146.703;2027;2326;11.798;1148486;0.002;2.088.696;2017;2268;5.150;501287
239;15DIV_double-sequential-Ifenprodil1_w1Channel-B.tif;0.004;2.126.685;2048;2268;9.088;884701;0.003;2.102.616;2040;2155;5.508;536167;0.004;2.088.460;2030;2146;8.496;827030;0.003;2.205.534;2052;2397;7.250;705771;0.003;2.141.500;2034;2306;6.336;616752;0.003;2.193.960;2045;2338;7.393;719619;0.003;2.124.862;2058;2272;7.422;722453;0.004;2.191.024;2080;2362;9.363;911466;0.004;2.276.623;2120;2701;9.355;910649;0.004;2.149.533;2025;2358;9.274;902804;0.004;2.252.266;2030;2632;9.209;896402;0.006;2.181.504;2024;2504;12.931;1258728;0.005;2.147.366;2028;2380;11.802;1148841;0.002;2.087.746;2022;2264;5.147;501059
240;15DIV_double-sequential-Ifenprodil1_w1Channel-B.tif;0.004;2.127.546;2037;2264;9.092;885059;0.003;2.102.482;2040;2157;5.508;536133;0.004;2.087.960;2030;2149;8.494;826832;0.003;2.204.334;2056;2402;7.246;705387;0.003;2.141.028;2040;2304;6.334;616616;0.003;2.193.268;2048;2336;7.390;719392;0.003;2.125.468;2054;2264;7.424;722659;0.004;2.190.704;2080;2360;9.362;911333;0.004;2.275.702;2118;2665;9.351;910281;0.004;2.149.521;2028;2361;9.274;902799;0.004;2.249.942;2026;2632;9.199;895477;0.006;2.180.220;2028;2513;12.923;1257987;0.005;2.146.279;2028;2333;11.796;1148259;0.002;2.086.492;2016;2264;5.144;500758
241;15DIV_double-sequential-Ifenprodil1_w1Channel-B.tif;0.004;2.128.574;2052;2264;9.096;885487;0.003;2.102.655;2034;2165;5.508;536177;0.004;2.088.811;2035;2157;8.497;827169;0.003;2.205.587;2058;2393;7.250;705788;0.003;2.142.118;2032;2309;6.338;616930;0.003;2.194.201;2057;2329;7.393;719698;0.003;2.126.665;2057;2274;7.428;723066;0.004;2.191.584;2080;2352;9.366;911699;0.004;2.274.785;2124;2664;9.347;909914;0.004;2.150.200;2030;2352;9.277;903084;0.004;2.251.307;2022;2608;9.205;896020;0.006;2.181.352;2032;2506;12.930;1258640;0.005;2.146.250;2028;2339;11.796;1148244;0.002;2.086.996;2020;2256;5.145;500879
242;15DIV_double-sequential-Ifenprodil1_w1Channel-B.tif;0.004;2.128.183;2049;2266;9.095;885324;0.003;2.102.627;2033;2168;5.508;536170;0.004;2.088.477;2030;2152;8.496;827037;0.003;2.203.212;2068;2402;7.243;705028;0.003;2.141.969;2032;2304;6.337;616887;0.003;2.194.698;2052;2345;7.395;719861;0.003;2.125.903;2060;2288;7.425;722807;0.004;2.191.065;2090;2371;9.364;911483;0.004;2.276.820;2101;2672;9.356;910728;0.004;2.150.440;2032;2364;9.278;903185;0.004;2.248.510;2026;2604;9.193;894907;0.006;2.181.064;2028;2513;12.928;1258474;0.005;2.146.174;2024;2355;11.795;1148203;0.002;2.086.471;2024;2250;5.144;500753
243;15DIV_double-sequential-Ifenprodil1_w1Channel-B.tif;0.004;2.127.789;2048;2273;9.093;885160;0.003;2.102.969;2036;2161;5.509;536257;0.004;2.088.982;2040;2155;8.498;827237;0.003;2.201.928;2061;2400;7.238;704617;0.003;2.141.701;2028;2294;6.336;616810;0.003;2.192.741;2056;2352;7.388;719219;0.003;2.125.250;2049;2272;7.423;722585;0.004;2.192.010;2092;2388;9.368;911876;0.004;2.273.535;2124;2680;9.342;909414;0.004;2.148.831;2028;2369;9.271;902509;0.004;2.249.907;2027;2615;9.199;895463;0.006;2.180.142;2030;2513;12.923;1257942;0.005;2.146.970;2025;2347;11.800;1148629;0.002;2.086.321;2020;2243;5.144;500717
244;15DIV_double-sequential-Ifenprodil1_w1Channel-B.tif;0.004;2.127.000;2052;2258;9.090;884832;0.003;2.103.102;2036;2166;5.509;536291;0.004;2.087.598;2032;2160;8.492;826689;0.003;2.202.625;2062;2392;7.241;704840;0.003;2.140.837;2036;2300;6.334;616561;0.003;2.191.762;2048;2333;7.385;718898;0.003;2.124.832;2056;2267;7.422;722443;0.004;2.189.159;2081;2360;9.355;910690;0.004;2.273.492;2112;2692;9.342;909397;0.004;2.148.064;2030;2337;9.268;902187;0.004;2.247.648;2030;2624;9.190;894564;0.006;2.179.887;2030;2492;12.921;1257795;0.005;2.146.017;2022;2339;11.794;1148119;0.002;2.085.971;2024;2246;5.143;500633
245;15DIV_double-sequential-Ifenprodil1_w1Channel-B.tif;0.004;2.126.817;2052;2261;9.089;884756;0.003;2.101.161;2033;2154;5.504;535796;0.004;2.088.094;2027;2148;8.494;826885;0.003;2.201.512;2060;2392;7.237;704484;0.003;2.140.007;2036;2293;6.331;616322;0.003;2.191.162;2053;2365;7.383;718701;0.003;2.124.709;2057;2272;7.421;722401;0.004;2.190.289;2093;2360;9.360;911160;0.004;2.273.337;2121;2669;9.341;909335;0.004;2.148.031;2025;2346;9.268;902173;0.004;2.245.412;2028;2624;9.181;893674;0.006;2.179.156;2031;2515;12.917;1257373;0.005;2.144.239;2026;2355;11.785;1147168;0.002;2.086.079;2023;2272;5.143;500659
246;15DIV_double-sequential-Ifenprodil1_w1Channel-B.tif;0.004;2.126.877;2042;2266;9.089;884781;0.003;2.101.918;2040;2168;5.506;535989;0.004;2.087.449;2036;2168;8.492;826630;0.003;2.201.462;2064;2384;7.237;704468;0.003;2.139.740;2029;2294;6.331;616245;0.003;2.192.332;2048;2316;7.387;719085;0.003;2.125.159;2048;2281;7.423;722554;0.004;2.189.762;2088;2376;9.358;910941;0.004;2.274.840;2124;2677;9.348;909936;0.004;2.147.700;2025;2337;9.266;902034;0.004;2.244.073;2029;2617;9.175;893141;0.006;2.178.568;2025;2496;12.913;1257034;0.005;2.143.991;2034;2344;11.783;1147035;0.002;2.085.363;2016;2262;5.141;500487
247;15DIV_double-sequential-Ifenprodil1_w1Channel-B.tif;0.004;2.126.632;2054;2272;9.088;884679;0.003;2.101.243;2038;2168;5.504;535817;0.004;2.087.906;2020;2149;8.494;826811;0.003;2.201.094;2060;2401;7.236;704350;0.003;2.140.056;2030;2309;6.332;616336;0.003;2.191.500;2040;2341;7.384;718812;0.003;2.123.644;2062;2258;7.417;722039;0.004;2.189.748;2073;2356;9.358;910935;0.004;2.275.018;2121;2676;9.348;910007;0.004;2.146.250;2025;2348;9.260;901425;0.004;2.245.437;2022;2608;9.181;893684;0.006;2.178.984;2025;2505;12.916;1257274;0.005;2.143.869;2033;2346;11.783;1146970;0.002;2.085.400;2021;2254;5.142;500496
248;15DIV_double-sequential-Ifenprodil1_w1Channel-B.tif;0.004;2.126.385;2052;2260;9.087;884576;0.003;2.101.875;2042;2162;5.506;535978;0.004;2.087.376;2033;2165;8.492;826601;0.003;2.200.294;2058;2402;7.233;704094;0.003;2.140.101;2030;2312;6.332;616349;0.003;2.189.939;2056;2354;7.379;718300;0.003;2.124.200;2053;2282;7.419;722228;0.004;2.188.103;2093;2360;9.351;910251;0.004;2.271.573;2119;2644;9.334;908629;0.004;2.145.898;2026;2356;9.259;901277;0.004;2.243.105;2018;2611;9.171;892756;0.006;2.178.672;2027;2512;12.914;1257094;0.005;2.143.357;2028;2348;11.780;1146696;0.002;2.085.004;2020;2252;5.141;500401
249;15DIV_double-sequential-Ifenprodil1_w1Channel-B.tif;0.004;2.126.404;2044;2284;9.087;884584;0.003;2.101.992;2036;2163;5.506;536008;0.004;2.087.646;2041;2152;8.493;826708;0.003;2.200.319;2057;2397;7.233;704102;0.003;2.139.247;2032;2306;6.329;616103;0.003;2.189.433;2048;2306;7.377;718134;0.003;2.124.482;2053;2292;7.420;722324;0.004;2.189.305;2088;2369;9.356;910751;0.004;2.272.933;2124;2658;9.340;909173;0.004;2.146.512;2026;2345;9.261;901535;0.004;2.243.201;2025;2588;9.172;892794;0.006;2.177.302;2026;2496;12.906;1256303;0.005;2.143.110;2020;2332;11.778;1146564;0.002;2.084.933;2022;2267;5.140;500384
250;15DIV_double-sequential-Ifenprodil1_w1Channel-B.tif;0.004;2.127.435;2052;2264;9.092;885013;0.003;2.102.792;2040;2158;5.508;536212;0.004;2.088.384;2032;2153;8.496;827000;0.003;2.200.356;2061;2400;7.233;704114;0.003;2.140.198;2026;2293;6.332;616377;0.003;2.192.366;2057;2360;7.387;719096;0.003;2.123.965;2060;2264;7.419;722148;0.004;2.188.894;2082;2336;9.354;910580;0.004;2.272.410;2120;2669;9.338;908964;0.004;2.146.914;2026;2332;9.263;901704;0.004;2.242.211;2026;2584;9.167;892400;0.006;2.177.471;2024;2501;12.907;1256401;0.005;2.142.721;2028;2351;11.776;1146356;0.002;2.084.979;2024;2249;5.140;500395
251;15DIV_double-sequential-Ifenprodil1_w1Channel-B.tif;0.004;2.125.986;2048;2272;9.085;884410;0.003;2.100.820;2038;2152;5.503;535709;0.004;2.086.906;2037;2148;8.490;826415;0.003;2.198.556;2057;2374;7.227;703538;0.003;2.139.253;2033;2300;6.329;616105;0.003;2.189.232;2056;2344;7.377;718068;0.003;2.122.727;2051;2248;7.414;721727;0.004;2.187.639;2088;2368;9.349;910058;0.004;2.270.732;2121;2668;9.331;908293;0.004;2.146.074;2028;2332;9.259;901351;0.004;2.240.761;2024;2616;9.162;891823;0.006;2.176.328;2028;2497;12.900;1255741;0.005;2.141.903;2026;2352;11.772;1145918;0.002;2.083.058;2024;2251;5.136;499934
252;15DIV_double-sequential-Ifenprodil1_w1Channel-B.tif;0.004;2.126.171;2053;2263;9.086;884487;0.003;2.101.439;2040;2160;5.505;535867;0.004;2.087.381;2041;2150;8.492;826603;0.003;2.200.016;2056;2390;7.232;704005;0.003;2.140.038;2036;2288;6.331;616331;0.003;2.189.619;2053;2342;7.378;718195;0.003;2.121.832;2051;2248;7.411;721423;0.004;2.188.411;2092;2354;9.352;910379;0.004;2.271.022;2112;2685;9.332;908409;0.004;2.146.017;2028;2338;9.259;901327;0.004;2.242.317;2027;2599;9.168;892442;0.006;2.177.905;2016;2514;12.909;1256651;0.005;2.143.079;2024;2324;11.778;1146547;0.002;2.084.108;2026;2240;5.138;500186
253;15DIV_double-sequential-Ifenprodil1_w1Channel-B.tif;0.004;2.124.673;2052;2257;9.080;883864;0.003;2.101.337;2025;2168;5.505;535841;0.004;2.085.917;2036;2150;8.486;826023;0.003;2.197.509;2057;2416;7.224;703203;0.003;2.137.889;2018;2281;6.325;615712;0.003;2.187.979;2054;2328;7.372;717657;0.003;2.123.191;2056;2288;7.416;721885;0.004;2.187.901;2081;2360;9.350;910167;0.004;2.270.855;2107;2728;9.331;908342;0.004;2.144.574;2027;2348;9.253;900721;0.004;2.240.817;2034;2594;9.162;891845;0.006;2.176.418;2028;2524;12.901;1255793;0.005;2.140.821;2021;2352;11.766;1145339;0.002;2.083.242;2018;2264;5.136;499978
254;15DIV_double-sequential-Ifenprodil1_w1Channel-B.tif;0.004;2.124.077;2051;2259;9.077;883616;0.003;2.102.149;2039;2165;5.507;536048;0.004;2.086.207;2035;2148;8.487;826138;0.003;2.196.634;2058;2400;7.221;702923;0.003;2.139.219;2027;2284;6.329;616095;0.003;2.188.223;2048;2310;7.373;717737;0.003;2.120.679;2052;2287;7.407;721031;0.004;2.187.474;2088;2359;9.348;909989;0.004;2.270.585;2121;2660;9.330;908234;0.004;2.144.990;2026;2318;9.255;900896;0.004;2.240.440;2028;2586;9.160;891695;0.006;2.175.969;2026;2491;12.898;1255534;0.005;2.141.396;2025;2328;11.769;1145647;0.002;2.083.679;2024;2238;5.137;500083
255;15DIV_double-sequential-Ifenprodil1_w1Channel-B.tif;0.004;2.124.933;2050;2258;9.081;883972;0.003;2.101.196;2040;2160;5.504;535805;0.004;2.086.740;2038;2152;8.489;826349;0.003;2.196.847;2056;2394;7.222;702991;0.003;2.139.674;2038;2293;6.330;616226;0.003;2.188.866;2058;2329;7.375;717948;0.003;2.120.618;2042;2232;7.407;721010;0.004;2.186.190;2080;2342;9.343;909455;0.004;2.270.595;2118;2674;9.330;908238;0.004;2.145.140;2025;2337;9.255;900959;0.004;2.238.756;2033;2600;9.153;891025;0.006;2.175.655;2026;2480;12.896;1255353;0.005;2.141.295;2026;2336;11.769;1145593;0.002;2.082.925;2012;2249;5.135;499902
256;15DIV_double-sequential-Ifenprodil1_w1Channel-B.tif;0.004;2.126.606;2052;2259;9.088;884668;0.003;2.102.479;2033;2168;5.508;536132;0.004;2.086.985;2029;2150;8.490;826446;0.003;2.197.738;2052;2384;7.225;703276;0.003;2.137.642;2036;2291;6.324;615641;0.003;2.186.604;2056;2328;7.368;717206;0.003;2.121.026;2061;2230;7.408;721149;0.004;2.185.728;2092;2353;9.341;909263;0.004;2.269.538;2112;2668;9.326;907815;0.004;2.143.974;2022;2328;9.250;900469;0.004;2.238.611;2028;2619;9.153;890967;0.006;2.176.260;2027;2482;12.900;1255702;0.005;2.141.396;2027;2329;11.769;1145647;0.002;2.083.942;2020;2238;5.138;500146
257;15DIV_double-sequential-Ifenprodil1_w1Channel-B.tif;0.004;2.125.197;2043;2269;9.082;884082;0.003;2.101.267;2035;2154;5.504;535823;0.004;2.086.106;2032;2144;8.486;826098;0.003;2.196.847;2049;2385;7.222;702991;0.003;2.138.049;2028;2300;6.326;615758;0.003;2.186.899;2052;2350;7.369;717303;0.003;2.120.159;2055;2259;7.405;720854;0.004;2.184.957;2091;2347;9.337;908942;0.004;2.268.640;2121;2656;9.322;907456;0.004;2.144.157;2022;2358;9.251;900546;0.004;2.238.922;2027;2580;9.154;891091;0.006;2.174.553;2024;2509;12.890;1254717;0.005;2.140.978;2028;2336;11.767;1145423;0.002;2.083.483;2016;2264;5.137;500036
258;15DIV_double-sequential-Ifenprodil1_w1Channel-B.tif;0.004;2.124.411;2044;2262;9.079;883755;0.003;2.101.502;2034;2158;5.505;535883;0.004;2.085.778;2029;2144;8.485;825968;0.003;2.196.406;2056;2397;7.220;702850;0.003;2.140.483;2034;2300;6.333;616459;0.003;2.187.768;2053;2341;7.372;717588;0.003;2.119.365;2056;2290;7.402;720584;0.004;2.186.322;2080;2368;9.343;909510;0.004;2.270.002;2115;2636;9.328;908001;0.004;2.144.355;2028;2328;9.252;900629;0.004;2.236.505;2028;2584;9.144;890129;0.006;2.175.215;2025;2513;12.893;1255099;0.005;2.140.370;2024;2329;11.763;1145098;0.002;2.082.600;2022;2242;5.135;499824
259;15DIV_double-sequential-Ifenprodil1_w1Channel-B.tif;0.004;2.125.611;2041;2266;9.084;884254;0.003;2.100.074;2030;2161;5.501;535519;0.004;2.086.066;2032;2168;8.486;826082;0.003;2.195.878;2056;2381;7.219;702681;0.003;2.138.500;2040;2299;6.327;615888;0.003;2.186.009;2052;2325;7.366;717011;0.003;2.119.312;2058;2272;7.402;720566;0.004;2.185.690;2080;2375;9.341;909247;0.004;2.268.140;2115;2644;9.320;907256;0.004;2.144.248;2032;2336;9.252;900584;0.004;2.238.676;2028;2618;9.153;890993;0.006;2.175.347;2018;2489;12.894;1255175;0.005;2.139.878;2029;2325;11.761;1144835;0.002;2.082.271;2012;2250;5.134;499745
260;15DIV_double-sequential-Ifenprodil1_w1Channel-B.tif;0.004;2.125.486;2043;2278;9.083;884202;0.003;2.102.325;2034;2167;5.507;536093;0.004;2.086.697;2033;2152;8.489;826332;0.003;2.197.144;2060;2408;7.223;703086;0.003;2.139.160;2026;2304;6.329;616078;0.003;2.187.765;2055;2313;7.372;717587;0.003;2.117.629;2056;2248;7.396;719994;0.004;2.185.447;2080;2356;9.340;909146;0.004;2.265.978;2113;2671;9.311;906391;0.004;2.143.538;2027;2336;9.248;900286;0.004;2.236.925;2028;2595;9.146;890296;0.006;2.174.546;2020;2498;12.889;1254713;0.005;2.140.499;2026;2329;11.764;1145167;0.002;2.082.058;2020;2243;5.133;499694
261;15DIV_double-sequential-Ifenprodil1_w1Channel-B.tif;0.004;2.124.880;2056;2272;9.081;883950;0.003;2.100.467;2042;2158;5.502;535619;0.004;2.085.538;2032;2147;8.484;825873;0.003;2.195.381;2062;2375;7.217;702522;0.003;2.137.382;2028;2297;6.324;615566;0.003;2.186.320;2050;2336;7.367;717113;0.003;2.117.971;2056;2257;7.398;720110;0.004;2.185.156;2083;2336;9.338;909025;0.004;2.267.413;2115;2656;9.317;906965;0.004;2.143.093;2032;2329;9.247;900099;0.004;2.237.251;2028;2596;9.147;890426;0.006;2.174.432;2028;2510;12.889;1254647;0.005;2.139.798;2029;2345;11.760;1144792;0.002;2.082.812;2016;2253;5.135;499875
262;15DIV_double-sequential-Ifenprodil1_w1Channel-B.tif;0.004;2.125.178;2056;2264;9.082;884074;0.003;2.101.451;2040;2163;5.505;535870;0.004;2.085.449;2033;2158;8.484;825838;0.003;2.196.712;2058;2389;7.221;702948;0.003;2.138.545;2033;2293;6.327;615901;0.003;2.187.229;2050;2319;7.370;717411;0.003;2.117.741;2056;2254;7.397;720032;0.004;2.184.762;2088;2350;9.337;908861;0.004;2.267.785;2117;2661;9.319;907114;0.004;2.143.431;2030;2344;9.248;900241;0.004;2.236.761;2026;2583;9.145;890231;0.006;2.174.624;2025;2514;12.890;1254758;0.005;2.140.976;2032;2346;11.767;1145422;0.002;2.082.321;2020;2252;5.134;499757
263;15DIV_double-sequential-Ifenprodil1_w1Channel-B.tif;0.004;2.125.923;2053;2268;9.085;884384;0.003;2.101.004;2025;2163;5.504;535756;0.004;2.086.586;2035;2158;8.488;826288;0.003;2.196.647;2060;2417;7.221;702927;0.003;2.139.309;2029;2307;6.329;616121;0.003;2.187.000;2050;2320;7.369;717336;0.003;2.117.073;2048;2242;7.394;719805;0.004;2.185.993;2093;2344;9.342;909373;0.004;2.268.272;2121;2654;9.321;907309;0.004;2.143.488;2027;2328;9.248;900265;0.004;2.234.545;2024;2585;9.136;889349;0.006;2.174.504;2030;2500;12.889;1254689;0.005;2.139.465;2024;2349;11.758;1144614;0.002;2.083.221;2020;2259;5.136;499973
264;15DIV_double-sequential-Ifenprodil1_w1Channel-B.tif;0.004;2.123.933;2043;2268;9.077;883556;0.003;2.099.788;2044;2163;5.501;535446;0.004;2.085.861;2033;2157;8.485;826001;0.003;2.195.447;2054;2380;7.217;702543;0.003;2.139.726;2036;2288;6.331;616241;0.003;2.186.936;2058;2350;7.369;717315;0.003;2.116.515;2057;2260;7.392;719615;0.004;2.185.724;2092;2348;9.341;909261;0.004;2.268.920;2118;2650;9.323;907568;0.004;2.142.598;2028;2330;9.244;899891;0.004;2.235.422;2032;2580;9.140;889698;0.006;2.173.504;2025;2518;12.883;1254112;0.005;2.140.422;2029;2344;11.764;1145126;0.002;2.082.812;2021;2260;5.135;499875
265;15DIV_double-sequential-Ifenprodil1_w1Channel-B.tif;0.004;2.123.861;2054;2257;9.076;883526;0.003;2.102.173;2040;2161;5.507;536054;0.004;2.086.091;2044;2156;8.486;826092;0.003;2.195.250;2048;2388;7.216;702480;0.003;2.139.045;2036;2292;6.329;616045;0.003;2.185.732;2045;2320;7.365;716920;0.003;2.115.800;2060;2282;7.390;719372;0.004;2.184.204;2092;2344;9.334;908629;0.004;2.266.005;2103;2669;9.311;906402;0.004;2.142.983;2031;2336;9.246;900053;0.004;2.233.224;2024;2570;9.131;888823;0.006;2.173.828;2030;2464;12.885;1254299;0.005;2.138.942;2024;2347;11.756;1144334;0.002;2.081.012;2024;2258;5.131;499443
266;15DIV_double-sequential-Ifenprodil1_w1Channel-B.tif;0.004;2.125.086;2049;2252;9.082;884036;0.003;2.102.122;2036;2162;5.507;536041;0.004;2.085.470;2032;2144;8.484;825846;0.003;2.194.331;2054;2381;7.213;702186;0.003;2.138.594;2036;2288;6.327;615915;0.003;2.185.031;2036;2338;7.362;716690;0.003;2.115.171;2057;2244;7.388;719158;0.004;2.184.716;2080;2352;9.336;908842;0.004;2.266.855;2121;2652;9.315;906742;0.004;2.143.357;2022;2350;9.248;900210;0.004;2.233.972;2026;2598;9.134;889121;0.006;2.173.759;2026;2480;12.885;1254259;0.005;2.139.131;2028;2316;11.757;1144435;0.002;2.081.154;2016;2268;5.131;499477
267;15DIV_double-sequential-Ifenprodil1_w1Channel-B.tif;0.004;2.124.382;2048;2261;9.079;883743;0.003;2.100.353;2032;2156;5.502;535590;0.004;2.086.301;2034;2144;8.487;826175;0.003;2.194.519;2064;2384;7.214;702246;0.003;2.138.205;2036;2294;6.326;615803;0.003;2.184.842;2056;2327;7.362;716628;0.003;2.115.221;2050;2244;7.388;719175;0.004;2.184.695;2082;2359;9.336;908833;0.004;2.265.640;2124;2658;9.310;906256;0.004;2.142.531;2028;2348;9.244;899863;0.004;2.233.482;2026;2586;9.132;888926;0.006;2.173.005;2025;2468;12.880;1253824;0.005;2.138.559;2032;2340;11.753;1144129;0.002;2.081.571;2024;2246;5.132;499577
268;15DIV_double-sequential-Ifenprodil1_w1Channel-B.tif;0.004;2.123.940;2042;2260;9.077;883559;0.003;2.100.922;2030;2160;5.504;535735;0.004;2.085.939;2032;2150;8.486;826032;0.003;2.195.372;2059;2388;7.217;702519;0.003;2.138.076;2033;2299;6.326;615766;0.003;2.184.768;2054;2328;7.362;716604;0.003;2.115.059;2058;2242;7.387;719120;0.004;2.183.964;2084;2336;9.333;908529;0.004;2.265.812;2112;2641;9.311;906325;0.004;2.143.357;2029;2324;9.248;900210;0.004;2.234.055;2022;2572;9.134;889154;0.006;2.172.735;2026;2496;12.879;1253668;0.005;2.139.740;2032;2323;11.760;1144761;0.002;2.082.725;2020;2245;5.135;499854
269;15DIV_double-sequential-Ifenprodil1_w1Channel-B.tif;0.004;2.126.692;2058;2264;9.088;884704;0.003;2.101.655;2040;2163;5.505;535922;0.004;2.086.068;2036;2154;8.486;826083;0.003;2.194.550;2056;2383;7.214;702256;0.003;2.139.615;2034;2305;6.330;616209;0.003;2.184.467;2060;2338;7.361;716505;0.003;2.113.541;2054;2241;7.382;718604;0.004;2.184.125;2083;2332;9.334;908596;0.004;2.263.893;2116;2675;9.303;905557;0.004;2.140.833;2028;2317;9.237;899150;0.004;2.233.040;2022;2582;9.130;888750;0.006;2.172.711;2024;2492;12.879;1253654;0.005;2.138.032;2024;2346;11.751;1143847;0.002;2.081.462;2026;2244;5.132;499551
270;15DIV_double-sequential-Ifenprodil1_w1Channel-B.tif;0.004;2.125.555;2048;2243;9.084;884231;0.003;2.102.588;2043;2164;5.508;536160;0.004;2.085.624;2042;2144;8.484;825907;0.003;2.194.556;2064;2379;7.214;702258;0.003;2.138.625;2037;2292;6.327;615924;0.003;2.184.884;2068;2330;7.362;716642;0.003;2.113.412;2059;2220;7.382;718560;0.004;2.184.012;2091;2351;9.333;908549;0.004;2.264.915;2124;2644;9.307;905966;0.004;2.141.148;2030;2341;9.238;899282;0.004;2.231.957;2030;2564;9.126;888319;0.006;2.173.314;2028;2490;12.882;1254002;0.005;2.138.806;2029;2317;11.755;1144261;0.002;2.081.054;2021;2261;5.131;499453
271;15DIV_double-sequential-Ifenprodil1_w1Channel-B.tif;0.004;2.123.961;2045;2263;9.077;883568;0.003;2.102.459;2037;2161;5.508;536127;0.004;2.084.737;2034;2140;8.481;825556;0.003;2.192.994;2053;2376;7.209;701758;0.003;2.138.882;2034;2306;6.328;615998;0.003;2.183.817;2049;2323;7.358;716292;0.003;2.111.265;2053;2232;7.374;717830;0.004;2.183.430;2089;2336;9.331;908307;0.004;2.263.255;2116;2644;9.300;905302;0.004;2.140.686;2027;2320;9.236;899088;0.004;2.233.176;2030;2574;9.131;888804;0.006;2.172.735;2030;2472;12.879;1253668;0.005;2.137.630;2028;2336;11.748;1143632;0.002;2.081.133;2019;2240;5.131;499472
272;15DIV_double-sequential-Ifenprodil1_w1Channel-B.tif;0.004;2.125.457;2056;2272;9.083;884190;0.003;2.101.827;2034;2156;5.506;535966;0.004;2.085.462;2036;2144;8.484;825843;0.003;2.195.359;2062;2374;7.217;702515;0.003;2.139.049;2035;2297;6.329;616046;0.003;2.185.012;2060;2313;7.362;716684;0.003;2.112.744;2059;2273;7.379;718333;0.004;2.184.199;2090;2339;9.334;908627;0.004;2.265.275;2104;2648;9.308;906110;0.004;2.142.698;2026;2354;9.245;899933;0.004;2.232.970;2024;2592;9.130;888722;0.006;2.173.215;2025;2468;12.882;1253945;0.005;2.139.275;2032;2355;11.757;1144512;0.002;2.082.429;2016;2240;5.134;499783
273;15DIV_double-sequential-Ifenprodil1_w1Channel-B.tif;0.004;2.124.411;2057;2254;9.079;883755;0.003;2.101.408;2036;2164;5.505;535859;0.004;2.086.192;2034;2155;8.487;826132;0.003;2.195.306;2056;2389;7.217;702498;0.003;2.139.424;2033;2291;6.330;616154;0.003;2.184.119;2054;2306;7.359;716391;0.003;2.111.853;2048;2250;7.376;718030;0.004;2.184.082;2089;2332;9.334;908578;0.004;2.264.260;2121;2642;9.304;905704;0.004;2.142.157;2027;2339;9.243;899706;0.004;2.232.312;2030;2570;9.127;888460;0.006;2.173.473;2026;2468;12.883;1254094;0.005;2.138.849;2033;2328;11.755;1144284;0.002;2.082.825;2024;2235;5.135;499878
274;15DIV_double-sequential-Ifenprodil1_w1Channel-B.tif;0.004;2.123.750;2045;2254;9.076;883480;0.003;2.101.820;2034;2156;5.506;535964;0.004;2.085.381;2019;2140;8.483;825811;0.003;2.193.500;2056;2368;7.211;701920;0.003;2.139.010;2034;2300;6.328;616035;0.003;2.183.887;2060;2333;7.359;716315;0.003;2.110.694;2048;2248;7.372;717636;0.004;2.181.776;2091;2340;9.324;907619;0.004;2.262.830;2113;2636;9.298;905132;0.004;2.141.822;2030;2344;9.241;899565;0.004;2.230.781;2032;2582;9.121;887851;0.006;2.171.721;2024;2518;12.873;1253083;0.005;2.137.516;2027;2342;11.748;1143571;0.002;2.080.283;2016;2244;5.129;499268
275;15DIV_double-sequential-Ifenprodil1_w1Channel-B.tif;0.004;2.125.017;2049;2261;9.081;884007;0.003;2.100.949;2040;2167;5.504;535742;0.004;2.084.013;2030;2144;8.478;825269;0.003;2.193.584;2059;2370;7.211;701947;0.003;2.137.660;2039;2290;6.324;615646;0.003;2.183.823;2056;2336;7.358;716294;0.003;2.110.553;2038;2244;7.372;717588;0.004;2.183.940;2094;2344;9.333;908519;0.004;2.264.373;2104;2652;9.305;905749;0.004;2.140.419;2031;2342;9.235;898976;0.004;2.229.302;2026;2565;9.115;887262;0.006;2.170.683;2025;2481;12.867;1252484;0.005;2.136.796;2028;2324;11.744;1143186;0.002;2.079.779;2016;2240;5.128;499147
276;15DIV_double-sequential-Ifenprodil1_w1Channel-B.tif;0.004;2.124.440;2049;2269;9.079;883767;0.003;2.100.114;2036;2154;5.501;535529;0.004;2.084.326;2030;2146;8.479;825393;0.003;2.192.134;2049;2380;7.206;701483;0.003;2.137.125;2026;2296;6.323;615492;0.003;2.182.372;2052;2344;7.353;715818;0.003;2.110.129;2048;2250;7.370;717444;0.004;2.184.380;2082;2333;9.335;908702;0.004;2.262.590;2120;2669;9.297;905036;0.004;2.141.331;2032;2336;9.239;899359;0.004;2.231.533;2017;2568;9.124;888150;0.006;2.171.607;2021;2487;12.872;1253017;0.005;2.137.830;2026;2326;11.749;1143739;0.002;2.080.283;2027;2241;5.129;499268
277;15DIV_double-sequential-Ifenprodil1_w1Channel-B.tif;0.004;2.124.173;2048;2264;9.078;883656;0.003;2.100.910;2040;2156;5.503;535732;0.004;2.084.889;2031;2152;8.481;825616;0.003;2.193.134;2056;2384;7.210;701803;0.003;2.139.844;2032;2300;6.331;616275;0.003;2.182.924;2052;2320;7.355;715999;0.003;2.110.768;2052;2240;7.372;717661;0.004;2.183.596;2092;2332;9.332;908376;0.004;2.262.538;2116;2666;9.297;905015;0.004;2.141.683;2032;2320;9.240;899507;0.004;2.229.402;2030;2584;9.115;887302;0.006;2.171.624;2025;2488;12.872;1253027;0.005;2.136.619;2024;2298;11.743;1143091;0.002;2.079.571;2021;2240;5.127;499097
278;15DIV_double-sequential-Ifenprodil1_w1Channel-B.tif;0.004;2.123.356;2051;2272;9.074;883316;0.003;2.100.165;2033;2163;5.502;535542;0.004;2.085.326;2036;2156;8.483;825789;0.003;2.192.650;2048;2398;7.208;701648;0.003;2.139.115;2036;2298;6.329;616065;0.003;2.183.485;2055;2336;7.357;716183;0.003;2.109.621;2057;2244;7.368;717271;0.004;2.182.036;2088;2340;9.325;907727;0.004;2.261.565;2112;2640;9.293;904626;0.004;2.140.548;2022;2348;9.236;899030;0.004;2.228.905;2025;2568;9.113;887104;0.006;2.170.946;2027;2468;12.868;1252636;0.005;2.136.264;2028;2338;11.741;1142901;0.002;2.080.675;2024;2245;5.130;499362
279;15DIV_double-sequential-Ifenprodil1_w1Channel-B.tif;0.004;2.123.678;2056;2262;9.076;883450;0.003;2.100.847;2040;2152;5.503;535716;0.004;2.084.566;2036;2145;8.480;825488;0.003;2.192.719;2053;2363;7.208;701670;0.003;2.138.424;2033;2290;6.327;615866;0.003;2.181.262;2051;2331;7.350;715454;0.003;2.109.597;2056;2266;7.368;717263;0.004;2.181.740;2092;2351;9.324;907604;0.004;2.261.725;2115;2651;9.294;904690;0.004;2.139.417;2026;2325;9.231;898555;0.004;2.227.578;2028;2573;9.108;886576;0.006;2.169.646;2020;2472;12.860;1251886;0.005;2.135.438;2032;2313;11.736;1142459;0.002;2.080.246;2022;2252;5.129;499259
280;15DIV_double-sequential-Ifenprodil1_w1Channel-B.tif;0.004;2.124.704;2053;2276;9.080;883877;0.003;2.100.251;2040;2150;5.502;535564;0.004;2.084.374;2018;2149;8.479;825412;0.003;2.192.625;2064;2377;7.208;701640;0.003;2.139.927;2038;2305;6.331;616299;0.003;2.182.811;2048;2340;7.355;715962;0.003;2.108.815;2053;2247;7.366;716997;0.004;2.181.019;2088;2349;9.321;907304;0.004;2.260.512;2114;2644;9.289;904205;0.004;2.140.738;2030;2316;9.236;899110;0.004;2.227.776;2025;2562;9.108;886655;0.006;2.171.998;2024;2477;12.874;1253243;0.005;2.135.155;2029;2325;11.735;1142308;0.002;2.079.242;2024;2241;5.126;499018
281;15DIV_double-sequential-Ifenprodil1_w1Channel-B.tif;0.004;2.123.481;2049;2256;9.075;883368;0.003;2.101.271;2040;2161;5.504;535824;0.004;2.084.025;2037;2160;8.478;825274;0.003;2.193.288;2053;2374;7.210;701852;0.003;2.137.976;2034;2291;6.325;615737;0.003;2.182.561;2060;2344;7.354;715880;0.003;2.107.685;2056;2217;7.362;716613;0.004;2.181.255;2096;2336;9.322;907402;0.004;2.261.120;2121;2608;9.291;904448;0.004;2.140.093;2020;2330;9.234;898839;0.004;2.228.025;2028;2581;9.109;886754;0.006;2.171.000;2024;2475;12.868;1252667;0.005;2.135.045;2026;2322;11.734;1142249;0.002;2.080.004;2021;2232;5.128;499201
282;15DIV_double-sequential-Ifenprodil1_w1Channel-B.tif;0.004;2.124.733;2056;2270;9.080;883889;0.003;2.101.263;2037;2154;5.504;535822;0.004;2.084.369;2032;2138;8.479;825410;0.003;2.192.281;2056;2377;7.207;701530;0.003;2.138.858;2032;2289;6.328;615991;0.003;2.181.997;2053;2339;7.352;715695;0.003;2.109.465;2055;2242;7.368;717218;0.004;2.181.204;2088;2340;9.321;907381;0.004;2.258.823;2117;2656;9.282;903529;0.004;2.140.143;2030;2334;9.234;898860;0.004;2.227.447;2028;2556;9.107;886524;0.006;2.170.804;2029;2475;12.867;1252554;0.005;2.134.703;2026;2316;11.732;1142066;0.002;2.079.100;2024;2242;5.126;498984
283;15DIV_double-sequential-Ifenprodil1_w1Channel-B.tif;0.004;2.124.089;2050;2259;9.077;883621;0.003;2.101.290;2040;2153;5.504;535829;0.004;2.084.745;2035;2154;8.481;825559;0.003;2.192.869;2060;2390;7.209;701718;0.003;2.139.872;2032;2300;6.331;616283;0.003;2.183.695;2064;2314;7.358;716252;0.003;2.109.615;2058;2247;7.368;717269;0.004;2.182.483;2080;2338;9.327;907913;0.004;2.262.198;2114;2672;9.296;904879;0.004;2.141.200;2026;2328;9.238;899304;0.004;2.229.724;2023;2588;9.116;887430;0.006;2.171.236;2024;2483;12.870;1252803;0.005;2.136.163;2030;2328;11.740;1142847;0.002;2.079.921;2016;2246;5.128;499181
284;15DIV_double-sequential-Ifenprodil1_w1Channel-B.tif;0.004;2.123.096;2048;2258;9.073;883208;0.003;2.100.710;2033;2158;5.503;535681;0.004;2.084.071;2029;2140;8.478;825292;0.003;2.191.812;2051;2388;7.205;701380;0.003;2.138.854;2036;2300;6.328;615990;0.003;2.181.747;2058;2312;7.351;715613;0.003;2.107.744;2050;2236;7.362;716633;0.004;2.180.659;2073;2325;9.319;907154;0.004;2.260.587;2120;2664;9.289;904235;0.004;2.139.598;2028;2324;9.231;898631;0.004;2.226.171;2028;2560;9.102;886016;0.006;2.170.679;2028;2464;12.867;1252482;0.005;2.134.279;2026;2300;11.730;1141839;0.002;2.078.562;2021;2240;5.125;498855
285;15DIV_double-sequential-Ifenprodil1_w1Channel-B.tif;0.004;2.123.567;2056;2252;9.075;883404;0.003;2.100.933;2030;2160;5.504;535738;0.004;2.084.533;2040;2156;8.480;825475;0.003;2.192.375;2048;2408;7.207;701560;0.003;2.138.684;2032;2289;6.327;615941;0.003;2.181.954;2050;2308;7.352;715681;0.003;2.108.997;2050;2249;7.366;717059;0.004;2.182.274;2088;2344;9.326;907826;0.004;2.261.520;2118;2653;9.293;904608;0.004;2.138.976;2026;2336;9.229;898370;0.004;2.225.191;2022;2565;9.098;885626;0.006;2.170.036;2021;2487;12.863;1252111;0.005;2.134.202;2029;2313;11.730;1141798;0.002;2.078.042;2022;2234;5.123;498730
286;15DIV_double-sequential-Ifenprodil1_w1Channel-B.tif;0.004;2.124.849;2050;2256;9.081;883937;0.003;2.101.757;2038;2183;5.506;535948;0.004;2.084.601;2036;2147;8.480;825502;0.003;2.192.528;2044;2380;7.208;701609;0.003;2.139.399;2037;2300;6.330;616147;0.003;2.183.290;2059;2339;7.357;716119;0.003;2.108.588;2053;2272;7.365;716920;0.004;2.181.846;2080;2329;9.324;907648;0.004;2.260.327;2121;2656;9.288;904131;0.004;2.140.560;2027;2330;9.236;899035;0.004;2.225.922;2026;2565;9.101;885917;0.006;2.169.702;2028;2459;12.861;1251918;0.005;2.134.286;2024;2340;11.730;1141843;0.002;2.079.212;2016;2241;5.126;499011
287;15DIV_double-sequential-Ifenprodil1_w1Channel-B.tif;0.004;2.123.471;2048;2265;9.075;883364;0.003;2.101.059;2040;2166;5.504;535770;0.004;2.085.129;2030;2146;8.482;825711;0.003;2.192.381;2058;2378;7.207;701562;0.003;2.139.715;2033;2299;6.331;616238;0.003;2.181.933;2056;2326;7.352;715674;0.003;2.108.635;2052;2246;7.365;716936;0.004;2.181.627;2092;2332;9.323;907557;0.004;2.261.100;2115;2632;9.291;904440;0.004;2.140.281;2025;2320;9.234;898918;0.004;2.227.204;2025;2578;9.106;886427;0.006;2.169.953;2024;2468;12.862;1252063;0.005;2.135.525;2026;2326;11.737;1142506;0.002;2.078.958;2020;2249;5.126;498950
288;15DIV_double-sequential-Ifenprodil1_w1Channel-B.tif;0.004;2.121.853;2048;2252;9.068;882691;0.003;2.100.153;2038;2160;5.502;535539;0.004;2.083.614;2039;2141;8.476;825111;0.003;2.191.262;2048;2386;7.203;701204;0.003;2.137.986;2028;2284;6.325;615740;0.003;2.180.192;2058;2325;7.346;715103;0.003;2.107.765;2053;2235;7.362;716640;0.004;2.181.048;2092;2343;9.321;907316;0.004;2.258.995;2099;2648;9.283;903598;0.004;2.138.581;2024;2340;9.227;898204;0.004;2.225.965;2030;2568;9.101;885934;0.006;2.169.861;2028;2450;12.862;1252010;0.005;2.133.635;2028;2318;11.726;1141495;0.002;2.078.246;2022;2251;5.124;498779
289;15DIV_double-sequential-Ifenprodil1_w1Channel-B.tif;0.004;2.122.961;2054;2253;9.072;883152;0.003;2.100.643;2032;2160;5.503;535664;0.004;2.083.338;2033;2145;8.475;825002;0.003;2.189.944;2052;2368;7.199;700782;0.003;2.139.066;2040;2304;6.329;616051;0.003;2.180.497;2051;2329;7.347;715203;0.003;2.106.762;2048;2243;7.358;716299;0.004;2.179.772;2088;2332;9.315;906785;0.004;2.259.840;2105;2638;9.286;903936;0.004;2.139.043;2023;2322;9.229;898398;0.004;2.224.143;2025;2569;9.094;885209;0.006;2.169.298;2024;2482;12.858;1251685;0.005;2.133.232;2028;2311;11.724;1141279;0.002;2.077.958;2016;2237;5.123;498710
290;15DIV_double-sequential-Ifenprodil1_w1Channel-B.tif;0.004;2.122.130;2051;2249;9.069;882806;0.003;2.099.800;2043;2160;5.501;535449;0.004;2.082.341;2030;2144;8.471;824607;0.003;2.190.459;2064;2388;7.201;700947;0.003;2.137.684;2034;2285;6.325;615653;0.003;2.180.671;2056;2338;7.348;715260;0.003;2.107.021;2052;2228;7.359;716387;0.004;2.179.531;2080;2348;9.314;906685;0.004;2.258.403;2112;2640;9.280;903361;0.004;2.138.198;2028;2308;9.225;898043;0.004;2.223.430;2027;2548;9.091;884925;0.006;2.168.366;2026;2476;12.853;1251147;0.005;2.132.953;2026;2336;11.723;1141130;0.002;2.078.083;2025;2250;5.123;498740
291;15DIV_double-sequential-Ifenprodil1_w1Channel-B.tif;0.004;2.122.461;2048;2254;9.070;882944;0.003;2.100.878;2041;2165;5.503;535724;0.004;2.083.844;2037;2140;8.477;825202;0.003;2.190.984;2062;2386;7.202;701115;0.003;2.139.132;2038;2290;6.329;616070;0.003;2.180.488;2060;2322;7.347;715200;0.003;2.106.941;2045;2222;7.359;716360;0.004;2.180.430;2089;2336;9.318;907059;0.004;2.257.552;2126;2624;9.277;903021;0.004;2.138.593;2032;2312;9.227;898209;0.004;2.224.050;2023;2548;9.093;885172;0.006;2.169.520;2032;2448;12.860;1251813;0.005;2.132.542;2034;2330;11.720;1140910;0.002;2.077.021;2024;2236;5.121;498485
292;15DIV_double-sequential-Ifenprodil1_w1Channel-B.tif;0.004;2.122.781;2048;2269;9.072;883077;0.003;2.099.988;2033;2161;5.501;535497;0.004;2.083.429;2032;2149;8.475;825038;0.003;2.191.884;2048;2381;7.205;701403;0.003;2.138.799;2037;2290;6.328;615974;0.003;2.180.665;2042;2331;7.348;715258;0.003;2.106.903;2042;2234;7.359;716347;0.004;2.180.173;2088;2329;9.317;906952;0.004;2.257.445;2101;2672;9.276;902978;0.004;2.140.855;2030;2349;9.237;899159;0.004;2.224.940;2029;2556;9.097;885526;0.006;2.169.199;2022;2466;12.858;1251628;0.005;2.133.937;2032;2313;11.728;1141656;0.002;2.077.654;2016;2246;5.122;498637
293;15DIV_double-sequential-Ifenprodil1_w1Channel-B.tif;0.004;2.122.647;2050;2258;9.071;883021;0.003;2.100.286;2040;2168;5.502;535573;0.004;2.084.215;2026;2140;8.479;825349;0.003;2.191.637;2056;2388;7.205;701324;0.003;2.138.854;2030;2304;6.328;615990;0.003;2.180.561;2062;2337;7.347;715224;0.003;2.108.177;2056;2235;7.363;716780;0.004;2.179.933;2083;2338;9.316;906852;0.004;2.258.978;2117;2609;9.282;903591;0.004;2.139.021;2030;2328;9.229;898389;0.004;2.224.183;2028;2562;9.094;885225;0.006;2.169.846;2030;2472;12.862;1252001;0.005;2.132.490;2024;2328;11.720;1140882;0.002;2.078.108;2018;2225;5.124;498746
294;15DIV_double-sequential-Ifenprodil1_w1Channel-B.tif;0.004;2.122.380;2050;2259;9.070;882910;0.003;2.100.788;2034;2166;5.503;535701;0.004;2.083.977;2032;2149;8.478;825255;0.003;2.191.078;2060;2400;7.203;701145;0.003;2.139.622;2037;2286;6.330;616211;0.003;2.180.540;2060;2322;7.347;715217;0.003;2.107.694;2056;2251;7.362;716616;0.004;2.179.209;2088;2336;9.313;906551;0.004;2.257.180;2120;2616;9.275;902872;0.004;2.138.857;2028;2318;9.228;898320;0.004;2.224.555;2025;2577;9.095;885373;0.006;2.169.045;2032;2464;12.857;1251539;0.005;2.132.880;2034;2299;11.722;1141091;0.002;2.078.146;2026;2268;5.124;498755
295;15DIV_double-sequential-Ifenprodil1_w1Channel-B.tif;0.004;2.122.493;2052;2248;9.070;882957;0.003;2.101.349;2043;2168;5.505;535844;0.004;2.084.318;2042;2144;8.479;825390;0.003;2.190.619;2060;2376;7.201;700998;0.003;2.137.997;2032;2293;6.325;615743;0.003;2.180.302;2060;2322;7.347;715139;0.003;2.107.082;2049;2260;7.360;716408;0.004;2.179.834;2086;2323;9.316;906811;0.004;2.256.575;2108;2641;9.273;902630;0.004;2.140.269;2032;2338;9.234;898913;0.004;2.223.605;2032;2574;9.091;884995;0.006;2.169.069;2029;2477;12.857;1251553;0.005;2.131.465;2024;2304;11.714;1140334;0.002;2.077.308;2024;2250;5.122;498554
296;15DIV_double-sequential-Ifenprodil1_w1Channel-B.tif;0.004;2.123.469;2053;2256;9.075;883363;0.003;2.099.416;2034;2153;5.500;535351;0.004;2.083.417;2033;2147;8.475;825033;0.003;2.189.444;2056;2361;7.197;700622;0.003;2.138.556;2032;2297;6.327;615904;0.003;2.180.277;2056;2313;7.346;715131;0.003;2.106.185;2056;2233;7.356;716103;0.004;2.180.449;2082;2339;9.318;907067;0.004;2.256.920;2108;2624;9.274;902768;0.004;2.138.050;2023;2336;9.225;897981;0.004;2.222.719;2029;2546;9.088;884642;0.006;2.167.825;2026;2467;12.850;1250835;0.005;2.130.832;2028;2312;11.711;1139995;0.002;2.077.550;2025;2253;5.122;498612
297;15DIV_double-sequential-Ifenprodil1_w1Channel-B.tif;0.004;2.122.180;2050;2246;9.069;882827;0.003;2.099.682;2038;2161;5.500;535419;0.004;2.082.939;2033;2150;8.473;824844;0.003;2.190.331;2056;2368;7.200;700906;0.003;2.140.142;2038;2296;6.332;616361;0.003;2.179.488;2053;2322;7.344;714872;0.003;2.107.727;2057;2240;7.362;716627;0.004;2.179.154;2084;2332;9.313;906528;0.004;2.256.410;2121;2656;9.272;902564;0.004;2.139.148;2028;2316;9.230;898442;0.004;2.223.472;2017;2554;9.091;884942;0.006;2.168.924;2025;2451;12.856;1251469;0.005;2.132.355;2032;2316;11.719;1140810;0.002;2.077.842;2021;2240;5.123;498682
298;15DIV_double-sequential-Ifenprodil1_w1Channel-B.tif;0.004;2.122.399;2044;2256;9.070;882918;0.003;2.099.698;2039;2154;5.500;535423;0.004;2.082.715;2034;2147;8.473;824755;0.003;2.190.853;2056;2371;7.202;701073;0.003;2.139.469;2035;2304;6.330;616167;0.003;2.182.049;2052;2311;7.352;715712;0.003;2.106.306;2052;2260;7.357;716144;0.004;2.180.885;2088;2344;9.320;907248;0.004;2.256.062;2112;2633;9.270;902425;0.004;2.139.291;2028;2324;9.230;898502;0.004;2.222.623;2022;2574;9.087;884604;0.006;2.168.149;2025;2465;12.852;1251022;0.005;2.131.035;2029;2330;11.712;1140104;0.002;2.076.700;2016;2228;5.120;498408
299;15DIV_double-sequential-Ifenprodil1_w1Channel-B.tif;0.004;2.120.147;2048;2256;9.060;881981;0.003;2.098.639;2040;2156;5.498;535153;0.004;2.081.715;2033;2146;8.469;824359;0.003;2.189.762;2052;2372;7.198;700724;0.003;2.138.896;2032;2296;6.328;616002;0.003;2.178.223;2048;2321;7.340;714457;0.003;2.106.729;2056;2270;7.358;716288;0.004;2.178.539;2085;2336;9.310;906272;0.004;2.256.160;2116;2609;9.271;902464;0.004;2.139.424;2028;2312;9.231;898558;0.004;2.222.518;2026;2567;9.087;884562;0.006;2.168.544;2029;2472;12.854;1251250;0.005;2.130.557;2028;2309;11.709;1139848;0.002;2.076.958;2022;2248;5.121;498470
300;15DIV_double-sequential-Ifenprodil1_w1Channel-B.tif;0.004;2.120.341;2048;2253;9.061;882062;0.003;2.098.871;2038;2158;5.498;535212;0.004;2.082.250;2032;2144;8.471;824571;0.003;2.191.688;2052;2392;7.205;701340;0.003;2.138.385;2032;2294;6.327;615855;0.003;2.179.753;2051;2308;7.345;714959;0.003;2.106.603;2056;2250;7.358;716245;0.004;2.180.026;2092;2340;9.316;906891;0.004;2.256.292;2112;2624;9.271;902517;0.004;2.138.524;2030;2348;9.227;898180;0.004;2.222.912;2016;2562;9.089;884719;0.006;2.168.574;2030;2476;12.854;1251267;0.005;2.131.908;2025;2301;11.717;1140571;0.002;2.077.871;2022;2243;5.123;498689
301;15DIV_double-sequential-Ifenprodil1_w1Channel-B.tif;0.004;2.120.139;2050;2236;9.060;881978;0.003;2.099.023;2040;2166;5.499;535251;0.004;2.082.114;2034;2147;8.470;824517;0.003;2.189.581;2049;2384;7.198;700666;0.003;2.138.031;2035;2284;6.326;615753;0.003;2.178.332;2052;2328;7.340;714493;0.003;2.105.497;2056;2240;7.354;715869;0.004;2.178.514;2083;2339;9.310;906262;0.004;2.254.810;2107;2636;9.265;901924;0.004;2.137.381;2026;2324;9.222;897700;0.004;2.221.176;2026;2560;9.081;884028;0.006;2.167.643;2029;2464;12.849;1250730;0.005;2.130.688;2026;2316;11.710;1139918;0.002;2.076.983;2024;2244;5.121;498476
302;15DIV_double-sequential-Ifenprodil1_w1Channel-B.tif;0.004;2.121.493;2041;2248;9.066;882541;0.003;2.099.479;2035;2160;5.500;535367;0.004;2.082.594;2039;2145;8.472;824707;0.003;2.188.837;2056;2378;7.195;700428;0.003;2.138.434;2032;2291;6.327;615869;0.003;2.178.878;2056;2300;7.342;714672;0.003;2.106.512;2056;2240;7.358;716214;0.004;2.178.805;2083;2341;9.311;906383;0.004;2.255.480;2096;2630;9.268;902192;0.004;2.138.771;2028;2329;9.228;898284;0.004;2.220.977;2027;2546;9.081;883949;0.006;2.167.749;2028;2464;12.849;1250791;0.005;2.130.983;2032;2283;11.712;1140076;0.002;2.077.363;2016;2234;5.122;498567
303;15DIV_double-sequential-Ifenprodil1_w1Channel-B.tif;0.004;2.120.899;2048;2268;9.064;882294;0.003;2.098.878;2040;2160;5.498;535214;0.004;2.082.886;2030;2141;8.473;824823;0.003;2.189.938;2058;2402;7.199;700780;0.003;2.138.247;2035;2300;6.326;615815;0.003;2.179.037;2044;2311;7.342;714724;0.003;2.106.771;2054;2232;7.358;716302;0.004;2.178.539;2084;2348;9.310;906272;0.004;2.254.702;2124;2624;9.265;901881;0.004;2.137.802;2029;2330;9.224;897877;0.004;2.221.548;2022;2580;9.083;884176;0.006;2.167.413;2024;2501;12.847;1250597;0.005;2.130.314;2029;2336;11.708;1139718;0.002;2.076.458;2020;2254;5.119;498350
304;15DIV_double-sequential-Ifenprodil1_w1Channel-B.tif;0.004;2.121.161;2054;2243;9.065;882403;0.003;2.097.173;2036;2154;5.494;534779;0.004;2.080.788;2029;2152;8.465;823992;0.003;2.188.538;2060;2375;7.194;700332;0.003;2.138.059;2038;2282;6.326;615761;0.003;2.177.552;2040;2326;7.337;714237;0.003;2.106.232;2056;2240;7.357;716119;0.004;2.177.764;2088;2350;9.307;905950;0.004;2.252.945;2114;2620;9.258;901178;0.004;2.138.110;2029;2323;9.225;898006;0.004;2.220.312;2026;2576;9.078;883684;0.006;2.167.477;2020;2474;12.848;1250634;0.005;2.128.660;2020;2299;11.699;1138833;0.002;2.076.250;2016;2236;5.119;498300
305;15DIV_double-sequential-Ifenprodil1_w1Channel-B.tif;0.004;2.120.142;2042;2228;9.060;881979;0.003;2.097.922;2043;2157;5.496;534970;0.004;2.081.280;2034;2132;8.467;824187;0.003;2.189.259;2040;2384;7.197;700563;0.003;2.138.344;2036;2294;6.326;615843;0.003;2.177.442;2058;2324;7.337;714201;0.003;2.106.329;2057;2224;7.357;716152;0.004;2.179.041;2082;2328;9.312;906481;0.004;2.254.607;2118;2616;9.264;901843;0.004;2.138.036;2029;2320;9.225;897975;0.004;2.220.490;2028;2548;9.079;883755;0.006;2.167.598;2026;2469;12.848;1250704;0.005;2.130.705;2032;2307;11.710;1139927;0.002;2.076.442;2024;2243;5.119;498346
306;15DIV_double-sequential-Ifenprodil1_w1Channel-B.tif;0.004;2.120.180;2048;2255;9.061;881995;0.003;2.098.357;2040;2157;5.497;535081;0.004;2.081.189;2030;2144;8.466;824151;0.003;2.188.984;2049;2376;7.196;700475;0.003;2.139.542;2028;2306;6.330;616188;0.003;2.179.223;2049;2320;7.343;714785;0.003;2.106.412;2051;2213;7.357;716180;0.004;2.178.560;2088;2333;9.310;906281;0.004;2.254.455;2116;2596;9.264;901782;0.004;2.138.286;2028;2315;9.226;898080;0.004;2.220.379;2021;2552;9.078;883711;0.006;2.168.038;2026;2456;12.851;1250958;0.005;2.129.933;2027;2300;11.706;1139514;0.002;2.075.167;2021;2247;5.116;498040
307;15DIV_double-sequential-Ifenprodil1_w1Channel-B.tif;0.004;2.120.164;2038;2257;9.061;881988;0.003;2.098.365;2033;2153;5.497;535083;0.004;2.081.156;2034;2136;8.466;824138;0.003;2.188.347;2054;2421;7.194;700271;0.003;2.138.424;2038;2296;6.327;615866;0.003;2.178.326;2051;2306;7.340;714491;0.003;2.105.026;2052;2224;7.352;715709;0.004;2.178.192;2088;2328;9.309;906128;0.004;2.252.962;2115;2616;9.258;901185;0.004;2.138.702;2027;2336;9.228;898255;0.004;2.220.844;2026;2554;9.080;883896;0.006;2.166.908;2028;2450;12.844;1250306;0.005;2.128.703;2022;2304;11.699;1138856;0.002;2.076.292;2018;2244;5.119;498310
308;15DIV_double-sequential-Ifenprodil1_w1Channel-B.tif;0.004;2.119.829;2048;2247;9.059;881849;0.003;2.098.228;2033;2158;5.496;535048;0.004;2.081.826;2040;2149;8.469;824403;0.003;2.189.175;2050;2384;7.196;700536;0.003;2.138.608;2034;2310;6.327;615919;0.003;2.177.546;2056;2317;7.337;714235;0.003;2.105.788;2050;2228;7.355;715968;0.004;2.175.702;2084;2327;9.298;905092;0.004;2.252.275;2112;2609;9.255;900910;0.004;2.138.757;2029;2340;9.228;898278;0.004;2.219.118;2029;2547;9.073;883209;0.006;2.166.109;2020;2473;12.839;1249845;0.005;2.128.626;2024;2297;11.699;1138815;0.002;2.074.146;2026;2256;5.114;497795
309;15DIV_double-sequential-Ifenprodil1_w1Channel-B.tif;0.004;2.119.449;2043;2248;9.057;881691;0.003;2.098.314;2036;2156;5.497;535070;0.004;2.080.912;2030;2146;8.465;824041;0.003;2.188.922;2043;2385;7.196;700455;0.003;2.138.660;2036;2294;6.327;615934;0.003;2.176.601;2050;2328;7.334;713925;0.003;2.104.609;2057;2254;7.351;715567;0.004;2.176.555;2080;2328;9.302;905447;0.004;2.252.292;2114;2620;9.255;900917;0.004;2.138.433;2028;2336;9.226;898142;0.004;2.218.927;2028;2557;9.072;883133;0.006;2.167.399;2022;2456;12.847;1250589;0.005;2.128.781;2028;2309;11.700;1138898;0.002;2.073.633;2014;2220;5.113;497672
310;15DIV_double-sequential-Ifenprodil1_w1Channel-B.tif;0.004;2.119.841;2051;2257;9.059;881854;0.003;2.097.749;2033;2161;5.495;534926;0.004;2.082.571;2032;2139;8.472;824698;0.003;2.189.344;2061;2380;7.197;700590;0.003;2.138.403;2036;2308;6.327;615860;0.003;2.178.387;2059;2317;7.340;714511;0.003;2.106.374;2053;2236;7.357;716167;0.004;2.177.361;2081;2322;9.305;905782;0.004;2.252.970;2104;2598;9.258;901188;0.004;2.139.464;2028;2318;9.231;898575;0.004;2.220.447;2031;2545;9.079;883738;0.006;2.167.399;2029;2465;12.847;1250589;0.005;2.129.249;2026;2296;11.702;1139148;0.002;2.075.446;2024;2232;5.117;498107
