 ;Label;Area1;Mean1;Min1;Max1;IntDen1;RawIntDen1;Area2;Mean2;Min2;Max2;IntDen2;RawIntDen2;Area3;Mean3;Min3;Max3;IntDen3;RawIntDen3;Area4;Mean4;Min4;Max4;IntDen4;RawIntDen4;Area5;Mean5;Min5;Max5;IntDen5;RawIntDen5;Area6;Mean6;Min6;Max6;IntDen6;RawIntDen6;Area7;Mean7;Min7;Max7;IntDen7;RawIntDen7;Area8;Mean8;Min8;Max8;IntDen8;RawIntDen8
1;calcio_15DIV_double-sequential-ASX11_w1Channel-B.tif;0.004;2.157.898;2050;2391;8.490;826475;0.004;2.231.170;2080;2822;8.343;812146;0.005;2.187.183;2068;2568;10.560;1027976;0.005;2.250.987;2100;2728;10.452;1017446;0.006;2.190.161;2056;2544;14.219;1384182;0.007;2.176.184;2048;2405;15.425;1501567;0.004;2.128.790;2020;2642;8.310;808940;0.005;2.302.448;2113;2986;12.654;1231810
2;calcio_15DIV_double-sequential-ASX11_w1Channel-B.tif;0.004;2.154.854;2046;2394;8.478;825309;0.004;2.230.330;2080;2846;8.340;811840;0.005;2.184.628;2064;2572;10.548;1026775;0.005;2.249.215;2106;2730;10.444;1016645;0.006;2.188.413;2042;2524;14.208;1383077;0.007;2.174.635;2057;2413;15.414;1500498;0.004;2.127.503;2016;2673;8.305;808451;0.005;2.285.404;2099;2940;12.561;1222691
3;calcio_15DIV_double-sequential-ASX11_w1Channel-B.tif;0.004;2.151.922;2040;2390;8.467;824186;0.004;2.225.624;2082;2816;8.322;810127;0.005;2.179.017;2056;2548;10.521;1024138;0.005;2.247.000;2100;2747;10.434;1015644;0.006;2.188.277;2050;2532;14.207;1382991;0.007;2.173.477;2053;2392;15.406;1499699;0.004;2.125.895;2020;2638;8.299;807840;0.005;2.272.557;2104;2930;12.490;1215818
4;calcio_15DIV_double-sequential-ASX11_w1Channel-B.tif;0.004;2.147.572;2040;2356;8.450;822520;0.004;2.225.126;2080;2820;8.320;809946;0.005;2.175.021;2050;2519;10.502;1022260;0.005;2.244.332;2100;2720;10.421;1014438;0.006;2.186.990;2052;2504;14.199;1382178;0.007;2.171.090;2053;2386;15.389;1498052;0.004;2.123.603;2012;2648;8.290;806969;0.005;2.263.325;2089;2936;12.439;1210879
5;calcio_15DIV_double-sequential-ASX11_w1Channel-B.tif;0.004;2.145.729;2036;2361;8.442;821814;0.004;2.223.390;2071;2819;8.314;809314;0.005;2.171.930;2060;2548;10.487;1020807;0.005;2.243.137;2100;2748;10.416;1013898;0.006;2.184.505;2042;2532;14.183;1380607;0.007;2.171.022;2057;2406;15.389;1498005;0.004;2.122.995;2016;2608;8.287;806738;0.005;2.255.606;2096;2874;12.397;1206749
6;calcio_15DIV_double-sequential-ASX11_w1Channel-B.tif;0.004;2.146.165;2044;2352;8.444;821981;0.004;2.221.733;2080;2811;8.308;808711;0.005;2.171.198;2058;2514;10.483;1020463;0.005;2.240.934;2090;2720;10.405;1012902;0.006;2.183.456;2041;2498;14.176;1379944;0.007;2.167.668;2049;2388;15.365;1495691;0.004;2.121.826;2012;2644;8.283;806294;0.005;2.250.079;2080;2908;12.366;1203792
7;calcio_15DIV_double-sequential-ASX11_w1Channel-B.tif;0.004;2.144.911;2043;2375;8.439;821501;0.004;2.220.615;2075;2780;8.304;808304;0.005;2.170.157;2054;2564;10.478;1019974;0.005;2.238.350;2088;2748;10.393;1011734;0.006;2.182.343;2044;2491;14.169;1379241;0.007;2.167.425;2045;2382;15.363;1495523;0.004;2.121.247;2011;2624;8.281;806074;0.005;2.247.049;2080;2882;12.350;1202171
8;calcio_15DIV_double-sequential-ASX11_w1Channel-B.tif;0.004;2.142.585;2040;2357;8.430;820610;0.004;2.220.665;2080;2814;8.304;808322;0.005;2.169.872;2056;2522;10.477;1019840;0.005;2.238.053;2093;2716;10.392;1011600;0.006;2.180.810;2044;2489;14.159;1378272;0.007;2.165.683;2048;2400;15.351;1494321;0.004;2.120.463;2019;2624;8.278;805776;0.005;2.244.090;2083;2882;12.333;1200588
9;calcio_15DIV_double-sequential-ASX11_w1Channel-B.tif;0.004;2.142.039;2041;2352;8.428;820401;0.004;2.219.626;2080;2800;8.300;807944;0.005;2.168.368;2056;2529;10.469;1019133;0.005;2.235.535;2100;2704;10.380;1010462;0.006;2.180.638;2039;2533;14.158;1378163;0.007;2.165.480;2044;2398;15.349;1494181;0.004;2.120.232;2016;2625;8.277;805688;0.005;2.241.675;2096;2888;12.320;1199296
10;calcio_15DIV_double-sequential-ASX11_w1Channel-B.tif;0.004;2.142.702;2039;2348;8.430;820655;0.004;2.218.632;2080;2824;8.296;807582;0.005;2.169.698;2052;2500;10.476;1019758;0.005;2.236.274;2096;2728;10.384;1010796;0.006;2.185.220;2052;2504;14.187;1381059;0.007;2.166.358;2045;2364;15.356;1494787;0.004;2.121.334;2016;2625;8.281;806107;0.005;2.267.445;2094;2874;12.462;1213083
11;calcio_15DIV_double-sequential-ASX11_w1Channel-B.tif;0.004;2.144.099;2043;2350;8.436;821190;0.004;2.217.121;2070;2808;8.291;807032;0.005;2.175.270;2062;2533;10.503;1022377;0.005;2.234.471;2098;2720;10.375;1009981;0.006;2.181.892;2048;2496;14.166;1378956;0.007;2.165.364;2045;2412;15.349;1494101;0.004;2.120.692;2016;2624;8.279;805863;0.005;2.286.776;2104;2929;12.568;1223425
12;calcio_15DIV_double-sequential-ASX11_w1Channel-B.tif;0.004;2.146.846;2044;2347;8.447;822242;0.004;2.215.887;2064;2784;8.286;806583;0.005;2.181.183;2061;2513;10.531;1025156;0.005;2.236.591;2096;2720;10.385;1010939;0.006;2.184.763;2048;2521;14.184;1380770;0.007;2.164.435;2048;2369;15.342;1493460;0.004;2.126.500;2017;2607;8.301;808070;0.005;2.282.721;2085;2912;12.546;1221256
13;calcio_15DIV_double-sequential-ASX11_w1Channel-B.tif;0.004;2.148.271;2045;2347;8.452;822788;0.004;2.217.256;2080;2760;8.291;807081;0.005;2.188.832;2057;2539;10.568;1028751;0.005;2.238.482;2098;2720;10.394;1011794;0.006;2.186.725;2052;2508;14.197;1382010;0.007;2.165.019;2050;2387;15.346;1493863;0.004;2.127.753;2021;2608;8.306;808546;0.005;2.293.557;2106;2859;12.605;1227053
14;calcio_15DIV_double-sequential-ASX11_w1Channel-B.tif;0.004;2.146.765;2040;2364;8.446;822211;0.004;2.215.011;2080;2784;8.283;806264;0.005;2.179.809;2059;2496;10.525;1024510;0.005;2.235.449;2102;2736;10.380;1010423;0.006;2.181.859;2045;2517;14.166;1378935;0.007;2.162.974;2048;2413;15.332;1492452;0.004;2.121.882;2014;2592;8.283;806315;0.005;2.284.892;2093;2903;12.558;1222417
15;calcio_15DIV_double-sequential-ASX11_w1Channel-B.tif;0.004;2.143.102;2041;2368;8.432;820808;0.004;2.214.561;2080;2752;8.281;806100;0.005;2.172.732;2053;2501;10.490;1021184;0.005;2.233.022;2096;2699;10.369;1009326;0.006;2.179.361;2036;2472;14.149;1377356;0.007;2.162.484;2051;2388;15.328;1492114;0.004;2.121.029;2016;2586;8.280;805991;0.005;2.269.666;2096;2880;12.474;1214271
16;calcio_15DIV_double-sequential-ASX11_w1Channel-B.tif;0.004;2.139.110;2038;2356;8.416;819279;0.004;2.212.423;2072;2739;8.273;805322;0.005;2.168.604;2053;2481;10.471;1019244;0.005;2.229.551;2102;2680;10.353;1007757;0.006;2.176.560;2050;2472;14.131;1375586;0.007;2.161.274;2054;2374;15.320;1491279;0.004;2.118.534;2016;2550;8.270;805043;0.005;2.257.334;2092;2888;12.406;1207674
17;calcio_15DIV_double-sequential-ASX11_w1Channel-B.tif;0.004;2.138.966;2044;2364;8.416;819224;0.004;2.211.019;2080;2748;8.268;804811;0.005;2.165.351;2058;2543;10.455;1017715;0.005;2.229.485;2100;2760;10.352;1007727;0.006;2.176.174;2049;2489;14.129;1375342;0.007;2.161.726;2050;2401;15.323;1491591;0.004;2.118.013;2010;2573;8.268;804845;0.005;2.248.957;2097;2838;12.360;1203192
18;calcio_15DIV_double-sequential-ASX11_w1Channel-B.tif;0.004;2.139.350;2048;2329;8.417;819371;0.004;2.210.445;2076;2748;8.266;804602;0.005;2.163.443;2048;2488;10.446;1016818;0.005;2.228.157;2086;2690;10.346;1007127;0.006;2.175.538;2044;2488;14.125;1374940;0.007;2.160.885;2050;2352;15.317;1491011;0.004;2.116.829;2003;2586;8.263;804395;0.005;2.242.471;2080;2858;12.325;1199722
19;calcio_15DIV_double-sequential-ASX11_w1Channel-B.tif;0.004;2.136.587;2041;2329;8.406;818313;0.004;2.208.558;2073;2764;8.258;803915;0.005;2.162.657;2048;2508;10.442;1016449;0.005;2.227.369;2096;2724;10.342;1006771;0.006;2.175.478;2048;2504;14.124;1374902;0.007;2.159.894;2048;2388;15.310;1490327;0.004;2.116.171;2016;2599;8.261;804145;0.005;2.238.464;2092;2816;12.303;1197578
20;calcio_15DIV_double-sequential-ASX11_w1Channel-B.tif;0.004;2.135.606;2039;2360;8.403;817937;0.004;2.209.291;2073;2739;8.261;804182;0.005;2.161.843;2053;2510;10.438;1016066;0.005;2.225.993;2088;2716;10.336;1006149;0.006;2.174.000;2036;2470;14.115;1373968;0.007;2.159.168;2038;2376;15.305;1489826;0.004;2.116.734;2016;2576;8.263;804359;0.005;2.235.438;2088;2841;12.286;1195959
21;calcio_15DIV_double-sequential-ASX11_w1Channel-B.tif;0.004;2.134.507;2038;2350;8.398;817516;0.004;2.206.654;2071;2712;8.251;803222;0.005;2.161.479;2058;2500;10.436;1015895;0.005;2.224.909;2089;2702;10.331;1005659;0.006;2.173.999;2050;2482;14.115;1373967;0.007;2.158.487;2051;2356;15.300;1489356;0.004;2.116.079;2009;2564;8.260;804110;0.005;2.233.353;2082;2816;12.274;1194844
22;calcio_15DIV_double-sequential-ASX11_w1Channel-B.tif;0.004;2.135.799;2041;2329;8.403;818011;0.004;2.205.308;2072;2752;8.246;802732;0.005;2.160.175;2057;2497;10.430;1015282;0.005;2.223.923;2088;2697;10.326;1005213;0.006;2.173.549;2051;2486;14.112;1373683;0.007;2.157.484;2048;2361;15.293;1488664;0.004;2.114.982;2013;2569;8.256;803693;0.005;2.231.228;2081;2840;12.263;1193707
23;calcio_15DIV_double-sequential-ASX11_w1Channel-B.tif;0.004;2.138.251;2039;2324;8.413;818950;0.004;2.205.162;2075;2748;8.246;802679;0.005;2.160.330;2048;2486;10.431;1015355;0.005;2.225.327;2098;2736;10.333;1005848;0.006;2.173.057;2048;2460;14.108;1373372;0.007;2.158.011;2050;2363;15.297;1489028;0.004;2.115.166;2008;2575;8.257;803763;0.005;2.231.280;2092;2811;12.263;1193735
24;calcio_15DIV_double-sequential-ASX11_w1Channel-B.tif;0.004;2.142.467;2051;2330;8.430;820565;0.004;2.206.439;2075;2732;8.251;803144;0.005;2.166.764;2052;2483;10.462;1018379;0.005;2.232.186;2096;2724;10.365;1008948;0.006;2.179.964;2048;2473;14.153;1377737;0.007;2.158.927;2048;2363;15.303;1489660;0.004;2.129.368;2019;2605;8.312;809160;0.005;2.277.961;2093;2860;12.520;1218709
25;calcio_15DIV_double-sequential-ASX11_w1Channel-B.tif;0.004;2.140.807;2044;2324;8.423;819929;0.004;2.207.308;2068;2731;8.254;803460;0.005;2.171.062;2056;2501;10.482;1020399;0.005;2.234.268;2098;2711;10.374;1009889;0.006;2.175.516;2041;2504;14.124;1374926;0.007;2.157.371;2048;2351;15.292;1488586;0.004;2.126.411;2017;2595;8.301;808036;0.005;2.270.974;2093;2848;12.481;1214971
26;calcio_15DIV_double-sequential-ASX11_w1Channel-B.tif;0.004;2.139.493;2044;2328;8.418;819426;0.004;2.205.956;2080;2737;8.249;802968;0.005;2.165.530;2057;2496;10.456;1017799;0.005;2.227.321;2093;2698;10.342;1006749;0.006;2.175.006;2048;2476;14.121;1374604;0.007;2.156.975;2048;2380;15.289;1488313;0.004;2.120.663;2016;2575;8.278;805852;0.005;2.258.211;2083;2841;12.411;1208143
27;calcio_15DIV_double-sequential-ASX11_w1Channel-B.tif;0.004;2.135.807;2042;2350;8.403;818014;0.004;2.204.409;2069;2741;8.243;802405;0.005;2.161.481;2060;2482;10.436;1015896;0.005;2.225.257;2080;2714;10.333;1005816;0.006;2.171.911;2048;2480;14.101;1372648;0.007;2.154.906;2056;2344;15.275;1486885;0.004;2.116.082;2010;2548;8.261;804111;0.005;2.248.768;2096;2792;12.359;1203091
28;calcio_15DIV_double-sequential-ASX11_w1Channel-B.tif;0.004;2.133.765;2048;2329;8.395;817232;0.004;2.203.588;2075;2741;8.240;802106;0.005;2.159.325;2054;2491;10.426;1014883;0.005;2.222.564;2089;2695;10.320;1004599;0.006;2.170.981;2040;2451;14.095;1372060;0.007;2.155.078;2048;2373;15.276;1487004;0.004;2.115.874;2003;2586;8.260;804032;0.005;2.241.550;2080;2846;12.319;1199229
29;calcio_15DIV_double-sequential-ASX11_w1Channel-B.tif;0.004;2.132.843;2042;2320;8.392;816879;0.004;2.205.077;2080;2700;8.245;802648;0.005;2.157.485;2048;2484;10.417;1014018;0.005;2.221.635;2090;2715;10.316;1004179;0.006;2.170.076;2044;2452;14.089;1371488;0.007;2.154.565;2045;2361;15.272;1486650;0.004;2.114.126;2005;2557;8.253;803368;0.005;2.235.008;2080;2832;12.284;1195729
30;calcio_15DIV_double-sequential-ASX11_w1Channel-B.tif;0.004;2.133.493;2039;2329;8.394;817128;0.004;2.203.354;2080;2726;8.239;802021;0.005;2.157.200;2052;2471;10.415;1013884;0.005;2.219.765;2082;2701;10.307;1003334;0.006;2.170.490;2044;2461;14.092;1371750;0.007;2.153.878;2048;2368;15.267;1486176;0.004;2.113.668;2010;2586;8.251;803194;0.005;2.231.906;2085;2800;12.266;1194070
31;calcio_15DIV_double-sequential-ASX11_w1Channel-B.tif;0.004;2.131.914;2039;2316;8.388;816523;0.004;2.202.876;2070;2720;8.237;801847;0.005;2.156.277;2049;2457;10.411;1013450;0.005;2.217.947;2092;2675;10.299;1002512;0.006;2.169.565;2048;2449;14.086;1371165;0.007;2.153.180;2052;2365;15.262;1485694;0.004;2.113.242;2016;2566;8.249;803032;0.005;2.227.806;2083;2802;12.244;1191876
32;calcio_15DIV_double-sequential-ASX11_w1Channel-B.tif;0.004;2.131.674;2040;2329;8.387;816431;0.004;2.201.684;2070;2739;8.233;801413;0.005;2.155.187;2050;2452;10.406;1012938;0.005;2.218.150;2084;2704;10.300;1002604;0.006;2.168.055;2044;2456;14.076;1370211;0.007;2.153.467;2052;2368;15.264;1485892;0.004;2.112.587;2013;2575;8.247;802783;0.005;2.225.778;2080;2789;12.233;1190791
33;calcio_15DIV_double-sequential-ASX11_w1Channel-B.tif;0.004;2.133.773;2035;2306;8.395;817235;0.004;2.201.550;2070;2696;8.232;801364;0.005;2.155.258;2051;2468;10.406;1012971;0.005;2.218.327;2084;2709;10.300;1002684;0.006;2.171.766;2048;2444;14.100;1372556;0.007;2.153.278;2041;2355;15.263;1485762;0.004;2.113.966;2016;2584;8.252;803307;0.005;2.230.828;2084;2805;12.261;1193493
34;calcio_15DIV_double-sequential-ASX11_w1Channel-B.tif;0.004;2.137.932;2040;2314;8.412;818828;0.004;2.202.258;2080;2712;8.235;801622;0.005;2.162.872;2056;2479;10.443;1016550;0.005;2.221.925;2089;2692;10.317;1004310;0.006;2.181.272;2042;2470;14.162;1378564;0.007;2.153.348;2045;2368;15.263;1485810;0.004;2.122.132;2016;2582;8.284;806410;0.005;2.269.269;2096;2849;12.472;1214059
35;calcio_15DIV_double-sequential-ASX11_w1Channel-B.tif;0.004;2.140.705;2043;2336;8.423;819890;0.004;2.200.720;2070;2712;8.229;801062;0.005;2.173.542;2053;2490;10.494;1021565;0.005;2.225.774;2092;2694;10.335;1006050;0.006;2.176.578;2048;2465;14.131;1375597;0.007;2.154.155;2049;2365;15.269;1486367;0.004;2.127.442;2021;2606;8.305;808428;0.005;2.288.355;2096;2829;12.577;1224270
36;calcio_15DIV_double-sequential-ASX11_w1Channel-B.tif;0.004;2.140.781;2036;2336;8.423;819919;0.004;2.200.744;2075;2698;8.229;801071;0.005;2.173.309;2048;2467;10.493;1021455;0.005;2.224.874;2089;2736;10.331;1005643;0.006;2.175.769;2044;2488;14.126;1375086;0.007;2.150.948;2038;2361;15.246;1484154;0.004;2.122.482;2019;2578;8.285;806543;0.005;2.284.576;2094;2848;12.556;1222248
37;calcio_15DIV_double-sequential-ASX11_w1Channel-B.tif;0.004;2.136.950;2044;2309;8.408;818452;0.004;2.200.544;2070;2728;8.229;800998;0.005;2.165.430;2054;2464;10.455;1017752;0.005;2.221.066;2097;2712;10.313;1003922;0.006;2.172.126;2048;2444;14.102;1372784;0.007;2.151.303;2039;2353;15.249;1484399;0.004;2.117.658;2013;2596;8.267;804710;0.005;2.273.766;2096;2850;12.497;1216465
38;calcio_15DIV_double-sequential-ASX11_w1Channel-B.tif;0.004;2.133.611;2041;2323;8.395;817173;0.004;2.198.783;2072;2703;8.222;800357;0.005;2.159.198;2048;2451;10.425;1014823;0.005;2.217.387;2090;2736;10.296;1002259;0.006;2.168.612;2048;2457;14.080;1370563;0.007;2.149.893;2042;2349;15.239;1483426;0.004;2.113.271;2011;2544;8.250;803043;0.005;2.262.092;2084;2808;12.432;1210219
39;calcio_15DIV_double-sequential-ASX11_w1Channel-B.tif;0.004;2.131.971;2036;2312;8.388;816545;0.004;2.198.162;2060;2697;8.220;800131;0.005;2.156.117;2050;2453;10.410;1013375;0.005;2.216.569;2088;2665;10.292;1001889;0.006;2.167.872;2048;2448;14.075;1370095;0.007;2.149.794;2044;2373;15.238;1483358;0.004;2.112.350;2012;2584;8.246;802693;0.005;2.250.572;2084;2810;12.369;1204056
40;calcio_15DIV_double-sequential-ASX11_w1Channel-B.tif;0.004;2.130.285;2031;2324;8.382;815899;0.004;2.198.494;2069;2732;8.221;800252;0.005;2.153.711;2044;2458;10.399;1012244;0.005;2.213.013;2084;2657;10.276;1000282;0.006;2.165.804;2038;2445;14.061;1368788;0.007;2.149.345;2052;2382;15.235;1483048;0.004;2.110.150;2008;2542;8.237;801857;0.005;2.242.695;2086;2857;12.326;1199842
41;calcio_15DIV_double-sequential-ASX11_w1Channel-B.tif;0.004;2.129.305;2041;2296;8.378;815524;0.004;2.197.319;2074;2697;8.216;799824;0.005;2.153.470;2051;2454;10.397;1012131;0.005;2.213.637;2084;2667;10.279;1000564;0.006;2.165.714;2048;2445;14.061;1368731;0.007;2.149.754;2048;2352;15.238;1483330;0.004;2.110.174;2002;2579;8.237;801866;0.005;2.237.338;2081;2802;12.296;1196976
42;calcio_15DIV_double-sequential-ASX11_w1Channel-B.tif;0.004;2.129.595;2038;2323;8.379;815635;0.004;2.199.214;2072;2712;8.224;800514;0.005;2.153.396;2050;2456;10.397;1012096;0.005;2.212.861;2096;2673;10.275;1000213;0.006;2.165.934;2044;2441;14.062;1368870;0.007;2.149.085;2041;2364;15.233;1482869;0.004;2.109.650;2012;2560;8.235;801667;0.005;2.232.632;2090;2794;12.270;1194458
43;calcio_15DIV_double-sequential-ASX11_w1Channel-B.tif;0.004;2.131.240;2040;2300;8.385;816265;0.004;2.197.228;2070;2702;8.216;799791;0.005;2.151.347;2053;2464;10.387;1011133;0.005;2.213.666;2080;2681;10.279;1000577;0.006;2.164.682;2048;2453;14.054;1368079;0.007;2.148.862;2048;2348;15.232;1482715;0.004;2.110.439;2012;2548;8.238;801967;0.005;2.241.757;2084;2812;12.321;1199340
44;calcio_15DIV_double-sequential-ASX11_w1Channel-B.tif;0.004;2.136.883;2043;2313;8.408;818426;0.004;2.197.544;2068;2675;8.217;799906;0.005;2.161.251;2060;2469;10.435;1015788;0.005;2.219.361;2088;2684;10.305;1003151;0.006;2.175.104;2051;2460;14.122;1374666;0.007;2.150.106;2032;2348;15.241;1483573;0.004;2.123.808;2016;2552;8.291;807047;0.005;2.261.024;2089;2824;12.427;1209648
45;calcio_15DIV_double-sequential-ASX11_w1Channel-B.tif;0.004;2.137.402;2042;2318;8.410;818625;0.004;2.197.239;2074;2720;8.216;799795;0.005;2.165.296;2056;2464;10.455;1017689;0.005;2.223.945;2083;2670;10.327;1005223;0.006;2.174.978;2044;2449;14.121;1374586;0.007;2.150.593;2048;2380;15.244;1483909;0.004;2.133.013;2021;2549;8.327;810545;0.005;2.271.471;2100;2786;12.484;1215237
46;calcio_15DIV_double-sequential-ASX11_w1Channel-B.tif;0.004;2.137.245;2036;2336;8.409;818565;0.004;2.196.711;2064;2689;8.214;799603;0.005;2.163.958;2056;2456;10.448;1017060;0.005;2.222.830;2096;2661;10.321;1004719;0.006;2.175.364;2041;2461;14.123;1374830;0.007;2.148.630;2042;2352;15.230;1482555;0.004;2.125.982;2020;2555;8.299;807873;0.005;2.265.088;2080;2812;12.449;1211822
47;calcio_15DIV_double-sequential-ASX11_w1Channel-B.tif;0.004;2.134.081;2043;2312;8.397;817353;0.004;2.196.497;2058;2688;8.213;799525;0.005;2.158.066;2052;2460;10.420;1014291;0.005;2.220.954;2096;2658;10.313;1003871;0.006;2.170.899;2049;2440;14.094;1372008;0.007;2.148.484;2044;2352;15.229;1482454;0.004;2.116.971;2008;2566;8.264;804449;0.005;2.257.910;2096;2811;12.409;1207982
48;calcio_15DIV_double-sequential-ASX11_w1Channel-B.tif;0.004;2.131.919;2042;2304;8.388;816525;0.004;2.194.863;2070;2661;8.207;798930;0.005;2.153.728;2054;2442;10.399;1012252;0.005;2.215.834;2088;2658;10.289;1001557;0.006;2.165.693;2048;2444;14.061;1368718;0.007;2.145.915;2043;2329;15.211;1480681;0.004;2.111.613;2016;2545;8.243;802413;0.005;2.248.837;2092;2788;12.360;1203128
49;calcio_15DIV_double-sequential-ASX11_w1Channel-B.tif;0.004;2.128.172;2029;2315;8.373;815090;0.004;2.193.898;2071;2700;8.204;798579;0.005;2.152.404;2048;2464;10.392;1011630;0.005;2.214.593;2094;2679;10.283;1000996;0.006;2.165.902;2049;2443;14.062;1368850;0.007;2.146.722;2048;2331;15.217;1481238;0.004;2.110.679;2013;2551;8.239;802058;0.005;2.240.991;2080;2811;12.316;1198930
50;calcio_15DIV_double-sequential-ASX11_w1Channel-B.tif;0.004;2.127.292;2048;2316;8.370;814753;0.004;2.195.006;2070;2688;8.208;798982;0.005;2.150.555;2044;2446;10.383;1010761;0.005;2.212.009;2094;2640;10.271;999828;0.006;2.163.611;2043;2444;14.047;1367402;0.007;2.145.317;2048;2354;15.207;1480269;0.004;2.108.708;2012;2536;8.232;801309;0.005;2.235.562;2088;2778;12.287;1196026
51;calcio_15DIV_double-sequential-ASX11_w1Channel-B.tif;0.004;2.127.029;2038;2299;8.369;814652;0.004;2.200.019;2070;2832;8.227;800807;0.005;2.150.111;2053;2448;10.381;1010552;0.005;2.210.577;2082;2649;10.264;999181;0.006;2.163.905;2041;2454;14.049;1367588;0.007;2.145.933;2054;2373;15.211;1480694;0.004;2.106.908;2004;2538;8.225;800625;0.005;2.229.581;2083;2755;12.254;1192826
52;calcio_15DIV_double-sequential-ASX11_w1Channel-B.tif;0.004;2.126.512;2038;2288;8.367;814454;0.004;2.197.506;2069;2688;8.217;799892;0.005;2.150.434;2052;2425;10.383;1010704;0.005;2.210.113;2084;2642;10.262;998971;0.006;2.163.438;2048;2440;14.046;1367293;0.007;2.145.567;2042;2353;15.208;1480441;0.004;2.108.240;2009;2534;8.230;801131;0.005;2.226.899;2085;2786;12.239;1191391
53;calcio_15DIV_double-sequential-ASX11_w1Channel-B.tif;0.004;2.127.666;2041;2289;8.371;814896;0.004;2.196.102;2058;2635;8.212;799381;0.005;2.149.102;2052;2452;10.376;1010078;0.005;2.209.365;2085;2634;10.259;998633;0.006;2.163.112;2052;2436;14.044;1367087;0.007;2.145.496;2043;2378;15.208;1480392;0.004;2.107.132;2010;2547;8.226;800710;0.005;2.226.054;2076;2800;12.234;1190939
54;calcio_15DIV_double-sequential-ASX11_w1Channel-B.tif;0.004;2.131.418;2032;2304;8.386;816333;0.004;2.198.678;2068;2689;8.222;800319;0.005;2.156.581;2040;2445;10.412;1013593;0.005;2.217.042;2088;2688;10.294;1002103;0.006;2.174.142;2040;2436;14.115;1374058;0.007;2.147.703;2049;2328;15.223;1481915;0.004;2.120.847;2019;2536;8.279;805922;0.005;2.240.957;2080;2780;12.316;1198912
55;calcio_15DIV_double-sequential-ASX11_w1Channel-B.tif;0.004;2.134.877;2032;2309;8.400;817658;0.004;2.198.011;2073;2666;8.219;800076;0.005;2.168.094;2050;2445;10.468;1019004;0.005;2.222.549;2088;2651;10.320;1004592;0.006;2.175.710;2049;2445;14.126;1375049;0.007;2.146.923;2044;2320;15.218;1481377;0.004;2.126.279;2016;2555;8.300;807986;0.005;2.273.353;2080;2808;12.494;1216244
56;calcio_15DIV_double-sequential-ASX11_w1Channel-B.tif;0.004;2.134.277;2035;2312;8.397;817428;0.004;2.195.767;2072;2659;8.211;799259;0.005;2.167.736;2048;2445;10.466;1018836;0.005;2.226.374;2088;2720;10.338;1006321;0.006;2.179.837;2045;2456;14.152;1377657;0.007;2.145.474;2041;2346;15.208;1480377;0.004;2.123.700;2024;2560;8.290;807006;0.005;2.271.716;2075;2792;12.485;1215368
57;calcio_15DIV_double-sequential-ASX11_w1Channel-B.tif;0.004;2.133.564;2036;2316;8.395;817155;0.004;2.193.217;2080;2622;8.201;798331;0.005;2.162.372;2046;2437;10.440;1016315;0.005;2.224.418;2090;2688;10.329;1005437;0.006;2.172.668;2048;2474;14.106;1373126;0.007;2.144.090;2045;2341;15.198;1479422;0.004;2.115.903;2016;2534;8.260;804043;0.005;2.267.548;2095;2855;12.462;1213138
58;calcio_15DIV_double-sequential-ASX11_w1Channel-B.tif;0.004;2.130.869;2040;2290;8.384;816123;0.004;2.191.374;2064;2663;8.194;797660;0.005;2.157.202;2056;2444;10.415;1013885;0.005;2.222.334;2096;2656;10.319;1004495;0.006;2.167.142;2048;2446;14.070;1369634;0.007;2.142.717;2048;2325;15.188;1478475;0.004;2.111.116;2010;2537;8.241;802224;0.005;2.260.948;2086;2778;12.426;1209607
59;calcio_15DIV_double-sequential-ASX11_w1Channel-B.tif;0.004;2.127.734;2042;2286;8.372;814922;0.004;2.192.393;2080;2633;8.198;798031;0.005;2.152.370;2048;2437;10.392;1011614;0.005;2.216.577;2088;2612;10.292;1001893;0.006;2.164.508;2044;2437;14.053;1367969;0.007;2.141.996;2036;2336;15.183;1477977;0.004;2.108.029;2010;2534;8.229;801051;0.005;2.254.837;2085;2768;12.393;1206338
60;calcio_15DIV_double-sequential-ASX11_w1Channel-B.tif;0.004;2.127.136;2036;2293;8.369;814693;0.004;2.190.239;2066;2632;8.190;797247;0.005;2.150.130;2051;2417;10.381;1010561;0.005;2.213.748;2084;2628;10.279;1000614;0.006;2.163.734;2050;2444;14.048;1367480;0.007;2.142.302;2042;2330;15.185;1478188;0.004;2.107.155;2011;2539;8.226;800719;0.005;2.246.228;2088;2798;12.345;1201732
61;calcio_15DIV_double-sequential-ASX11_w1Channel-B.tif;0.004;2.125.509;2042;2291;8.363;814070;0.004;2.189.497;2064;2616;8.187;796977;0.005;2.149.236;2054;2480;10.377;1010141;0.005;2.210.728;2088;2624;10.265;999249;0.006;2.162.601;2036;2446;14.041;1366764;0.007;2.141.883;2040;2320;15.182;1477899;0.004;2.106.097;2016;2524;8.222;800317;0.005;2.239.968;2088;2784;12.311;1198383
62;calcio_15DIV_double-sequential-ASX11_w1Channel-B.tif;0.004;2.125.569;2042;2308;8.363;814093;0.004;2.191.453;2068;2640;8.195;797689;0.005;2.147.970;2048;2467;10.371;1009546;0.005;2.209.710;2083;2632;10.260;998789;0.006;2.163.286;2048;2435;14.045;1367197;0.007;2.141.954;2042;2347;15.183;1477948;0.004;2.106.105;2007;2528;8.222;800320;0.005;2.234.938;2084;2753;12.283;1195692
63;calcio_15DIV_double-sequential-ASX11_w1Channel-B.tif;0.004;2.125.000;2040;2278;8.361;813875;0.004;2.190.146;2064;2649;8.190;797213;0.005;2.147.098;2056;2440;10.367;1009136;0.005;2.208.909;2084;2640;10.257;998427;0.006;2.163.856;2050;2422;14.049;1367557;0.007;2.141.535;2041;2352;15.180;1477659;0.004;2.107.382;2010;2522;8.227;800805;0.005;2.233.381;2086;2760;12.275;1194859
64;calcio_15DIV_double-sequential-ASX11_w1Channel-B.tif;0.004;2.128.452;2040;2296;8.374;815197;0.004;2.190.278;2070;2688;8.190;797261;0.005;2.154.538;2056;2432;10.403;1012633;0.005;2.214.533;2094;2625;10.283;1000969;0.006;2.173.497;2044;2465;14.111;1373650;0.007;2.146.080;2044;2336;15.212;1480795;0.004;2.117.145;2016;2528;8.265;804515;0.005;2.254.721;2088;2771;12.392;1206276
65;calcio_15DIV_double-sequential-ASX11_w1Channel-B.tif;0.004;2.131.538;2036;2300;8.387;816379;0.004;2.190.231;2070;2638;8.190;797244;0.005;2.164.458;2056;2453;10.451;1017295;0.005;2.219.993;2092;2668;10.308;1003437;0.006;2.177.184;2045;2464;14.135;1375980;0.007;2.146.322;2039;2374;15.214;1480962;0.004;2.125.168;2016;2544;8.296;807564;0.005;2.267.843;2085;2803;12.464;1213296
66;calcio_15DIV_double-sequential-ASX11_w1Channel-B.tif;0.004;2.130.927;2038;2283;8.384;816145;0.004;2.189.327;2068;2625;8.187;796915;0.005;2.168.985;2050;2464;10.472;1019423;0.005;2.223.942;2092;2633;10.326;1005222;0.006;2.174.066;2048;2458;14.115;1374010;0.007;2.144.635;2041;2327;15.202;1479798;0.004;2.120.258;2017;2532;8.277;805698;0.005;2.272.607;2081;2812;12.490;1215845
67;calcio_15DIV_double-sequential-ASX11_w1Channel-B.tif;0.004;2.129.499;2041;2294;8.379;815598;0.004;2.189.577;2070;2650;8.188;797006;0.005;2.163.272;2053;2411;10.445;1016738;0.005;2.224.869;2094;2632;10.331;1005641;0.006;2.169.517;2038;2449;14.085;1371135;0.007;2.142.267;2040;2330;15.185;1478164;0.004;2.113.692;2002;2536;8.251;803203;0.005;2.271.738;2088;2766;12.485;1215380
68;calcio_15DIV_double-sequential-ASX11_w1Channel-B.tif;0.004;2.126.992;2035;2295;8.369;814638;0.004;2.188.481;2064;2634;8.183;796607;0.005;2.156.430;2054;2432;10.412;1013522;0.005;2.220.029;2097;2644;10.308;1003453;0.006;2.164.511;2048;2443;14.053;1367971;0.007;2.140.017;2042;2340;15.169;1476612;0.004;2.107.676;2008;2544;8.228;800917;0.005;2.268.996;2088;2784;12.470;1213913
69;calcio_15DIV_double-sequential-ASX11_w1Channel-B.tif;0.004;2.125.279;2032;2292;8.362;813982;0.004;2.187.656;2060;2666;8.180;796307;0.005;2.151.317;2048;2446;10.387;1011119;0.005;2.215.779;2089;2650;10.289;1001532;0.006;2.162.443;2050;2420;14.040;1366664;0.007;2.139.587;2043;2327;15.166;1476315;0.004;2.106.416;2012;2507;8.223;800438;0.005;2.262.234;2088;2780;12.433;1210295
70;calcio_15DIV_double-sequential-ASX11_w1Channel-B.tif;0.004;2.123.298;2041;2290;8.354;813223;0.004;2.187.808;2061;2640;8.181;796362;0.005;2.148.379;2052;2444;10.373;1009738;0.005;2.209.923;2090;2621;10.261;998885;0.006;2.159.842;2042;2437;14.023;1365020;0.007;2.138.851;2044;2342;15.161;1475807;0.004;2.105.832;2014;2532;8.220;800216;0.005;2.255.994;2082;2747;12.399;1206957
71;calcio_15DIV_double-sequential-ASX11_w1Channel-B.tif;0.004;2.122.431;2034;2284;8.351;812891;0.004;2.186.456;2059;2635;8.176;795870;0.005;2.146.009;2044;2418;10.361;1008624;0.005;2.207.405;2072;2637;10.250;997747;0.006;2.158.517;2040;2435;14.014;1364183;0.007;2.137.732;2042;2320;15.153;1475035;0.004;2.102.887;2016;2522;8.209;799097;0.005;2.249.381;2080;2757;12.363;1203419
72;calcio_15DIV_double-sequential-ASX11_w1Channel-B.tif;0.004;2.121.710;2036;2276;8.348;812615;0.004;2.186.289;2069;2652;8.175;795809;0.005;2.144.125;2050;2416;10.352;1007739;0.005;2.204.971;2080;2612;10.238;996647;0.006;2.157.984;2038;2426;14.011;1363846;0.007;2.138.517;2043;2328;15.158;1475577;0.004;2.104.445;2009;2496;8.215;799689;0.005;2.244.783;2084;2768;12.337;1200959
73;calcio_15DIV_double-sequential-ASX11_w1Channel-B.tif;0.004;2.125.000;2041;2276;8.361;813875;0.004;2.186.706;2068;2646;8.177;795961;0.005;2.146.379;2049;2428;10.363;1008798;0.005;2.203.956;2092;2624;10.234;996188;0.006;2.162.460;2048;2433;14.040;1366675;0.007;2.139.430;2048;2326;15.165;1476207;0.004;2.104.232;2000;2488;8.214;799608;0.005;2.248.789;2074;2744;12.359;1203102
74;calcio_15DIV_double-sequential-ASX11_w1Channel-B.tif;0.004;2.128.880;2040;2284;8.376;815361;0.004;2.184.506;2070;2640;8.169;795160;0.005;2.155.149;2048;2436;10.406;1012920;0.005;2.209.460;2088;2603;10.259;998676;0.006;2.171.383;2045;2440;14.098;1372314;0.007;2.141.364;2043;2341;15.179;1477541;0.004;2.113.426;2018;2510;8.250;803102;0.005;2.264.428;2083;2788;12.445;1211469
75;calcio_15DIV_double-sequential-ASX11_w1Channel-B.tif;0.004;2.129.828;2034;2286;8.380;815724;0.004;2.185.953;2070;2624;8.174;795687;0.005;2.163.313;2048;2444;10.445;1016757;0.005;2.217.100;2088;2641;10.295;1002129;0.006;2.177.943;2042;2488;14.140;1376460;0.007;2.141.732;2032;2348;15.181;1477795;0.004;2.119.450;2020;2518;8.274;805391;0.005;2.267.402;2087;2769;12.462;1213060
76;calcio_15DIV_double-sequential-ASX11_w1Channel-B.tif;0.004;2.130.358;2041;2297;8.382;815927;0.004;2.185.604;2070;2638;8.173;795560;0.005;2.163.655;2048;2420;10.447;1016918;0.005;2.218.325;2093;2640;10.300;1002683;0.006;2.171.837;2052;2456;14.101;1372601;0.007;2.140.448;2040;2354;15.172;1476909;0.004;2.115.866;2021;2529;8.260;804029;0.005;2.268.148;2088;2780;12.466;1213459
77;calcio_15DIV_double-sequential-ASX11_w1Channel-B.tif;0.004;2.126.815;2033;2272;8.368;814570;0.004;2.184.322;2058;2644;8.168;795093;0.005;2.157.562;2049;2437;10.417;1014054;0.005;2.215.104;2088;2603;10.285;1001227;0.006;2.165.187;2040;2444;14.057;1368398;0.007;2.139.946;2048;2325;15.169;1476563;0.004;2.109.708;2012;2516;8.236;801689;0.005;2.265.438;2081;2769;12.451;1212009
78;calcio_15DIV_double-sequential-ASX11_w1Channel-B.tif;0.004;2.124.629;2036;2304;8.359;813733;0.004;2.184.778;2064;2653;8.170;795259;0.005;2.151.708;2043;2424;10.389;1011303;0.005;2.210.288;2096;2552;10.263;999050;0.006;2.160.718;2040;2429;14.028;1365574;0.007;2.137.312;2033;2330;15.150;1474745;0.004;2.106.595;2012;2496;8.223;800506;0.005;2.264.116;2088;2778;12.444;1211302
79;calcio_15DIV_double-sequential-ASX11_w1Channel-B.tif;0.004;2.121.765;2032;2296;8.348;812636;0.004;2.183.811;2059;2637;8.166;794907;0.005;2.147.162;2048;2429;10.367;1009166;0.005;2.207.712;2085;2556;10.251;997886;0.006;2.159.297;2042;2418;14.019;1364676;0.007;2.136.420;2040;2297;15.144;1474130;0.004;2.103.953;2005;2518;8.213;799502;0.005;2.257.172;2085;2726;12.405;1207587
80;calcio_15DIV_double-sequential-ASX11_w1Channel-B.tif;0.004;2.121.914;2033;2296;8.349;812693;0.004;2.184.206;2064;2632;8.167;795051;0.005;2.145.302;2056;2415;10.358;1008292;0.005;2.204.447;2089;2584;10.236;996410;0.006;2.156.899;2043;2418;14.004;1363160;0.007;2.136.281;2038;2329;15.143;1474034;0.004;2.102.405;2008;2496;8.207;798914;0.005;2.254.049;2083;2726;12.388;1205916
81;calcio_15DIV_double-sequential-ASX11_w1Channel-B.tif;0.004;2.120.305;2036;2277;8.342;812077;0.004;2.181.887;2060;2628;8.159;794207;0.005;2.143.204;2052;2417;10.348;1007306;0.005;2.201.675;2089;2574;10.223;995157;0.006;2.156.506;2042;2448;14.001;1362912;0.007;2.136.254;2038;2346;15.142;1474015;0.004;2.102.016;2004;2509;8.206;798766;0.005;2.249.282;2088;2746;12.362;1203366
82;calcio_15DIV_double-sequential-ASX11_w1Channel-B.tif;0.004;2.120.214;2038;2272;8.342;812042;0.004;2.181.371;2068;2618;8.157;794019;0.005;2.143.638;2053;2404;10.350;1007510;0.005;2.200.299;2088;2563;10.217;994535;0.006;2.156.404;2041;2434;14.000;1362847;0.007;2.136.585;2041;2337;15.145;1474244;0.004;2.102.326;2012;2491;8.207;798884;0.005;2.244.798;2072;2734;12.337;1200967
83;calcio_15DIV_double-sequential-ASX11_w1Channel-B.tif;0.004;2.123.305;2032;2290;8.354;813226;0.004;2.181.753;2066;2633;8.158;794158;0.005;2.145.726;2048;2400;10.360;1008491;0.005;2.203.206;2080;2592;10.230;995849;0.006;2.163.987;2045;2419;14.050;1367640;0.007;2.139.352;2042;2324;15.164;1476153;0.004;2.105.253;1997;2500;8.218;799996;0.005;2.257.546;2080;2745;12.407;1207787
84;calcio_15DIV_double-sequential-ASX11_w1Channel-B.tif;0.004;2.126.418;2039;2286;8.366;814418;0.004;2.182.961;2060;2636;8.163;794598;0.005;2.155.315;2052;2445;10.406;1012998;0.005;2.209.841;2090;2577;10.261;998848;0.006;2.169.540;2046;2432;14.086;1371149;0.007;2.139.306;2044;2346;15.164;1476121;0.004;2.111.184;2012;2544;8.241;802250;0.005;2.261.832;2088;2752;12.431;1210080
85;calcio_15DIV_double-sequential-ASX11_w1Channel-B.tif;0.004;2.128.248;2030;2297;8.374;815119;0.004;2.183.508;2060;2645;8.165;794797;0.005;2.160.245;2049;2418;10.430;1015315;0.005;2.215.686;2076;2568;10.288;1001490;0.006;2.169.712;2049;2440;14.087;1371258;0.007;2.139.665;2044;2312;15.167;1476369;0.004;2.113.732;2016;2496;8.251;803218;0.005;2.263.394;2070;2763;12.440;1210916
86;calcio_15DIV_double-sequential-ASX11_w1Channel-B.tif;0.004;2.126.872;2032;2278;8.368;814592;0.004;2.182.483;2070;2706;8.161;794424;0.005;2.159.502;2056;2432;10.427;1014966;0.005;2.215.542;2096;2600;10.287;1001425;0.006;2.168.348;2040;2432;14.078;1370396;0.007;2.137.691;2048;2317;15.153;1475007;0.004;2.109.847;2013;2501;8.236;801742;0.005;2.263.340;2086;2725;12.439;1210887
87;calcio_15DIV_double-sequential-ASX11_w1Channel-B.tif;0.004;2.123.820;2032;2277;8.356;813423;0.004;2.183.357;2068;2645;8.164;794742;0.005;2.152.919;2040;2416;10.395;1011872;0.005;2.212.522;2080;2580;10.273;1000060;0.006;2.162.642;2042;2436;14.041;1366790;0.007;2.137.651;2048;2310;15.152;1474979;0.004;2.106.545;2013;2497;8.223;800487;0.005;2.262.940;2085;2740;12.437;1210673
88;calcio_15DIV_double-sequential-ASX11_w1Channel-B.tif;0.004;2.120.736;2040;2272;8.344;812242;0.004;2.181.522;2070;2638;8.157;794074;0.005;2.147.991;2042;2411;10.371;1009556;0.005;2.208.712;2093;2560;10.256;998338;0.006;2.159.598;2048;2418;14.021;1364866;0.007;2.135.610;2040;2324;15.138;1473571;0.004;2.103.603;2011;2484;8.212;799369;0.005;2.258.877;2088;2745;12.415;1208499
89;calcio_15DIV_double-sequential-ASX11_w1Channel-B.tif;0.004;2.119.564;2036;2286;8.339;811793;0.004;2.179.382;2064;2666;8.149;793295;0.005;2.144.570;2042;2401;10.354;1007948;0.005;2.205.697;2091;2567;10.242;996975;0.006;2.156.856;2044;2414;14.003;1363133;0.007;2.136.039;2043;2329;15.141;1473867;0.004;2.101.839;2013;2490;8.205;798699;0.005;2.256.208;2080;2744;12.400;1207071
90;calcio_15DIV_double-sequential-ASX11_w1Channel-B.tif;0.004;2.118.744;2034;2264;8.336;811479;0.004;2.180.539;2068;2634;8.154;793716;0.005;2.142.228;2042;2397;10.343;1006847;0.005;2.202.785;2080;2545;10.228;995659;0.006;2.155.609;2048;2428;13.995;1362345;0.007;2.135.116;2040;2298;15.134;1473230;0.004;2.100.487;2012;2496;8.200;798185;0.005;2.253.495;2075;2714;12.385;1205620
91;calcio_15DIV_double-sequential-ASX11_w1Channel-B.tif;0.004;2.119.151;2036;2278;8.338;811635;0.004;2.179.563;2061;2624;8.150;793361;0.005;2.141.711;2048;2409;10.341;1006604;0.005;2.200.184;2085;2550;10.216;994483;0.006;2.155.679;2044;2414;13.996;1362389;0.007;2.136.344;2040;2308;15.143;1474077;0.004;2.099.882;2008;2472;8.197;797955;0.005;2.250.260;2084;2786;12.367;1203889
92;calcio_15DIV_double-sequential-ASX11_w1Channel-B.tif;0.004;2.119.034;2038;2281;8.337;811590;0.004;2.179.789;2058;2617;8.151;793443;0.005;2.142.270;2043;2419;10.343;1006867;0.005;2.200.431;2088;2560;10.217;994595;0.006;2.157.753;2048;2422;14.009;1363700;0.007;2.136.971;2044;2302;15.147;1474510;0.004;2.101.521;2003;2516;8.204;798578;0.005;2.249.768;2088;2731;12.365;1203626
93;calcio_15DIV_double-sequential-ASX11_w1Channel-B.tif;0.004;2.122.381;2038;2273;8.351;812872;0.004;2.182.522;2066;2627;8.161;794438;0.005;2.145.845;2043;2415;10.361;1008547;0.005;2.203.688;2088;2592;10.232;996067;0.006;2.161.266;2036;2410;14.032;1365920;0.007;2.138.216;2046;2308;15.156;1475369;0.004;2.106.376;2016;2514;8.223;800423;0.005;2.251.886;2080;2717;12.376;1204759
94;calcio_15DIV_double-sequential-ASX11_w1Channel-B.tif;0.004;2.125.582;2037;2292;8.363;814098;0.004;2.182.398;2057;2644;8.161;794393;0.005;2.156.038;2043;2413;10.410;1013338;0.005;2.208.412;2088;2564;10.254;998202;0.006;2.165.725;2050;2437;14.061;1368738;0.007;2.137.968;2036;2306;15.154;1475198;0.004;2.112.253;2011;2500;8.246;802656;0.005;2.255.609;2085;2769;12.397;1206751
95;calcio_15DIV_double-sequential-ASX11_w1Channel-B.tif;0.004;2.125.909;2036;2280;8.364;814223;0.004;2.183.525;2062;2603;8.165;794803;0.005;2.158.128;2053;2411;10.420;1014320;0.005;2.209.838;2073;2592;10.261;998847;0.006;2.163.484;2045;2428;14.046;1367322;0.007;2.139.252;2038;2320;15.164;1476084;0.004;2.106.832;2011;2464;8.224;800596;0.005;2.258.063;2084;2736;12.410;1208064
96;calcio_15DIV_double-sequential-ASX11_w1Channel-B.tif;0.004;2.124.624;2037;2284;8.359;813731;0.004;2.182.997;2062;2646;8.163;794611;0.005;2.152.940;2049;2408;10.395;1011882;0.005;2.207.392;2080;2573;10.250;997741;0.006;2.159.609;2040;2411;14.021;1364873;0.007;2.138.112;2044;2308;15.156;1475297;0.004;2.104.234;2016;2496;8.214;799609;0.005;2.257.443;2084;2714;12.407;1207732
97;calcio_15DIV_double-sequential-ASX11_w1Channel-B.tif;0.004;2.122.373;2036;2288;8.350;812869;0.004;2.182.003;2070;2635;8.159;794249;0.005;2.146.672;2044;2416;10.365;1008936;0.005;2.203.794;2089;2568;10.233;996115;0.006;2.156.687;2040;2410;14.002;1363026;0.007;2.136.461;2034;2328;15.144;1474158;0.004;2.101.547;2016;2440;8.204;798588;0.005;2.255.224;2090;2736;12.395;1206545
98;calcio_15DIV_double-sequential-ASX11_w1Channel-B.tif;0.004;2.121.893;2040;2272;8.349;812685;0.004;2.182.725;2064;2618;8.162;794512;0.005;2.145.602;2048;2428;10.359;1008433;0.005;2.202.551;2084;2549;10.227;995553;0.006;2.156.152;2048;2401;13.999;1362688;0.007;2.136.625;2040;2304;15.145;1474271;0.004;2.102.858;2008;2508;8.209;799086;0.005;2.255.129;2086;2728;12.394;1206494
99;calcio_15DIV_double-sequential-ASX11_w1Channel-B.tif;0.004;2.120.117;2038;2264;8.342;812005;0.004;2.180.882;2068;2626;8.155;793841;0.005;2.142.377;2052;2402;10.344;1006917;0.005;2.198.834;2090;2563;10.210;993873;0.006;2.154.536;2048;2416;13.988;1361667;0.007;2.134.683;2048;2326;15.131;1472931;0.004;2.099.953;2008;2498;8.198;797982;0.005;2.250.716;2072;2695;12.370;1204133
100;calcio_15DIV_double-sequential-ASX11_w1Channel-B.tif;0.004;2.116.741;2037;2272;8.328;810712;0.004;2.179.547;2061;2615;8.150;793355;0.005;2.142.387;2048;2398;10.344;1006922;0.005;2.199.805;2084;2554;10.214;994312;0.006;2.154.214;2035;2412;13.986;1361463;0.007;2.135.116;2048;2304;15.134;1473230;0.004;2.099.616;2010;2474;8.196;797854;0.005;2.249.039;2089;2704;12.361;1203236
101;calcio_15DIV_double-sequential-ASX11_w1Channel-B.tif;0.004;2.118.300;2034;2278;8.334;811309;0.004;2.180.860;2065;2632;8.155;793833;0.005;2.138.928;2051;2386;10.327;1005296;0.005;2.197.956;2080;2560;10.206;993476;0.006;2.156.676;2044;2424;14.002;1363019;0.007;2.135.722;2042;2299;15.139;1473648;0.004;2.101.479;2008;2486;8.204;798562;0.005;2.246.723;2081;2725;12.348;1201997
102;calcio_15DIV_double-sequential-ASX11_w1Channel-B.tif;0.004;2.120.183;2032;2299;8.342;812030;0.004;2.179.928;2070;2608;8.151;793494;0.005;2.142.223;2048;2406;10.343;1006845;0.005;2.199.308;2080;2566;10.212;994087;0.006;2.155.529;2048;2400;13.995;1362294;0.007;2.136.001;2040;2299;15.141;1473841;0.004;2.103.521;2018;2497;8.211;799338;0.005;2.247.731;2089;2699;12.353;1202536
103;calcio_15DIV_double-sequential-ASX11_w1Channel-B.tif;0.004;2.122.674;2037;2263;8.352;812984;0.004;2.180.365;2070;2613;8.153;793653;0.005;2.149.053;2052;2401;10.376;1010055;0.005;2.204.321;2088;2564;10.235;996353;0.006;2.165.312;2046;2428;14.058;1368477;0.007;2.138.042;2044;2331;15.155;1475249;0.004;2.108.089;2016;2496;8.229;801074;0.005;2.252.507;2083;2708;12.380;1205091
104;calcio_15DIV_double-sequential-ASX11_w1Channel-B.tif;0.004;2.123.047;2040;2277;8.353;813127;0.004;2.178.280;2064;2626;8.145;792894;0.005;2.151.958;2050;2388;10.390;1011420;0.005;2.207.414;2082;2546;10.250;997751;0.006;2.164.003;2044;2436;14.050;1367650;0.007;2.137.248;2042;2322;15.149;1474701;0.004;2.107.203;2012;2465;8.226;800737;0.005;2.254.101;2085;2722;12.388;1205944
105;calcio_15DIV_double-sequential-ASX11_w1Channel-B.tif;0.004;2.121.431;2032;2289;8.347;812508;0.004;2.178.363;2061;2593;8.146;792924;0.005;2.149.568;2044;2405;10.379;1010297;0.005;2.205.969;2080;2554;10.243;997098;0.006;2.158.896;2038;2426;14.016;1364422;0.007;2.136.415;2039;2315;15.143;1474126;0.004;2.104.582;2016;2500;8.216;799741;0.005;2.253.540;2080;2745;12.385;1205644
106;calcio_15DIV_double-sequential-ASX11_w1Channel-B.tif;0.004;2.119.068;2038;2259;8.337;811603;0.004;2.178.269;2062;2604;8.145;792890;0.005;2.144.098;2051;2392;10.352;1007726;0.005;2.202.723;2082;2555;10.228;995631;0.006;2.154.699;2044;2396;13.989;1361770;0.007;2.133.577;2038;2319;15.123;1472168;0.004;2.099.921;2016;2484;8.197;797970;0.005;2.251.647;2092;2720;12.375;1204631
107;calcio_15DIV_double-sequential-ASX11_w1Channel-B.tif;0.004;2.115.117;2032;2263;8.322;810090;0.004;2.176.901;2062;2632;8.140;792392;0.005;2.141.181;2044;2400;10.338;1006355;0.005;2.201.035;2081;2565;10.220;994868;0.006;2.154.527;2044;2403;13.988;1361661;0.007;2.133.662;2040;2294;15.124;1472227;0.004;2.099.450;2005;2465;8.196;797791;0.005;2.250.933;2070;2748;12.371;1204249
108;calcio_15DIV_double-sequential-ASX11_w1Channel-B.tif;0.004;2.114.880;2030;2264;8.321;809999;0.004;2.176.854;2064;2595;8.140;792375;0.005;2.140.136;2044;2390;10.333;1005864;0.005;2.197.947;2082;2530;10.206;993472;0.006;2.152.858;2036;2408;13.977;1360606;0.007;2.133.326;2040;2314;15.122;1471995;0.004;2.099.918;2014;2488;8.197;797969;0.005;2.246.325;2073;2712;12.346;1201784
109;calcio_15DIV_double-sequential-ASX11_w1Channel-B.tif;0.004;2.115.867;2043;2258;8.325;810377;0.004;2.175.632;2071;2594;8.135;791930;0.005;2.138.017;2054;2401;10.323;1004868;0.005;2.197.407;2081;2539;10.203;993228;0.006;2.152.335;2048;2405;13.974;1360276;0.007;2.132.971;2041;2286;15.119;1471750;0.004;2.098.139;2010;2481;8.190;797293;0.005;2.246.034;2087;2714;12.344;1201628
110;calcio_15DIV_double-sequential-ASX11_w1Channel-B.tif;0.004;2.114.969;2033;2274;8.321;810033;0.004;2.174.665;2062;2631;8.132;791578;0.005;2.137.787;2041;2374;10.322;1004760;0.005;2.193.989;2069;2572;10.187;991683;0.006;2.151.593;2040;2400;13.969;1359807;0.007;2.132.898;2042;2298;15.119;1471700;0.004;2.098.445;2008;2478;8.192;797409;0.005;2.244.894;2080;2704;12.338;1201018
111;calcio_15DIV_double-sequential-ASX11_w1Channel-B.tif;0.004;2.115.919;2032;2254;8.325;810397;0.004;2.174.305;2060;2608;8.130;791447;0.005;2.137.034;2050;2364;10.318;1004406;0.005;2.193.226;2082;2536;10.184;991338;0.006;2.155.354;2048;2396;13.994;1362184;0.007;2.132.293;2040;2300;15.114;1471282;0.004;2.097.476;2009;2488;8.188;797041;0.005;2.242.404;2084;2680;12.324;1199686
112;calcio_15DIV_double-sequential-ASX11_w1Channel-B.tif;0.004;2.116.295;2032;2261;8.327;810541;0.004;2.173.555;2072;2568;8.128;791174;0.005;2.141.006;2054;2381;10.337;1006273;0.005;2.193.425;2072;2539;10.185;991428;0.006;2.156.626;2041;2400;14.002;1362988;0.007;2.133.574;2033;2296;15.123;1472166;0.004;2.099.858;2013;2484;8.197;797946;0.005;2.244.600;2080;2678;12.336;1200861
113;calcio_15DIV_double-sequential-ASX11_w1Channel-B.tif;0.004;2.119.238;2037;2265;8.338;811668;0.004;2.174.239;2062;2597;8.130;791423;0.005;2.144.087;2044;2387;10.352;1007721;0.005;2.195.522;2080;2547;10.195;992376;0.006;2.158.359;2048;2416;14.013;1364083;0.007;2.132.717;2038;2304;15.117;1471575;0.004;2.100.087;2008;2496;8.198;798033;0.005;2.244.168;2076;2717;12.334;1200630
114;calcio_15DIV_double-sequential-ASX11_w1Channel-B.tif;0.004;2.122.859;2040;2265;8.352;813055;0.004;2.174.030;2064;2604;8.129;791347;0.005;2.146.919;2052;2382;10.366;1009052;0.005;2.197.615;2086;2515;10.204;993322;0.006;2.162.122;2044;2417;14.037;1366461;0.007;2.134.051;2037;2297;15.127;1472495;0.004;2.102.389;2016;2483;8.207;798908;0.005;2.246.723;2083;2724;12.348;1201997
115;calcio_15DIV_double-sequential-ASX11_w1Channel-B.tif;0.004;2.119.029;2026;2273;8.337;811588;0.004;2.172.874;2057;2594;8.125;790926;0.005;2.143.855;2042;2400;10.351;1007612;0.005;2.199.394;2074;2542;10.213;994126;0.006;2.157.881;2050;2405;14.010;1363781;0.007;2.132.225;2040;2288;15.114;1471235;0.004;2.099.911;2012;2470;8.197;797966;0.005;2.247.086;2084;2722;12.350;1202191
116;calcio_15DIV_double-sequential-ASX11_w1Channel-B.tif;0.004;2.118.394;2037;2269;8.335;811345;0.004;2.172.583;2064;2597;8.124;790820;0.005;2.141.400;2042;2372;10.339;1006458;0.005;2.198.035;2084;2562;10.206;993512;0.006;2.154.684;2044;2400;13.989;1361760;0.007;2.132.007;2040;2329;15.112;1471085;0.004;2.099.258;2012;2445;8.195;797718;0.005;2.245.469;2080;2702;12.341;1201326
117;calcio_15DIV_double-sequential-ASX11_w1Channel-B.tif;0.004;2.115.509;2039;2274;8.323;810240;0.004;2.171.316;2064;2600;8.119;790359;0.005;2.139.787;2048;2384;10.331;1005700;0.005;2.195.485;2080;2576;10.194;992359;0.006;2.153.054;2041;2413;13.979;1360730;0.007;2.131.478;2038;2312;15.108;1470720;0.004;2.098.513;2012;2481;8.192;797435;0.005;2.242.940;2080;2715;12.327;1199973
118;calcio_15DIV_double-sequential-ASX11_w1Channel-B.tif;0.004;2.114.817;2039;2264;8.321;809975;0.004;2.171.354;2060;2602;8.119;790373;0.005;2.136.766;2049;2368;10.317;1004280;0.005;2.193.708;2084;2516;10.186;991556;0.006;2.151.927;2049;2400;13.971;1360018;0.007;2.130.775;2043;2320;15.103;1470235;0.004;2.096.389;2004;2473;8.184;796628;0.005;2.242.744;2080;2690;12.326;1199868
119;calcio_15DIV_double-sequential-ASX11_w1Channel-B.tif;0.004;2.112.666;2036;2256;8.312;809151;0.004;2.171.319;2053;2633;8.119;790360;0.005;2.135.840;2044;2387;10.312;1003845;0.005;2.191.270;2084;2524;10.175;990454;0.006;2.149.740;2037;2402;13.957;1358636;0.007;2.130.125;2037;2300;15.099;1469786;0.004;2.095.832;2001;2461;8.181;796416;0.005;2.240.518;2080;2664;12.314;1198677
120;calcio_15DIV_double-sequential-ASX11_w1Channel-B.tif;0.004;2.114.185;2032;2277;8.318;809733;0.004;2.172.536;2057;2614;8.124;790803;0.005;2.135.883;2049;2384;10.313;1003865;0.005;2.191.376;2080;2564;10.175;990502;0.006;2.149.769;2042;2403;13.957;1358654;0.007;2.129.503;2034;2282;15.094;1469357;0.004;2.097.276;2011;2485;8.187;796965;0.005;2.239.742;2083;2682;12.310;1198262
121;calcio_15DIV_double-sequential-ASX11_w1Channel-B.tif;0.004;2.113.097;2036;2245;8.314;809316;0.004;2.172.986;2064;2584;8.125;790967;0.005;2.135.953;2048;2384;10.313;1003898;0.005;2.189.885;2080;2558;10.168;989828;0.006;2.149.448;2037;2410;13.955;1358451;0.007;2.130.146;2033;2293;15.099;1469801;0.004;2.096.781;2013;2475;8.185;796777;0.005;2.239.015;2080;2660;12.306;1197873
122;calcio_15DIV_double-sequential-ASX11_w1Channel-B.tif;0.004;2.114.504;2034;2256;8.320;809855;0.004;2.173.626;2063;2597;8.128;791200;0.005;2.135.885;2048;2372;10.313;1003866;0.005;2.190.931;2076;2508;10.173;990301;0.006;2.153.250;2042;2416;13.980;1360854;0.007;2.130.894;2043;2306;15.104;1470317;0.004;2.096.813;2005;2478;8.185;796789;0.005;2.239.090;2080;2691;12.306;1197913
123;calcio_15DIV_double-sequential-ASX11_w1Channel-B.tif;0.004;2.119.031;2030;2276;8.337;811589;0.004;2.172.561;2064;2601;8.124;790812;0.005;2.143.685;2040;2363;10.350;1007532;0.005;2.196.246;2080;2523;10.198;992703;0.006;2.158.119;2048;2411;14.011;1363931;0.007;2.132.280;2040;2300;15.114;1471273;0.004;2.102.016;2012;2494;8.206;798766;0.005;2.243.374;2080;2663;12.330;1200205
124;calcio_15DIV_double-sequential-ASX11_w1Channel-B.tif;0.004;2.121.313;2040;2273;8.346;812463;0.004;2.173.074;2060;2600;8.126;790999;0.005;2.148.198;2041;2400;10.372;1009653;0.005;2.201.261;2084;2524;10.221;994970;0.006;2.157.429;2039;2417;14.007;1363495;0.007;2.132.230;2038;2289;15.114;1471239;0.004;2.105.792;2012;2492;8.220;800201;0.005;2.244.991;2070;2672;12.338;1201070
125;calcio_15DIV_double-sequential-ASX11_w1Channel-B.tif;0.004;2.122.225;2035;2280;8.350;812812;0.004;2.171.110;2065;2634;8.118;790284;0.005;2.150.585;2040;2387;10.384;1010775;0.005;2.203.431;2088;2548;10.231;995951;0.006;2.160.130;2048;2415;14.025;1365202;0.007;2.131.607;2036;2316;15.109;1470809;0.004;2.105.416;2016;2493;8.219;800058;0.005;2.246.022;2073;2696;12.344;1201622
126;calcio_15DIV_double-sequential-ASX11_w1Channel-B.tif;0.004;2.118.486;2040;2272;8.335;811380;0.004;2.170.140;2056;2592;8.115;789931;0.005;2.144.645;2044;2394;10.355;1007983;0.005;2.200.168;2085;2516;10.216;994476;0.006;2.153.419;2042;2400;13.981;1360961;0.007;2.129.636;2043;2288;15.095;1469449;0.004;2.099.600;2012;2464;8.196;797848;0.005;2.243.727;2080;2660;12.331;1200394
127;calcio_15DIV_double-sequential-ASX11_w1Channel-B.tif;0.004;2.115.715;2032;2259;8.324;810319;0.004;2.170.344;2060;2624;8.116;790005;0.005;2.141.343;2044;2372;10.339;1006431;0.005;2.198.374;2080;2504;10.208;993665;0.006;2.150.839;2036;2387;13.964;1359330;0.007;2.129.497;2040;2288;15.094;1469353;0.004;2.097.974;2012;2464;8.190;797230;0.005;2.243.398;2073;2708;12.330;1200218
128;calcio_15DIV_double-sequential-ASX11_w1Channel-B.tif;0.004;2.112.872;2026;2249;8.313;809230;0.004;2.170.222;2064;2577;8.115;789961;0.005;2.139.896;2048;2371;10.332;1005751;0.005;2.195.735;2080;2516;10.196;992472;0.006;2.149.440;2041;2408;13.955;1358446;0.007;2.130.170;2038;2308;15.099;1469817;0.004;2.095.821;2016;2457;8.181;796412;0.005;2.243.165;2073;2712;12.328;1200093
129;calcio_15DIV_double-sequential-ASX11_w1Channel-B.tif;0.004;2.111.580;2030;2268;8.308;808735;0.004;2.169.426;2056;2593;8.112;789671;0.005;2.136.655;2050;2385;10.316;1004228;0.005;2.193.387;2072;2516;10.185;991411;0.006;2.148.861;2038;2394;13.951;1358080;0.007;2.128.806;2041;2307;15.090;1468876;0.004;2.095.963;2008;2488;8.182;796466;0.005;2.241.757;2084;2656;12.321;1199340
130;calcio_15DIV_double-sequential-ASX11_w1Channel-B.tif;0.004;2.112.345;2026;2272;8.311;809028;0.004;2.168.852;2059;2576;8.110;789462;0.005;2.136.062;2050;2402;10.313;1003949;0.005;2.194.223;2080;2521;10.188;991789;0.006;2.148.718;2048;2397;13.950;1357990;0.007;2.129.823;2037;2283;15.097;1469578;0.004;2.098.205;2002;2469;8.191;797318;0.005;2.238.697;2084;2688;12.304;1197703
131;calcio_15DIV_double-sequential-ASX11_w1Channel-B.tif;0.004;2.112.514;2043;2228;8.312;809093;0.004;2.165.014;2064;2457;8.096;788065;0.005;2.133.134;2040;2421;10.299;1002573;0.005;2.190.617;2064;2563;10.172;990159;0.006;2.146.161;2041;2454;13.934;1356374;0.007;2.129.212;2048;2246;15.092;1469156;0.004;2.091.892;2003;2384;8.166;794919;0.005;2.244.043;2080;2557;12.333;1200563
132;calcio_15DIV_double-sequential-ASX11_w1Channel-B.tif;0.004;2.114.326;2039;2284;8.319;809787;0.004;2.165.874;2058;2627;8.099;788378;0.005;2.132.917;2048;2378;10.298;1002471;0.005;2.192.336;2088;2506;10.180;990936;0.006;2.148.471;2041;2378;13.949;1357834;0.007;2.128.585;2040;2272;15.088;1468724;0.004;2.096.534;2008;2470;8.184;796683;0.005;2.235.875;2073;2747;12.288;1196193
133;calcio_15DIV_double-sequential-ASX11_w1Channel-B.tif;0.004;2.114.687;2032;2252;8.320;809925;0.004;2.167.470;2062;2545;8.105;788959;0.005;2.135.049;2038;2384;10.309;1003473;0.005;2.193.781;2088;2517;10.186;991589;0.006;2.148.448;2038;2400;13.949;1357819;0.007;2.129.751;2048;2314;15.096;1469528;0.004;2.098.147;2000;2440;8.190;797296;0.005;2.237.138;2084;2741;12.295;1196869
134;calcio_15DIV_double-sequential-ASX11_w1Channel-B.tif;0.004;2.116.206;2033;2288;8.326;810507;0.004;2.166.167;2058;2570;8.100;788485;0.005;2.140.392;2044;2380;10.334;1005984;0.005;2.193.449;2083;2517;10.185;991439;0.006;2.153.846;2037;2397;13.984;1361231;0.007;2.129.165;2040;2304;15.092;1469124;0.004;2.097.787;2005;2456;8.189;797159;0.005;2.236.555;2080;2746;12.292;1196557
135;calcio_15DIV_double-sequential-ASX11_w1Channel-B.tif;0.004;2.119.454;2034;2272;8.339;811751;0.004;2.168.256;2056;2569;8.108;789245;0.005;2.146.066;2053;2385;10.362;1008651;0.005;2.198.155;2088;2508;10.207;993566;0.006;2.158.805;2034;2396;14.016;1364365;0.007;2.129.945;2048;2275;15.098;1469662;0.004;2.099.531;2012;2461;8.196;797822;0.005;2.240.228;2080;2744;12.312;1198522
136;calcio_15DIV_double-sequential-ASX11_w1Channel-B.tif;0.004;2.121.151;2033;2272;8.346;812401;0.004;2.168.711;2061;2634;8.109;789411;0.005;2.151.783;2048;2388;10.389;1011338;0.005;2.203.821;2084;2510;10.233;996127;0.006;2.158.788;2048;2416;14.016;1364354;0.007;2.130.510;2040;2305;15.102;1470052;0.004;2.107.689;2009;2465;8.228;800922;0.005;2.241.323;2080;2688;12.318;1199108
137;calcio_15DIV_double-sequential-ASX11_w1Channel-B.tif;0.004;2.120.313;2041;2269;8.342;812080;0.004;2.169.717;2066;2605;8.113;789777;0.005;2.147.458;2043;2388;10.368;1009305;0.005;2.202.584;2086;2496;10.227;995568;0.006;2.155.701;2042;2402;13.996;1362403;0.007;2.129.703;2040;2276;15.096;1469495;0.004;2.102.118;2016;2445;8.206;798805;0.005;2.241.443;2080;2659;12.319;1199172
138;calcio_15DIV_double-sequential-ASX11_w1Channel-B.tif;0.004;2.117.063;2037;2268;8.330;810835;0.004;2.173.365;2062;2608;8.127;791105;0.005;2.143.026;2048;2403;10.347;1007222;0.005;2.199.622;2080;2496;10.214;994229;0.006;2.151.772;2044;2408;13.970;1359920;0.007;2.128.161;2032;2293;15.085;1468431;0.004;2.098.697;2016;2449;8.193;797505;0.005;2.239.122;2080;2690;12.306;1197930
139;calcio_15DIV_double-sequential-ASX11_w1Channel-B.tif;0.004;2.116.791;2036;2259;8.329;810731;0.004;2.173.769;2064;2637;8.128;791252;0.005;2.140.662;2044;2366;10.336;1006111;0.005;2.198.038;2080;2513;10.206;993513;0.006;2.148.579;2038;2400;13.950;1357902;0.007;2.128.590;2033;2274;15.088;1468727;0.004;2.097.042;2004;2457;8.186;796876;0.005;2.240.421;2064;2654;12.313;1198625
140;calcio_15DIV_double-sequential-ASX11_w1Channel-B.tif;0.004;2.118.039;2036;2256;8.333;811209;0.004;2.174.486;2061;2581;8.131;791513;0.005;2.141.198;2048;2368;10.338;1006363;0.005;2.197.951;2085;2513;10.206;993474;0.006;2.152.647;2039;2388;13.976;1360473;0.007;2.128.997;2038;2272;15.091;1469008;0.004;2.096.842;2009;2454;8.185;796800;0.005;2.239.925;2072;2688;12.311;1198360
141;calcio_15DIV_double-sequential-ASX11_w1Channel-B.tif;0.004;2.120.580;2033;2269;8.343;812182;0.004;2.171.099;2054;2630;8.118;790280;0.005;2.149.432;2036;2403;10.378;1010233;0.005;2.201.060;2072;2513;10.220;994879;0.006;2.151.006;2037;2388;13.965;1359436;0.007;2.130.210;2040;2282;15.099;1469845;0.004;2.105.497;2005;2488;8.219;800089;0.005;2.240.523;2080;2656;12.314;1198680
142;calcio_15DIV_double-sequential-ASX11_w1Channel-B.tif;0.004;2.126.945;2035;2281;8.368;814620;0.004;2.171.475;2059;2627;8.120;790417;0.005;2.156.977;2049;2396;10.414;1013779;0.005;2.212.454;2080;2560;10.273;1000029;0.006;2.188.657;2040;2472;14.210;1383231;0.007;2.133.107;2040;2272;15.120;1471844;0.004;2.147.561;2016;2484;8.383;816073;0.005;2.240.821;2072;2707;12.315;1198839
143;calcio_15DIV_double-sequential-ASX11_w1Channel-B.tif;0.004;2.129.457;2036;2281;8.378;815582;0.004;2.172.926;2068;2600;8.125;790945;0.005;2.158.262;2048;2368;10.421;1014383;0.005;2.222.407;2090;2534;10.319;1004528;0.006;2.211.065;2041;2472;14.355;1397393;0.007;2.136.478;2041;2285;15.144;1474170;0.004;2.150.792;2027;2499;8.396;817301;0.005;2.242.051;2084;2688;12.322;1199497
144;calcio_15DIV_double-sequential-ASX11_w1Channel-B.tif;0.004;2.133.355;2041;2273;8.394;817075;0.004;2.176.775;2064;2606;8.140;792346;0.005;2.160.087;2049;2374;10.429;1015241;0.005;2.230.175;2075;2551;10.355;1008039;0.006;2.216.185;2048;2509;14.388;1400629;0.007;2.137.767;2044;2288;15.153;1475059;0.004;2.150.839;2027;2478;8.396;817319;0.005;2.243.742;2081;2664;12.332;1200402
145;calcio_15DIV_double-sequential-ASX11_w1Channel-B.tif;0.004;2.132.585;2029;2298;8.391;816780;0.004;2.178.415;2068;2600;8.146;792943;0.005;2.160.198;2043;2395;10.430;1015293;0.005;2.233.894;2084;2550;10.373;1009720;0.006;2.214.335;2052;2496;14.376;1399460;0.007;2.136.720;2041;2280;15.146;1474337;0.004;2.149.642;2024;2524;8.392;816864;0.005;2.242.299;2082;2664;12.324;1199630
146;calcio_15DIV_double-sequential-ASX11_w1Channel-B.tif;0.004;2.133.337;2025;2272;8.394;817068;0.004;2.181.786;2064;2648;8.158;794170;0.005;2.159.545;2049;2392;10.427;1014986;0.005;2.235.790;2082;2545;10.382;1010577;0.006;2.214.035;2048;2500;14.374;1399270;0.007;2.136.367;2041;2275;15.143;1474093;0.004;2.148.121;2025;2485;8.386;816286;0.005;2.241.940;2088;2684;12.322;1199438
147;calcio_15DIV_double-sequential-ASX11_w1Channel-B.tif;0.004;2.135.177;2036;2269;8.401;817773;0.004;2.183.956;2064;2601;8.167;794960;0.005;2.159.908;2050;2404;10.429;1015157;0.005;2.237.759;2080;2545;10.391;1011467;0.006;2.212.543;2043;2479;14.365;1398327;0.007;2.136.816;2033;2288;15.146;1474403;0.004;2.147.632;2027;2488;8.384;816100;0.005;2.240.073;2071;2656;12.311;1198439
148;calcio_15DIV_double-sequential-ASX11_w1Channel-B.tif;0.004;2.135.817;2037;2282;8.403;818018;0.004;2.184.561;2069;2622;8.169;795180;0.005;2.159.217;2052;2400;10.425;1014832;0.005;2.238.819;2089;2524;10.396;1011946;0.006;2.212.185;2049;2503;14.362;1398101;0.007;2.137.036;2032;2282;15.148;1474555;0.004;2.146.066;2033;2489;8.378;815505;0.005;2.240.598;2082;2680;12.314;1198720
149;calcio_15DIV_double-sequential-ASX11_w1Channel-B.tif;0.004;2.136.211;2038;2288;8.405;818169;0.004;2.184.744;2062;2592;8.169;795247;0.005;2.158.098;2048;2396;10.420;1014306;0.005;2.237.657;2088;2520;10.390;1011421;0.006;2.209.899;2048;2497;14.348;1396656;0.007;2.135.593;2048;2274;15.138;1473559;0.004;2.143.753;2016;2500;8.369;814626;0.005;2.237.921;2074;2666;12.300;1197288
150;calcio_15DIV_double-sequential-ASX11_w1Channel-B.tif;0.004;2.137.298;2033;2272;8.409;818585;0.004;2.185.217;2062;2646;8.171;795419;0.005;2.158.958;2048;2387;10.424;1014710;0.005;2.238.524;2092;2546;10.394;1011813;0.006;2.208.807;2052;2488;14.341;1395966;0.007;2.136.552;2039;2289;15.144;1474221;0.004;2.144.469;2020;2489;8.371;814898;0.005;2.238.813;2072;2688;12.304;1197765
151;calcio_15DIV_double-sequential-ASX11_w1Channel-B.tif;0.004;2.136.590;2038;2292;8.406;818314;0.004;2.185.096;2064;2640;8.171;795375;0.005;2.157.677;2048;2380;10.418;1014108;0.005;2.237.542;2084;2534;10.390;1011369;0.006;2.208.499;2048;2512;14.339;1395771;0.007;2.135.799;2035;2280;15.139;1473701;0.004;2.143.842;2024;2476;8.369;814660;0.005;2.238.615;2072;2668;12.303;1197659
152;calcio_15DIV_double-sequential-ASX11_w1Channel-B.tif;0.004;2.136.809;2040;2280;8.407;818398;0.004;2.185.879;2062;2622;8.174;795660;0.005;2.156.685;2048;2364;10.413;1013642;0.005;2.237.345;2085;2570;10.389;1011280;0.006;2.208.025;2050;2491;14.335;1395472;0.007;2.134.865;2040;2256;15.132;1473057;0.004;2.143.150;2026;2460;8.366;814397;0.005;2.238.236;2072;2636;12.301;1197456
153;calcio_15DIV_double-sequential-ASX11_w1Channel-B.tif;0.004;2.137.360;2037;2288;8.409;818609;0.004;2.186.893;2072;2624;8.177;796029;0.005;2.156.521;2051;2381;10.412;1013565;0.005;2.238.195;2085;2534;10.393;1011664;0.006;2.207.297;2040;2503;14.331;1395012;0.007;2.135.823;2042;2257;15.139;1473718;0.004;2.143.576;2029;2513;8.368;814559;0.005;2.237.780;2080;2665;12.299;1197212
154;calcio_15DIV_double-sequential-ASX11_w1Channel-B.tif;0.004;2.138.091;2033;2273;8.412;818889;0.004;2.186.492;2068;2594;8.176;795883;0.005;2.155.485;2040;2377;10.407;1013078;0.005;2.235.595;2083;2524;10.381;1010489;0.006;2.206.154;2043;2496;14.323;1394289;0.007;2.135.377;2042;2265;15.136;1473410;0.004;2.143.063;2016;2457;8.366;814364;0.005;2.236.562;2072;2664;12.292;1196561
155;calcio_15DIV_double-sequential-ASX11_w1Channel-B.tif;0.004;2.136.851;2034;2276;8.407;818414;0.004;2.185.893;2058;2651;8.174;795665;0.005;2.156.651;2048;2370;10.413;1013626;0.005;2.236.881;2072;2560;10.387;1011070;0.006;2.206.779;2048;2489;14.327;1394684;0.007;2.136.028;2039;2266;15.141;1473859;0.004;2.143.882;2024;2498;8.369;814675;0.005;2.236.325;2070;2677;12.291;1196434
156;calcio_15DIV_double-sequential-ASX11_w1Channel-B.tif;0.004;2.135.543;2032;2272;8.402;817913;0.004;2.187.522;2062;2624;8.180;796258;0.005;2.155.428;2048;2369;10.407;1013051;0.005;2.235.584;2088;2552;10.381;1010484;0.006;2.204.204;2048;2504;14.311;1393057;0.007;2.134.978;2033;2264;15.133;1473135;0.004;2.142.013;2022;2476;8.362;813965;0.005;2.234.628;2072;2688;12.281;1195526
157;calcio_15DIV_double-sequential-ASX11_w1Channel-B.tif;0.004;2.136.459;2035;2280;8.406;818264;0.004;2.188.341;2068;2615;8.183;796556;0.005;2.154.898;2044;2368;10.404;1012802;0.005;2.233.195;2085;2566;10.369;1009404;0.006;2.204.141;2042;2496;14.310;1393017;0.007;2.134.078;2031;2275;15.127;1472514;0.004;2.141.071;2022;2461;8.358;813607;0.005;2.233.841;2075;2660;12.277;1195105
158;calcio_15DIV_double-sequential-ASX11_w1Channel-B.tif;0.004;2.135.838;2033;2304;8.403;818026;0.004;2.188.280;2064;2607;8.183;796534;0.005;2.155.772;2050;2379;10.409;1013213;0.005;2.234.044;2080;2536;10.373;1009788;0.006;2.205.941;2040;2476;14.322;1394155;0.007;2.137.258;2043;2280;15.149;1474708;0.004;2.142.671;2026;2512;8.364;814215;0.005;2.232.862;2080;2658;12.272;1194581
159;calcio_15DIV_double-sequential-ASX11_w1Channel-B.tif;0.004;2.134.201;2040;2266;8.397;817399;0.004;2.187.489;2060;2604;8.180;796246;0.005;2.155.570;2040;2385;10.408;1013118;0.005;2.233.195;2081;2528;10.369;1009404;0.006;2.203.499;2044;2469;14.306;1392611;0.007;2.134.665;2041;2258;15.131;1472919;0.004;2.140.918;2021;2458;8.357;813549;0.005;2.233.237;2064;2688;12.274;1194782
160;calcio_15DIV_double-sequential-ASX11_w1Channel-B.tif;0.004;2.132.454;2028;2272;8.390;816730;0.004;2.185.039;2060;2604;8.171;795354;0.005;2.155.098;2048;2369;10.405;1012896;0.005;2.232.520;2081;2570;10.366;1009099;0.006;2.203.141;2041;2459;14.304;1392385;0.007;2.134.003;2037;2261;15.126;1472462;0.004;2.138.803;2025;2504;8.349;812745;0.005;2.230.174;2060;2681;12.257;1193143
161;calcio_15DIV_double-sequential-ASX11_w1Channel-B.tif;0.004;2.132.465;2035;2276;8.390;816734;0.004;2.186.291;2068;2613;8.175;795810;0.005;2.153.604;2051;2384;10.398;1012194;0.005;2.231.281;2083;2550;10.361;1008539;0.006;2.204.503;2044;2498;14.313;1393246;0.007;2.133.829;2037;2276;15.125;1472342;0.004;2.138.026;2029;2480;8.346;812450;0.005;2.229.092;2073;2664;12.251;1192564
162;calcio_15DIV_double-sequential-ASX11_w1Channel-B.tif;0.004;2.131.671;2034;2267;8.387;816430;0.004;2.186.003;2061;2613;8.174;795705;0.005;2.151.472;2040;2383;10.388;1011192;0.005;2.229.232;2084;2528;10.351;1007613;0.006;2.201.631;2044;2480;14.294;1391431;0.007;2.132.757;2036;2256;15.118;1471602;0.004;2.136.329;2028;2452;8.340;811805;0.005;2.227.314;2080;2688;12.241;1191613
163;calcio_15DIV_double-sequential-ASX11_w1Channel-B.tif;0.004;2.132.522;2036;2262;8.390;816756;0.004;2.186.387;2070;2616;8.176;795845;0.005;2.152.223;2044;2372;10.391;1011545;0.005;2.228.257;2080;2528;10.347;1007172;0.006;2.201.427;2040;2478;14.293;1391302;0.007;2.132.788;2040;2261;15.118;1471624;0.004;2.135.947;2025;2506;8.338;811660;0.005;2.225.480;2073;2672;12.231;1190632
164;calcio_15DIV_double-sequential-ASX11_w1Channel-B.tif;0.004;2.132.940;2034;2269;8.392;816916;0.004;2.183.744;2058;2608;8.166;794883;0.005;2.151.247;2051;2368;10.387;1011086;0.005;2.227.750;2080;2519;10.344;1006943;0.006;2.201.821;2050;2472;14.295;1391551;0.007;2.133.468;2042;2237;15.123;1472093;0.004;2.134.368;2025;2496;8.332;811060;0.005;2.225.514;2080;2656;12.231;1190650
165;calcio_15DIV_double-sequential-ASX11_w1Channel-B.tif;0.004;2.131.013;2038;2273;8.384;816178;0.004;2.183.667;2064;2643;8.165;794855;0.005;2.150.377;2048;2368;10.383;1010677;0.005;2.225.018;2080;2545;10.331;1005708;0.006;2.199.119;2048;2475;14.278;1389843;0.007;2.132.678;2042;2255;15.117;1471548;0.004;2.133.368;2021;2452;8.328;810680;0.005;2.222.316;2068;2656;12.214;1188939
166;calcio_15DIV_double-sequential-ASX11_w1Channel-B.tif;0.004;2.130.165;2036;2281;8.381;815853;0.004;2.182.528;2057;2596;8.161;794440;0.005;2.150.555;2048;2368;10.383;1010761;0.005;2.224.737;2082;2560;10.330;1005581;0.006;2.199.237;2044;2480;14.278;1389918;0.007;2.132.465;2041;2272;15.115;1471401;0.004;2.132.945;2019;2446;8.326;810519;0.005;2.222.138;2080;2649;12.213;1188844
167;calcio_15DIV_double-sequential-ASX11_w1Channel-B.tif;0.004;2.130.402;2038;2273;8.382;815944;0.004;2.183.656;2069;2588;8.165;794851;0.005;2.148.583;2041;2372;10.374;1009834;0.005;2.224.290;2080;2529;10.328;1005379;0.006;2.198.750;2052;2466;14.275;1389610;0.007;2.132.396;2036;2276;15.115;1471353;0.004;2.131.858;2019;2456;8.322;810106;0.005;2.221.639;2070;2652;12.210;1188577
168;calcio_15DIV_double-sequential-ASX11_w1Channel-B.tif;0.004;2.130.044;2030;2266;8.381;815807;0.004;2.182.662;2051;2598;8.162;794489;0.005;2.148.864;2045;2362;10.375;1009966;0.005;2.223.708;2084;2555;10.325;1005116;0.006;2.198.791;2051;2468;14.276;1389636;0.007;2.132.167;2037;2268;15.113;1471195;0.004;2.130.821;2017;2482;8.318;809712;0.005;2.220.736;2072;2679;12.205;1188094
169;calcio_15DIV_double-sequential-ASX11_w1Channel-B.tif;0.004;2.130.227;2035;2268;8.381;815877;0.004;2.183.256;2064;2608;8.164;794705;0.005;2.147.521;2050;2381;10.369;1009335;0.005;2.222.086;2068;2518;10.318;1004383;0.006;2.197.242;2046;2468;14.265;1388657;0.007;2.131.607;2037;2252;15.109;1470809;0.004;2.130.439;2028;2464;8.317;809567;0.005;2.218.385;2080;2661;12.192;1186836
170;calcio_15DIV_double-sequential-ASX11_w1Channel-B.tif;0.004;2.129.295;2035;2286;8.378;815520;0.004;2.182.085;2068;2579;8.160;794279;0.005;2.148.772;2050;2360;10.375;1009923;0.005;2.222.354;2080;2536;10.319;1004504;0.006;2.197.138;2048;2492;14.265;1388591;0.007;2.130.564;2038;2262;15.102;1470089;0.004;2.128.861;2016;2478;8.310;808967;0.005;2.217.835;2070;2656;12.189;1186542
171;calcio_15DIV_double-sequential-ASX11_w1Channel-B.tif;0.004;2.126.927;2029;2291;8.368;814613;0.004;2.180.047;2057;2600;8.152;793537;0.005;2.147.247;2048;2368;10.367;1009206;0.005;2.219.697;2082;2505;10.307;1003303;0.006;2.195.900;2048;2451;14.257;1387809;0.007;2.131.404;2036;2263;15.108;1470669;0.004;2.129.616;2016;2460;8.313;809254;0.005;2.216.733;2080;2636;12.183;1185952
172;calcio_15DIV_double-sequential-ASX11_w1Channel-B.tif;0.004;2.127.426;2033;2272;8.370;814804;0.004;2.180.561;2064;2597;8.154;793724;0.005;2.147.083;2043;2375;10.367;1009129;0.005;2.219.270;2076;2512;10.305;1003110;0.006;2.195.271;2042;2482;14.253;1387411;0.007;2.131.351;2037;2263;15.108;1470632;0.004;2.126.750;2022;2443;8.302;808165;0.005;2.215.372;2073;2658;12.176;1185224
173;calcio_15DIV_double-sequential-ASX11_w1Channel-B.tif;0.004;2.128.031;2036;2272;8.373;815036;0.004;2.179.651;2068;2586;8.150;793393;0.005;2.145.832;2048;2388;10.361;1008541;0.005;2.216.991;2080;2528;10.294;1002080;0.006;2.194.323;2040;2464;14.247;1386812;0.007;2.130.619;2038;2241;15.102;1470127;0.004;2.126.724;2018;2491;8.302;808155;0.005;2.215.077;2080;2685;12.174;1185066
174;calcio_15DIV_double-sequential-ASX11_w1Channel-B.tif;0.004;2.126.094;2041;2264;8.365;814294;0.004;2.180.294;2060;2595;8.153;793627;0.005;2.145.596;2048;2358;10.359;1008430;0.005;2.216.759;2082;2532;10.293;1001975;0.006;2.193.726;2042;2464;14.243;1386435;0.007;2.130.212;2040;2253;15.100;1469846;0.004;2.126.687;2021;2464;8.302;808141;0.005;2.213.464;2072;2641;12.165;1184203
175;calcio_15DIV_double-sequential-ASX11_w1Channel-B.tif;0.004;2.125.956;2041;2253;8.365;814241;0.004;2.178.756;2066;2589;8.147;793067;0.005;2.145.294;2048;2379;10.358;1008288;0.005;2.216.035;2092;2541;10.290;1001648;0.006;2.191.510;2048;2464;14.228;1385034;0.007;2.129.454;2032;2252;15.094;1469323;0.004;2.125.255;2022;2474;8.296;807597;0.005;2.213.265;2069;2653;12.164;1184097
176;calcio_15DIV_double-sequential-ASX11_w1Channel-B.tif;0.004;2.124.057;2032;2264;8.357;813514;0.004;2.177.992;2064;2568;8.144;792789;0.005;2.145.138;2052;2364;10.357;1008215;0.005;2.215.392;2070;2514;10.287;1001357;0.006;2.190.589;2044;2450;14.222;1384452;0.007;2.129.172;2037;2262;15.092;1469129;0.004;2.123.763;2008;2472;8.290;807030;0.005;2.211.736;2070;2632;12.156;1183279
177;calcio_15DIV_double-sequential-ASX11_w1Channel-B.tif;0.004;2.124.475;2033;2272;8.359;813674;0.004;2.177.756;2066;2624;8.143;792703;0.005;2.143.268;2039;2374;10.348;1007336;0.005;2.213.429;2082;2556;10.278;1000470;0.006;2.188.747;2044;2445;14.210;1383288;0.007;2.128.684;2040;2249;15.089;1468792;0.004;2.123.850;2019;2452;8.291;807063;0.005;2.210.063;2069;2614;12.146;1182384
178;calcio_15DIV_double-sequential-ASX11_w1Channel-B.tif;0.004;2.123.791;2038;2268;8.356;813412;0.004;2.175.898;2060;2592;8.136;792027;0.005;2.143.798;2041;2345;10.351;1007585;0.005;2.212.701;2070;2515;10.274;1000141;0.006;2.187.997;2040;2453;14.205;1382814;0.007;2.127.226;2038;2263;15.078;1467786;0.004;2.122.566;2018;2473;8.286;806575;0.005;2.209.957;2080;2640;12.146;1182327
179;calcio_15DIV_double-sequential-ASX11_w1Channel-B.tif;0.004;2.123.593;2032;2257;8.355;813336;0.004;2.175.231;2060;2555;8.134;791784;0.005;2.143.353;2044;2343;10.349;1007376;0.005;2.211.794;2072;2569;10.270;999731;0.006;2.186.796;2048;2474;14.198;1382055;0.007;2.127.828;2042;2248;15.083;1468201;0.004;2.122.503;2020;2448;8.286;806551;0.005;2.208.058;2072;2604;12.135;1181311
180;calcio_15DIV_double-sequential-ASX11_w1Channel-B.tif;0.004;2.123.478;2034;2268;8.355;813292;0.004;2.173.665;2068;2544;8.128;791214;0.005;2.142.985;2048;2348;10.347;1007203;0.005;2.212.785;2064;2516;10.275;1000179;0.006;2.184.937;2036;2442;14.186;1380880;0.007;2.128.188;2038;2251;15.085;1468450;0.004;2.122.510;2020;2458;8.286;806554;0.005;2.208.467;2072;2617;12.138;1181530
181;calcio_15DIV_double-sequential-ASX11_w1Channel-B.tif;0.004;2.122.940;2035;2276;8.353;813086;0.004;2.174.580;2060;2613;8.131;791547;0.005;2.142.285;2044;2344;10.343;1006874;0.005;2.209.677;2081;2521;10.260;998774;0.006;2.183.688;2048;2459;14.177;1380091;0.007;2.127.342;2040;2261;15.079;1467866;0.004;2.121.413;2020;2464;8.281;806137;0.005;2.206.376;2080;2656;12.126;1180411
182;calcio_15DIV_double-sequential-ASX11_w1Channel-B.tif;0.004;2.121.543;2040;2243;8.347;812551;0.004;2.171.904;2060;2558;8.121;790573;0.005;2.141.423;2043;2342;10.339;1006469;0.005;2.209.825;2072;2537;10.261;998841;0.006;2.182.782;2040;2448;14.172;1379518;0.007;2.126.041;2042;2240;15.070;1466968;0.004;2.120.047;2016;2442;8.276;805618;0.005;2.205.998;2072;2610;12.124;1180209
183;calcio_15DIV_double-sequential-ASX11_w1Channel-B.tif;0.004;2.120.313;2038;2245;8.342;812080;0.004;2.171.333;2064;2592;8.119;790365;0.005;2.140.562;2043;2355;10.335;1006064;0.005;2.209.188;2083;2528;10.258;998553;0.006;2.183.036;2040;2476;14.173;1379679;0.007;2.126.025;2036;2246;15.070;1466957;0.004;2.119.874;2017;2440;8.275;805552;0.005;2.204.277;2070;2620;12.115;1179288
184;calcio_15DIV_double-sequential-ASX11_w1Channel-B.tif;0.004;2.120.969;2034;2251;8.345;812331;0.004;2.169.156;2068;2568;8.111;789573;0.005;2.140.117;2043;2344;10.333;1005855;0.005;2.208.365;2080;2514;10.254;998181;0.006;2.181.221;2048;2454;14.161;1378532;0.007;2.124.900;2034;2272;15.062;1466181;0.004;2.118.476;2016;2461;8.270;805021;0.005;2.205.462;2070;2617;12.121;1179922
185;calcio_15DIV_double-sequential-ASX11_w1Channel-B.tif;0.004;2.119.948;2036;2272;8.341;811940;0.004;2.169.813;2064;2547;8.114;789812;0.005;2.141.323;2044;2364;10.339;1006422;0.005;2.208.288;2080;2556;10.254;998146;0.006;2.179.565;2050;2448;14.151;1377485;0.007;2.125.123;2039;2252;15.063;1466335;0.004;2.119.571;2018;2435;8.274;805437;0.005;2.204.411;2072;2609;12.115;1179360
186;calcio_15DIV_double-sequential-ASX11_w1Channel-B.tif;0.004;2.120.507;2032;2268;8.343;812154;0.004;2.170.813;2064;2569;8.117;790176;0.005;2.140.330;2050;2344;10.334;1005955;0.005;2.208.164;2073;2512;10.253;998090;0.006;2.178.751;2044;2428;14.145;1376971;0.007;2.126.046;2034;2260;15.070;1466972;0.004;2.119.416;2016;2432;8.274;805378;0.005;2.203.286;2073;2611;12.109;1178758
187;calcio_15DIV_double-sequential-ASX11_w1Channel-B.tif;0.004;2.118.381;2037;2248;8.335;811340;0.004;2.170.379;2053;2570;8.116;790018;0.005;2.140.211;2044;2338;10.333;1005899;0.005;2.207.440;2080;2512;10.250;997763;0.006;2.176.707;2045;2433;14.132;1375679;0.007;2.125.078;2040;2243;15.063;1466304;0.004;2.118.095;2021;2432;8.268;804876;0.005;2.202.267;2070;2611;12.104;1178213
188;calcio_15DIV_double-sequential-ASX11_w1Channel-B.tif;0.004;2.118.368;2040;2266;8.335;811335;0.004;2.168.833;2064;2580;8.110;789455;0.005;2.139.204;2041;2365;10.329;1005426;0.005;2.206.847;2081;2560;10.247;997495;0.006;2.176.848;2044;2457;14.133;1375768;0.007;2.123.951;2041;2240;15.055;1465526;0.004;2.116.574;2025;2446;8.262;804298;0.005;2.202.406;2064;2577;12.104;1178287
189;calcio_15DIV_double-sequential-ASX11_w1Channel-B.tif;0.004;2.120.431;2042;2256;8.343;812125;0.004;2.166.844;2059;2557;8.103;788731;0.005;2.138.206;2044;2340;10.324;1004957;0.005;2.206.549;2080;2540;10.246;997360;0.006;2.176.209;2048;2458;14.129;1375364;0.007;2.124.345;2038;2264;15.058;1465798;0.004;2.117.029;2024;2464;8.264;804471;0.005;2.200.806;2080;2629;12.096;1177431
190;calcio_15DIV_double-sequential-ASX11_w1Channel-B.tif;0.004;2.118.616;2028;2248;8.336;811430;0.004;2.167.132;2052;2531;8.104;788836;0.005;2.137.715;2043;2316;10.321;1004726;0.005;2.206.889;2080;2548;10.247;997514;0.006;2.174.017;2042;2432;14.115;1373979;0.007;2.124.602;2042;2254;15.060;1465975;0.004;2.116.792;2016;2441;8.263;804381;0.005;2.200.813;2064;2625;12.096;1177435
191;calcio_15DIV_double-sequential-ASX11_w1Channel-B.tif;0.004;2.116.587;2034;2248;8.328;810653;0.004;2.165.319;2061;2550;8.097;788176;0.005;2.138.919;2048;2340;10.327;1005292;0.005;2.205.334;2081;2530;10.240;996811;0.006;2.172.375;2044;2420;14.104;1372941;0.007;2.124.309;2042;2252;15.058;1465773;0.004;2.115.639;2017;2412;8.259;803943;0.005;2.199.342;2070;2581;12.088;1176648
192;calcio_15DIV_double-sequential-ASX11_w1Channel-B.tif;0.004;2.116.381;2034;2237;8.327;810574;0.004;2.166.156;2062;2555;8.100;788481;0.005;2.138.964;2049;2344;10.327;1005313;0.005;2.204.949;2081;2544;10.238;996637;0.006;2.173.354;2038;2418;14.110;1373560;0.007;2.124.159;2040;2246;15.057;1465670;0.004;2.116.455;2024;2434;8.262;804253;0.005;2.198.865;2070;2617;12.085;1176393
193;calcio_15DIV_double-sequential-ASX11_w1Channel-B.tif;0.004;2.116.530;2038;2265;8.327;810631;0.004;2.164.434;2053;2532;8.094;787854;0.005;2.137.106;2039;2346;10.318;1004440;0.005;2.203.159;2081;2576;10.230;995828;0.006;2.170.736;2044;2413;14.093;1371905;0.007;2.123.814;2048;2236;15.054;1465432;0.004;2.115.855;2016;2426;8.260;804025;0.005;2.197.649;2072;2600;12.078;1175742
194;calcio_15DIV_double-sequential-ASX11_w1Channel-B.tif;0.004;2.116.350;2035;2252;8.327;810562;0.004;2.164.931;2061;2528;8.095;788035;0.005;2.137.802;2048;2342;10.322;1004767;0.005;2.204.197;2080;2556;10.235;996297;0.006;2.170.066;2043;2427;14.089;1371482;0.007;2.122.778;2038;2248;15.047;1464717;0.004;2.114.755;2024;2410;8.255;803607;0.005;2.198.161;2072;2631;12.081;1176016
195;calcio_15DIV_double-sequential-ASX11_w1Channel-B.tif;0.004;2.116.689;2036;2262;8.328;810692;0.004;2.162.739;2057;2560;8.087;787237;0.005;2.137.528;2044;2324;10.320;1004638;0.005;2.203.982;2072;2536;10.234;996200;0.006;2.171.068;2037;2424;14.096;1372115;0.007;2.122.862;2042;2262;15.047;1464775;0.004;2.115.655;2016;2424;8.259;803949;0.005;2.197.114;2069;2586;12.075;1175456
196;calcio_15DIV_double-sequential-ASX11_w1Channel-B.tif;0.004;2.116.350;2035;2228;8.327;810562;0.004;2.161.794;2059;2565;8.084;786893;0.005;2.136.489;2045;2317;10.315;1004150;0.005;2.200.898;2083;2536;10.219;994806;0.006;2.168.878;2048;2438;14.081;1370731;0.007;2.122.757;2042;2248;15.047;1464702;0.004;2.113.958;2024;2432;8.252;803304;0.005;2.195.110;2064;2586;12.064;1174384
197;calcio_15DIV_double-sequential-ASX11_w1Channel-B.tif;0.004;2.115.541;2033;2259;8.324;810252;0.004;2.164.431;2054;2555;8.093;787853;0.005;2.136.321;2048;2349;10.315;1004071;0.005;2.199.679;2080;2535;10.214;994255;0.006;2.168.144;2052;2432;14.077;1370267;0.007;2.121.664;2040;2244;15.039;1463948;0.004;2.113.166;2019;2400;8.249;803003;0.005;2.195.832;2075;2602;12.068;1174770
198;calcio_15DIV_double-sequential-ASX11_w1Channel-B.tif;0.004;2.115.407;2032;2249;8.323;810201;0.004;2.162.283;2050;2552;8.085;787071;0.005;2.135.821;2040;2330;10.312;1003836;0.005;2.201.615;2084;2536;10.223;995130;0.006;2.168.402;2040;2448;14.078;1370430;0.007;2.122.144;2036;2256;15.042;1464279;0.004;2.113.108;2017;2453;8.249;802981;0.005;2.194.654;2080;2594;12.062;1174140
199;calcio_15DIV_double-sequential-ASX11_w1Channel-B.tif;0.004;2.115.530;2038;2256;8.324;810248;0.004;2.162.618;2062;2544;8.087;787193;0.005;2.135.585;2045;2328;10.311;1003725;0.005;2.199.735;2080;2532;10.214;994280;0.006;2.167.886;2040;2418;14.075;1370104;0.007;2.121.361;2026;2236;15.037;1463739;0.004;2.112.908;2012;2429;8.248;802905;0.005;2.194.823;2064;2592;12.063;1174230
200;calcio_15DIV_double-sequential-ASX11_w1Channel-B.tif;0.004;2.115.313;2037;2245;8.323;810165;0.004;2.162.300;2062;2588;8.086;787077;0.005;2.136.236;2048;2318;10.314;1004031;0.005;2.200.175;2084;2522;10.216;994479;0.006;2.166.076;2041;2446;14.063;1368960;0.007;2.122.243;2048;2236;15.043;1464348;0.004;2.113.132;2020;2435;8.249;802990;0.005;2.194.544;2064;2566;12.061;1174081
201;calcio_15DIV_double-sequential-ASX11_w1Channel-B.tif;0.004;2.113.499;2034;2248;8.316;809470;0.004;2.162.357;2059;2553;8.086;787098;0.005;2.134.768;2038;2340;10.307;1003341;0.005;2.198.872;2081;2537;10.210;993890;0.006;2.164.609;2048;2404;14.054;1368033;0.007;2.120.552;2041;2258;15.031;1463181;0.004;2.111.179;2020;2438;8.241;802248;0.005;2.193.041;2064;2579;12.053;1173277
202;calcio_15DIV_double-sequential-ASX11_w1Channel-B.tif;0.004;2.113.799;2034;2224;8.317;809585;0.004;2.161.011;2059;2552;8.081;786608;0.005;2.134.581;2048;2316;10.306;1003253;0.005;2.197.131;2082;2514;10.202;993103;0.006;2.164.742;2041;2425;14.054;1368117;0.007;2.121.054;2040;2236;15.035;1463527;0.004;2.111.295;2016;2438;8.242;802292;0.005;2.191.572;2064;2564;12.045;1172491
203;calcio_15DIV_double-sequential-ASX11_w1Channel-B.tif;0.004;2.112.723;2032;2241;8.313;809173;0.004;2.160.539;2057;2560;8.079;786436;0.005;2.134.034;2036;2332;10.304;1002996;0.005;2.196.834;2074;2520;10.201;992969;0.006;2.163.707;2048;2400;14.048;1367463;0.007;2.121.465;2040;2236;15.038;1463811;0.004;2.112.071;2016;2424;8.245;802587;0.005;2.191.602;2072;2579;12.045;1172507
204;calcio_15DIV_double-sequential-ASX11_w1Channel-B.tif;0.004;2.113.467;2034;2252;8.315;809458;0.004;2.160.162;2057;2584;8.078;786299;0.005;2.133.955;2044;2342;10.303;1002959;0.005;2.196.535;2080;2526;10.199;992834;0.006;2.163.445;2040;2413;14.046;1367297;0.007;2.118.738;2035;2240;15.018;1461929;0.004;2.109.716;2016;2417;8.236;801692;0.005;2.191.394;2069;2580;12.044;1172396
205;calcio_15DIV_double-sequential-ASX11_w1Channel-B.tif;0.004;2.112.854;2035;2241;8.313;809223;0.004;2.159.547;2059;2580;8.075;786075;0.005;2.134.755;2050;2328;10.307;1003335;0.005;2.195.146;2084;2510;10.193;992206;0.006;2.163.315;2048;2424;14.045;1367215;0.007;2.119.442;2035;2245;15.023;1462415;0.004;2.110.242;2016;2420;8.238;801892;0.005;2.190.230;2064;2565;12.037;1171773
206;calcio_15DIV_double-sequential-ASX11_w1Channel-B.tif;0.004;2.113.410;2035;2235;8.315;809436;0.004;2.158.555;2058;2549;8.072;785714;0.005;2.133.432;2048;2326;10.301;1002713;0.005;2.195.252;2080;2509;10.193;992254;0.006;2.162.698;2042;2418;14.041;1366825;0.007;2.119.307;2034;2232;15.022;1462322;0.004;2.111.040;2016;2432;8.241;802195;0.005;2.189.469;2074;2543;12.033;1171366
207;calcio_15DIV_double-sequential-ASX11_w1Channel-B.tif;0.004;2.113.410;2036;2240;8.315;809436;0.004;2.160.080;2064;2530;8.077;786269;0.005;2.133.379;2036;2363;10.300;1002688;0.005;2.194.215;2080;2516;10.188;991785;0.006;2.162.476;2035;2424;14.040;1366685;0.007;2.119.967;2026;2241;15.027;1462777;0.004;2.110.303;2019;2446;8.238;801915;0.005;2.189.761;2060;2553;12.035;1171522
208;calcio_15DIV_double-sequential-ASX11_w1Channel-B.tif;0.004;2.110.997;2035;2228;8.306;808512;0.004;2.159.379;2060;2564;8.075;786014;0.005;2.133.836;2044;2324;10.303;1002903;0.005;2.193.352;2080;2513;10.184;991395;0.006;2.161.715;2046;2438;14.035;1366204;0.007;2.119.415;2042;2225;15.023;1462396;0.004;2.110.274;2016;2429;8.238;801904;0.005;2.190.148;2072;2572;12.037;1171729
209;calcio_15DIV_double-sequential-ASX11_w1Channel-B.tif;0.004;2.111.136;2035;2248;8.306;808565;0.004;2.159.231;2056;2552;8.074;785960;0.005;2.132.870;2051;2314;10.298;1002449;0.005;2.191.507;2076;2490;10.176;990561;0.006;2.160.769;2040;2437;14.029;1365606;0.007;2.119.075;2038;2233;15.021;1462162;0.004;2.108.650;2017;2422;8.231;801287;0.005;2.187.791;2071;2548;12.024;1170468
210;calcio_15DIV_double-sequential-ASX11_w1Channel-B.tif;0.004;2.112.146;2038;2240;8.310;808952;0.004;2.159.176;2054;2531;8.074;785940;0.005;2.131.311;2048;2312;10.290;1001716;0.005;2.190.668;2076;2515;10.172;990182;0.006;2.159.671;2048;2418;14.022;1364912;0.007;2.119.284;2037;2232;15.022;1462306;0.004;2.108.861;2016;2433;8.232;801367;0.005;2.187.660;2065;2508;12.023;1170398
211;calcio_15DIV_double-sequential-ASX11_w1Channel-B.tif;0.004;2.110.734;2037;2237;8.305;808411;0.004;2.156.854;2060;2570;8.065;785095;0.005;2.132.987;2048;2316;10.299;1002504;0.005;2.191.104;2081;2489;10.174;990379;0.006;2.160.630;2038;2400;14.028;1365518;0.007;2.119.003;2043;2228;15.020;1462112;0.004;2.108.418;2016;2409;8.231;801199;0.005;2.187.768;2070;2496;12.024;1170456
212;calcio_15DIV_double-sequential-ASX11_w1Channel-B.tif;0.004;2.111.603;2034;2234;8.308;808744;0.004;2.158.863;2062;2579;8.073;785826;0.005;2.132.740;2052;2333;10.297;1002388;0.005;2.189.022;2080;2492;10.164;989438;0.006;2.159.263;2041;2403;14.019;1364654;0.007;2.118.891;2035;2236;15.019;1462035;0.004;2.107.271;2018;2413;8.226;800763;0.005;2.187.486;2070;2497;12.022;1170305
213;calcio_15DIV_double-sequential-ASX11_w1Channel-B.tif;0.004;2.111.177;2041;2236;8.306;808581;0.004;2.157.838;2064;2555;8.069;785453;0.005;2.131.306;2050;2315;10.290;1001714;0.005;2.188.564;2082;2518;10.162;989231;0.006;2.159.571;2042;2410;14.021;1364849;0.007;2.117.910;2035;2256;15.012;1461358;0.004;2.107.229;2020;2396;8.226;800747;0.005;2.186.308;2062;2514;12.016;1169675
214;calcio_15DIV_double-sequential-ASX11_w1Channel-B.tif;0.004;2.109.765;2038;2254;8.301;808040;0.004;2.156.187;2053;2570;8.063;784852;0.005;2.130.877;2040;2329;10.288;1001512;0.005;2.187.531;2075;2504;10.157;988764;0.006;2.159.638;2044;2411;14.021;1364891;0.007;2.118.313;2038;2233;15.015;1461636;0.004;2.107.574;2020;2433;8.227;800878;0.005;2.185.946;2058;2496;12.014;1169481
215;calcio_15DIV_double-sequential-ASX11_w1Channel-B.tif;0.004;2.109.835;2036;2232;8.301;808067;0.004;2.156.486;2056;2512;8.064;784961;0.005;2.131.149;2048;2328;10.290;1001640;0.005;2.185.861;2080;2481;10.150;988009;0.006;2.157.484;2041;2400;14.007;1363530;0.007;2.117.859;2038;2240;15.012;1461323;0.004;2.108.108;2017;2419;8.229;801081;0.005;2.184.871;2060;2500;12.008;1168906
216;calcio_15DIV_double-sequential-ASX11_w1Channel-B.tif;0.004;2.111.614;2035;2234;8.308;808748;0.004;2.157.085;2058;2554;8.066;785179;0.005;2.131.717;2049;2322;10.292;1001907;0.005;2.186.425;2080;2488;10.152;988264;0.006;2.158.834;2052;2416;14.016;1364383;0.007;2.118.403;2036;2244;15.016;1461698;0.004;2.107.334;2026;2416;8.226;800787;0.005;2.185.475;2069;2496;12.011;1169229
217;calcio_15DIV_double-sequential-ASX11_w1Channel-B.tif;0.004;2.109.447;2037;2226;8.300;807918;0.004;2.155.959;2057;2586;8.062;784769;0.005;2.130.362;2032;2318;10.286;1001270;0.005;2.185.962;2084;2471;10.150;988055;0.006;2.157.672;2040;2420;14.009;1363649;0.007;2.117.574;2028;2220;15.010;1461126;0.004;2.106.442;2018;2430;8.223;800448;0.005;2.185.142;2060;2490;12.009;1169051
218;calcio_15DIV_double-sequential-ASX11_w1Channel-B.tif;0.004;2.110.671;2043;2227;8.304;808387;0.004;2.155.379;2060;2568;8.060;784558;0.005;2.130.181;2049;2315;10.285;1001185;0.005;2.185.657;2080;2492;10.149;987917;0.006;2.156.926;2050;2409;14.004;1363177;0.007;2.117.526;2038;2232;15.010;1461093;0.004;2.107.029;2018;2408;8.225;800671;0.005;2.183.626;2068;2496;12.001;1168240
219;calcio_15DIV_double-sequential-ASX11_w1Channel-B.tif;0.004;2.109.431;2033;2230;8.300;807912;0.004;2.155.267;2056;2583;8.059;784517;0.005;2.129.902;2044;2334;10.284;1001054;0.005;2.186.250;2080;2469;10.151;988185;0.006;2.157.470;2044;2403;14.007;1363521;0.007;2.116.054;2037;2224;14.999;1460077;0.004;2.105.797;2013;2425;8.220;800203;0.005;2.183.535;2070;2473;12.001;1168191
220;calcio_15DIV_double-sequential-ASX11_w1Channel-B.tif;0.004;2.109.405;2038;2225;8.299;807902;0.004;2.154.615;2056;2577;8.057;784280;0.005;2.129.413;2051;2332;10.281;1000824;0.005;2.185.095;2076;2493;10.146;987663;0.006;2.155.758;2043;2432;13.996;1362439;0.007;2.116.999;2041;2227;15.006;1460729;0.004;2.106.063;2012;2385;8.221;800304;0.005;2.182.680;2064;2468;11.996;1167734
221;calcio_15DIV_double-sequential-ASX11_w1Channel-B.tif;0.004;2.109.287;2037;2228;8.299;807857;0.004;2.153.132;2059;2550;8.051;783740;0.005;2.129.336;2050;2315;10.281;1000788;0.005;2.183.827;2065;2490;10.140;987090;0.006;2.156.335;2040;2408;14.000;1362804;0.007;2.117.016;2038;2246;15.006;1460741;0.004;2.106.053;2013;2390;8.221;800300;0.005;2.181.830;2070;2450;11.991;1167279
222;calcio_15DIV_double-sequential-ASX11_w1Channel-B.tif;0.004;2.108.888;2036;2232;8.297;807704;0.004;2.154.522;2053;2564;8.056;784246;0.005;2.128.881;2040;2312;10.279;1000574;0.005;2.184.162;2080;2480;10.142;987241;0.006;2.155.267;2048;2409;13.993;1362129;0.007;2.116.622;2035;2234;15.003;1460469;0.004;2.105.363;2016;2392;8.219;800038;0.005;2.183.716;2063;2496;12.002;1168288
223;calcio_15DIV_double-sequential-ASX11_w1Channel-B.tif;0.004;2.109.305;2032;2224;8.299;807864;0.004;2.153.431;2050;2560;8.052;783849;0.005;2.129.949;2052;2316;10.284;1001076;0.005;2.183.308;2081;2502;10.138;986855;0.006;2.156.242;2044;2418;13.999;1362745;0.007;2.116.833;2040;2216;15.005;1460615;0.004;2.105.645;2022;2408;8.220;800145;0.005;2.183.138;2076;2466;11.998;1167979
224;calcio_15DIV_double-sequential-ASX11_w1Channel-B.tif;0.004;2.108.624;2040;2220;8.296;807603;0.004;2.152.939;2060;2528;8.051;783670;0.005;2.127.459;2048;2320;10.272;999906;0.005;2.182.843;2080;2496;10.136;986645;0.006;2.155.570;2048;2419;13.995;1362320;0.007;2.114.841;2033;2220;14.991;1459240;0.004;2.103.976;2017;2375;8.213;799511;0.005;2.182.581;2070;2454;11.995;1167681
225;calcio_15DIV_double-sequential-ASX11_w1Channel-B.tif;0.004;2.109.650;2040;2240;8.300;807996;0.004;2.153.703;2061;2572;8.053;783948;0.005;2.128.802;2048;2332;10.278;1000537;0.005;2.182.009;2073;2492;10.132;986268;0.006;2.155.180;2048;2434;13.992;1362074;0.007;2.116.396;2038;2231;15.002;1460313;0.004;2.105.047;2016;2392;8.217;799918;0.005;2.181.413;2072;2450;11.989;1167056
226;calcio_15DIV_double-sequential-ASX11_w1Channel-B.tif;0.004;2.108.201;2036;2218;8.295;807441;0.004;2.153.390;2057;2556;8.052;783834;0.005;2.127.706;2050;2317;10.273;1000022;0.005;2.181.887;2080;2491;10.131;986213;0.006;2.155.315;2037;2400;13.993;1362159;0.007;2.116.065;2040;2235;14.999;1460085;0.004;2.104.290;2024;2393;8.214;799630;0.005;2.182.780;2072;2460;11.996;1167787
227;calcio_15DIV_double-sequential-ASX11_w1Channel-B.tif;0.004;2.109.279;2040;2248;8.299;807854;0.004;2.154.330;2056;2548;8.056;784176;0.005;2.129.549;2048;2314;10.282;1000888;0.005;2.183.155;2080;2496;10.137;986786;0.006;2.156.334;2044;2426;14.000;1362803;0.007;2.116.419;2038;2236;15.002;1460329;0.004;2.105.742;2020;2408;8.220;800182;0.005;2.182.499;2073;2466;11.995;1167637
228;calcio_15DIV_double-sequential-ASX11_w1Channel-B.tif;0.004;2.108.245;2040;2227;8.295;807458;0.004;2.152.409;2061;2578;8.049;783477;0.005;2.127.187;2050;2306;10.271;999778;0.005;2.181.181;2066;2474;10.128;985894;0.006;2.154.706;2048;2420;13.989;1361774;0.007;2.115.981;2038;2216;14.999;1460027;0.004;2.104.555;2016;2368;8.216;799731;0.005;2.180.484;2064;2462;11.984;1166559
229;calcio_15DIV_double-sequential-ASX11_w1Channel-B.tif;0.004;2.106.556;2038;2216;8.288;806811;0.004;2.152.206;2057;2520;8.048;783403;0.005;2.127.643;2048;2304;10.273;999992;0.005;2.181.914;2072;2498;10.131;986225;0.006;2.154.421;2048;2418;13.987;1361594;0.007;2.115.090;2040;2216;14.992;1459412;0.004;2.104.005;2020;2388;8.213;799522;0.005;2.180.428;2066;2441;11.984;1166529
230;calcio_15DIV_double-sequential-ASX11_w1Channel-B.tif;0.004;2.107.185;2036;2232;8.291;807052;0.004;2.152.096;2056;2542;8.047;783363;0.005;2.127.462;2051;2314;10.272;999907;0.005;2.181.301;2074;2488;10.128;985948;0.006;2.153.764;2048;2416;13.983;1361179;0.007;2.114.999;2040;2211;14.992;1459349;0.004;2.103.237;2020;2395;8.210;799230;0.005;2.181.391;2070;2457;11.989;1167044
231;calcio_15DIV_double-sequential-ASX11_w1Channel-B.tif;0.004;2.107.825;2042;2212;8.293;807297;0.004;2.151.533;2053;2541;8.045;783158;0.005;2.127.255;2044;2313;10.271;999810;0.005;2.182.035;2070;2487;10.132;986280;0.006;2.154.777;2048;2424;13.990;1361819;0.007;2.114.503;2043;2230;14.988;1459007;0.004;2.103.632;2019;2393;8.212;799380;0.005;2.180.514;2072;2472;11.984;1166575
232;calcio_15DIV_double-sequential-ASX11_w1Channel-B.tif;0.004;2.107.551;2040;2224;8.292;807192;0.004;2.150.159;2064;2533;8.040;782658;0.005;2.124.430;2046;2300;10.257;998482;0.005;2.180.723;2061;2483;10.126;985687;0.006;2.152.103;2042;2400;13.972;1360129;0.007;2.113.523;2041;2222;14.981;1458331;0.004;2.102.200;2018;2393;8.206;798836;0.005;2.178.252;2064;2428;11.972;1165365
233;calcio_15DIV_double-sequential-ASX11_w1Channel-B.tif;0.004;2.107.862;2037;2212;8.293;807311;0.004;2.149.689;2052;2484;8.038;782487;0.005;2.126.083;2049;2314;10.265;999259;0.005;2.180.277;2080;2486;10.124;985485;0.006;2.152.487;2044;2400;13.975;1360372;0.007;2.114.209;2040;2210;14.986;1458804;0.004;2.102.455;2006;2388;8.207;798933;0.005;2.178.333;2053;2434;11.972;1165408
234;calcio_15DIV_double-sequential-ASX11_w1Channel-B.tif;0.004;2.106.645;2040;2224;8.289;806845;0.004;2.149.937;2062;2496;8.039;782577;0.005;2.124.353;2050;2299;10.257;998446;0.005;2.179.004;2070;2482;10.118;984910;0.006;2.152.353;2048;2392;13.974;1360287;0.007;2.114.613;2038;2235;14.989;1459083;0.004;2.102.916;2024;2378;8.209;799108;0.005;2.179.204;2061;2438;11.977;1165874
235;calcio_15DIV_double-sequential-ASX11_w1Channel-B.tif;0.004;2.106.567;2040;2220;8.288;806815;0.004;2.149.374;2064;2522;8.037;782372;0.005;2.124.866;2050;2318;10.259;998687;0.005;2.179.668;2081;2464;10.121;985210;0.006;2.152.030;2048;2400;13.972;1360083;0.007;2.114.048;2038;2227;14.985;1458693;0.004;2.102.134;2017;2392;8.206;798811;0.005;2.177.641;2070;2417;11.968;1165038
236;calcio_15DIV_double-sequential-ASX11_w1Channel-B.tif;0.004;2.107.010;2040;2216;8.290;806985;0.004;2.149.385;2055;2520;8.037;782376;0.005;2.125.426;2044;2320;10.262;998950;0.005;2.179.104;2080;2464;10.118;984955;0.006;2.151.245;2048;2419;13.967;1359587;0.007;2.113.587;2036;2224;14.982;1458375;0.004;2.102.274;2016;2364;8.207;798864;0.005;2.178.073;2065;2446;11.971;1165269
237;calcio_15DIV_double-sequential-ASX11_w1Channel-B.tif;0.004;2.106.191;2034;2211;8.287;806671;0.004;2.150.417;2060;2496;8.041;782752;0.005;2.124.013;2048;2327;10.255;998286;0.005;2.177.179;2069;2464;10.109;984085;0.006;2.151.941;2048;2426;13.971;1360027;0.007;2.114.180;2039;2214;14.986;1458784;0.004;2.101.797;2024;2361;8.205;798683;0.005;2.177.015;2073;2451;11.965;1164703
238;calcio_15DIV_double-sequential-ASX11_w1Channel-B.tif;0.004;2.105.875;2038;2228;8.286;806550;0.004;2.150.297;2062;2536;8.041;782708;0.005;2.123.802;2048;2314;10.254;998187;0.005;2.177.177;2080;2486;10.109;984084;0.006;2.150.771;2032;2385;13.964;1359287;0.007;2.113.007;2040;2222;14.978;1457975;0.004;2.101.229;2020;2386;8.203;798467;0.005;2.177.482;2080;2425;11.967;1164953
239;calcio_15DIV_double-sequential-ASX11_w1Channel-B.tif;0.004;2.104.433;2034;2204;8.280;805998;0.004;2.147.827;2057;2482;8.031;781809;0.005;2.123.438;2050;2337;10.252;998016;0.005;2.177.934;2080;2496;10.113;984426;0.006;2.150.566;2048;2392;13.962;1359158;0.007;2.112.670;2041;2210;14.975;1457742;0.004;2.100.729;2016;2384;8.201;798277;0.005;2.176.753;2071;2421;11.963;1164563
240;calcio_15DIV_double-sequential-ASX11_w1Channel-B.tif;0.004;2.106.721;2040;2234;8.289;806874;0.004;2.149.876;2049;2494;8.039;782555;0.005;2.123.613;2050;2318;10.253;998098;0.005;2.178.869;2080;2484;10.117;984849;0.006;2.151.834;2045;2400;13.971;1359959;0.007;2.114.312;2038;2224;14.987;1458875;0.004;2.101.826;2016;2376;8.205;798694;0.005;2.177.034;2073;2446;11.965;1164713
241;calcio_15DIV_double-sequential-ASX11_w1Channel-B.tif;0.004;2.107.595;2041;2204;8.292;807209;0.004;2.149.552;2062;2480;8.038;782437;0.005;2.124.049;2050;2305;10.255;998303;0.005;2.177.688;2080;2473;10.112;984315;0.006;2.150.865;2041;2415;13.964;1359347;0.007;2.113.326;2041;2221;14.980;1458195;0.004;2.100.784;2018;2384;8.201;798298;0.005;2.177.170;2068;2412;11.966;1164786
242;calcio_15DIV_double-sequential-ASX11_w1Channel-B.tif;0.004;2.105.415;2040;2229;8.284;806374;0.004;2.148.827;2048;2510;8.035;782173;0.005;2.123.072;2048;2323;10.251;997844;0.005;2.177.518;2080;2491;10.111;984238;0.006;2.150.288;2042;2408;13.961;1358982;0.007;2.112.728;2037;2238;14.976;1457782;0.004;2.100.990;2016;2388;8.202;798376;0.005;2.177.067;2064;2427;11.965;1164731
243;calcio_15DIV_double-sequential-ASX11_w1Channel-B.tif;0.004;2.106.201;2039;2229;8.287;806675;0.004;2.148.061;2050;2482;8.032;781894;0.005;2.123.619;2044;2316;10.253;998101;0.005;2.176.894;2074;2480;10.108;983956;0.006;2.150.296;2050;2432;13.961;1358987;0.007;2.112.935;2043;2208;14.977;1457925;0.004;2.101.145;2016;2368;8.202;798435;0.005;2.176.940;2064;2421;11.964;1164663
244;calcio_15DIV_double-sequential-ASX11_w1Channel-B.tif;0.004;2.105.365;2040;2212;8.284;806355;0.004;2.147.170;2058;2449;8.029;781570;0.005;2.123.402;2038;2300;10.252;997999;0.005;2.177.949;2080;2470;10.113;984433;0.006;2.149.911;2048;2419;13.958;1358744;0.007;2.112.891;2039;2236;14.977;1457895;0.004;2.100.969;2016;2381;8.202;798368;0.005;2.177.555;2068;2427;11.968;1164992
245;calcio_15DIV_double-sequential-ASX11_w1Channel-B.tif;0.004;2.105.462;2040;2216;8.284;806392;0.004;2.149.673;2064;2468;8.038;782481;0.005;2.121.636;2048;2318;10.244;997169;0.005;2.178.055;2085;2472;10.113;984481;0.006;2.149.467;2048;2419;13.955;1358463;0.007;2.113.061;2035;2208;14.978;1458012;0.004;2.100.290;2020;2365;8.199;798110;0.005;2.175.910;2071;2400;11.959;1164112
246;calcio_15DIV_double-sequential-ASX11_w1Channel-B.tif;0.004;2.106.175;2032;2227;8.287;806665;0.004;2.149.028;2058;2485;8.036;782246;0.005;2.124.268;2052;2304;10.256;998406;0.005;2.177.423;2080;2464;10.110;984195;0.006;2.150.570;2040;2402;13.962;1359160;0.007;2.113.045;2034;2216;14.978;1458001;0.004;2.101.318;2016;2383;8.203;798501;0.005;2.177.284;2070;2425;11.966;1164847
247;calcio_15DIV_double-sequential-ASX11_w1Channel-B.tif;0.004;2.104.755;2040;2216;8.281;806121;0.004;2.148.349;2064;2508;8.033;781999;0.005;2.123.262;2053;2328;10.252;997933;0.005;2.177.308;2085;2480;10.110;984143;0.006;2.150.848;2048;2438;13.964;1359336;0.007;2.113.272;2021;2220;14.979;1458158;0.004;2.101.563;2016;2355;8.204;798594;0.005;2.176.867;2064;2412;11.964;1164624
248;calcio_15DIV_double-sequential-ASX11_w1Channel-B.tif;0.004;2.105.204;2036;2211;8.283;806293;0.004;2.147.291;2052;2504;8.029;781614;0.005;2.122.085;2048;2316;10.246;997380;0.005;2.176.704;2070;2478;10.107;983870;0.006;2.149.876;2043;2449;13.958;1358722;0.007;2.111.361;2040;2201;14.966;1456839;0.004;2.101.063;2020;2356;8.202;798404;0.005;2.176.854;2072;2416;11.964;1164617
249;calcio_15DIV_double-sequential-ASX11_w1Channel-B.tif;0.004;2.104.198;2036;2200;8.279;805908;0.004;2.147.920;2060;2464;8.032;781843;0.005;2.122.513;2049;2327;10.248;997581;0.005;2.175.162;2076;2496;10.100;983173;0.006;2.147.930;2048;2408;13.945;1357492;0.007;2.111.196;2041;2212;14.965;1456725;0.004;2.100.105;2016;2353;8.198;798040;0.005;2.175.353;2056;2400;11.956;1163814
250;calcio_15DIV_double-sequential-ASX11_w1Channel-B.tif;0.004;2.104.666;2037;2210;8.281;806087;0.004;2.146.472;2056;2466;8.026;781316;0.005;2.121.453;2044;2312;10.243;997083;0.005;2.176.847;2080;2480;10.108;983935;0.006;2.149.407;2038;2424;13.955;1358425;0.007;2.112.078;2038;2220;14.971;1457334;0.004;2.100.484;2010;2358;8.200;798184;0.005;2.175.247;2076;2401;11.955;1163757
251;calcio_15DIV_double-sequential-ASX11_w1Channel-B.tif;0.004;2.104.835;2044;2205;8.281;806152;0.004;2.147.137;2057;2469;8.029;781558;0.005;2.121.974;2048;2304;10.245;997328;0.005;2.177.721;2080;2507;10.112;984330;0.006;2.149.438;2042;2432;13.955;1358445;0.007;2.112.190;2036;2208;14.972;1457411;0.004;2.100.416;2019;2362;8.199;798158;0.005;2.175.882;2072;2411;11.959;1164097
252;calcio_15DIV_double-sequential-ASX11_w1Channel-B.tif;0.004;2.104.655;2040;2216;8.281;806083;0.004;2.146.313;2052;2422;8.026;781258;0.005;2.120.902;2048;2308;10.240;996824;0.005;2.175.482;2080;2488;10.101;983318;0.006;2.148.131;2040;2440;13.947;1357619;0.007;2.110.981;2035;2219;14.963;1456577;0.004;2.099.439;2016;2336;8.196;797787;0.005;2.175.677;2072;2417;11.957;1163987
253;calcio_15DIV_double-sequential-ASX11_w1Channel-B.tif;0.004;2.103.713;2044;2211;8.277;805722;0.004;2.144.904;2062;2450;8.020;780745;0.005;2.122.042;2051;2313;10.246;997360;0.005;2.175.856;2080;2473;10.103;983487;0.006;2.147.828;2043;2434;13.945;1357427;0.007;2.111.226;2032;2242;14.965;1456746;0.004;2.100.095;2019;2356;8.198;798036;0.005;2.174.518;2059;2408;11.951;1163367
254;calcio_15DIV_double-sequential-ASX11_w1Channel-B.tif;0.004;2.103.739;2033;2208;8.277;805732;0.004;2.144.577;2064;2464;8.019;780626;0.005;2.120.485;2045;2300;10.238;996628;0.005;2.175.159;2069;2460;10.100;983172;0.006;2.147.411;2048;2387;13.942;1357164;0.007;2.110.713;2034;2210;14.961;1456392;0.004;2.099.500;2022;2368;8.196;797810;0.005;2.174.976;2061;2419;11.954;1163612
255;calcio_15DIV_double-sequential-ASX11_w1Channel-B.tif;0.004;2.103.781;2038;2201;8.277;805748;0.004;2.145.459;2064;2468;8.023;780947;0.005;2.120.921;2045;2296;10.240;996833;0.005;2.175.476;2080;2480;10.101;983315;0.006;2.147.962;2045;2419;13.946;1357512;0.007;2.110.728;2043;2201;14.961;1456402;0.004;2.098.995;2019;2344;8.194;797618;0.005;2.173.951;2072;2442;11.948;1163064
256;calcio_15DIV_double-sequential-ASX11_w1Channel-B.tif;0.004;2.103.731;2043;2212;8.277;805729;0.004;2.146.107;2060;2460;8.025;781183;0.005;2.120.515;2048;2300;10.238;996642;0.005;2.174.263;2080;2464;10.096;982767;0.006;2.147.437;2036;2412;13.942;1357180;0.007;2.111.585;2044;2202;14.967;1456994;0.004;2.099.545;2016;2368;8.196;797827;0.005;2.174.792;2064;2417;11.953;1163514
257;calcio_15DIV_double-sequential-ASX11_w1Channel-B.tif;0.004;2.103.222;2044;2201;8.275;805534;0.004;2.145.566;2056;2443;8.023;780986;0.005;2.120.285;2045;2310;10.237;996534;0.005;2.174.336;2076;2484;10.096;982800;0.006;2.146.891;2042;2434;13.939;1356835;0.007;2.110.500;2040;2202;14.960;1456245;0.004;2.099.034;2018;2346;8.194;797633;0.005;2.173.234;2064;2388;11.944;1162680
258;calcio_15DIV_double-sequential-ASX11_w1Channel-B.tif;0.004;2.102.279;2041;2212;8.271;805173;0.004;2.143.731;2056;2472;8.016;780318;0.005;2.119.843;2048;2301;10.235;996326;0.005;2.174.956;2070;2490;10.099;983080;0.006;2.147.454;2049;2402;13.942;1357191;0.007;2.110.077;2038;2222;14.957;1455953;0.004;2.099.176;2016;2344;8.195;797687;0.005;2.174.187;2073;2413;11.949;1163190
259;calcio_15DIV_double-sequential-ASX11_w1Channel-B.tif;0.004;2.101.901;2035;2200;8.270;805028;0.004;2.145.148;2060;2467;8.021;780834;0.005;2.119.972;2051;2313;10.236;996387;0.005;2.174.692;2082;2492;10.098;982961;0.006;2.147.574;2048;2446;13.943;1357267;0.007;2.110.245;2028;2211;14.958;1456069;0.004;2.098.492;2009;2358;8.192;797427;0.005;2.173.735;2058;2421;11.947;1162948
260;calcio_15DIV_double-sequential-ASX11_w1Channel-B.tif;0.004;2.101.167;2038;2196;8.267;804747;0.004;2.143.006;2056;2442;8.013;780054;0.005;2.120.362;2044;2320;10.238;996570;0.005;2.173.743;2082;2465;10.093;982532;0.006;2.145.500;2040;2413;13.930;1355956;0.007;2.110.639;2036;2216;14.961;1456341;0.004;2.099.108;2017;2337;8.194;797661;0.005;2.172.473;2071;2412;11.940;1162273
261;calcio_15DIV_double-sequential-ASX11_w1Channel-B.tif;0.004;2.102.692;2044;2208;8.273;805331;0.004;2.144.316;2060;2459;8.018;780531;0.005;2.119.251;2040;2299;10.232;996048;0.005;2.173.923;2073;2486;10.094;982613;0.006;2.146.111;2045;2436;13.933;1356342;0.007;2.110.545;2048;2213;14.960;1456276;0.004;2.099.184;2010;2360;8.195;797690;0.005;2.172.267;2069;2386;11.939;1162163
262;calcio_15DIV_double-sequential-ASX11_w1Channel-B.tif;0.004;2.102.428;2040;2189;8.272;805230;0.004;2.143.761;2058;2433;8.016;780329;0.005;2.119.096;2044;2304;10.231;995975;0.005;2.173.097;2080;2496;10.090;982240;0.006;2.147.098;2050;2425;13.940;1356966;0.007;2.109.848;2040;2201;14.955;1455795;0.004;2.099.374;2016;2332;8.195;797762;0.005;2.173.140;2072;2414;11.944;1162630
263;calcio_15DIV_double-sequential-ASX11_w1Channel-B.tif;0.004;2.101.376;2040;2200;8.268;804827;0.004;2.143.665;2056;2433;8.016;780294;0.005;2.119.464;2048;2296;10.233;996148;0.005;2.173.144;2065;2476;10.091;982261;0.006;2.146.038;2048;2419;13.933;1356296;0.007;2.110.533;2036;2201;14.960;1456268;0.004;2.099.447;2018;2349;8.196;797790;0.005;2.172.436;2072;2369;11.940;1162253
264;calcio_15DIV_double-sequential-ASX11_w1Channel-B.tif;0.004;2.102.211;2038;2208;8.271;805147;0.004;2.143.945;2060;2422;8.017;780396;0.005;2.120.389;2048;2304;10.238;996583;0.005;2.171.752;2072;2473;10.084;981632;0.006;2.145.422;2044;2413;13.929;1355907;0.007;2.110.270;2042;2217;14.958;1456086;0.004;2.098.813;2016;2352;8.193;797549;0.005;2.173.576;2069;2413;11.946;1162863
265;calcio_15DIV_double-sequential-ASX11_w1Channel-B.tif;0.004;2.102.969;2040;2213;8.274;805437;0.004;2.144.442;2056;2429;8.019;780577;0.005;2.119.606;2048;2292;10.234;996215;0.005;2.173.847;2080;2506;10.094;982579;0.006;2.145.351;2037;2392;13.929;1355862;0.007;2.110.455;2038;2209;14.959;1456214;0.004;2.098.847;2019;2334;8.193;797562;0.005;2.172.056;2073;2397;11.938;1162050
266;calcio_15DIV_double-sequential-ASX11_w1Channel-B.tif;0.004;2.102.219;2033;2194;8.271;805150;0.004;2.144.297;2062;2425;8.018;780524;0.005;2.120.853;2045;2304;10.240;996801;0.005;2.174.520;2081;2484;10.097;982883;0.006;2.146.479;2045;2438;13.936;1356575;0.007;2.111.107;2038;2210;14.964;1456664;0.004;2.099.034;2010;2349;8.194;797633;0.005;2.173.428;2068;2402;11.945;1162784
267;calcio_15DIV_double-sequential-ASX11_w1Channel-B.tif;0.004;2.102.277;2040;2202;8.271;805172;0.004;2.144.599;2060;2393;8.019;780634;0.005;2.119.096;2050;2280;10.231;995975;0.005;2.173.148;2072;2501;10.091;982263;0.006;2.146.124;2036;2457;13.934;1356350;0.007;2.109.864;2040;2224;14.955;1455806;0.004;2.097.500;2016;2332;8.188;797050;0.005;2.172.234;2080;2414;11.939;1162145
268;calcio_15DIV_double-sequential-ASX11_w1Channel-B.tif;0.004;2.101.593;2036;2200;8.269;804910;0.004;2.142.214;2060;2411;8.010;779766;0.005;2.118.632;2042;2305;10.229;995757;0.005;2.173.086;2080;2466;10.090;982235;0.006;2.145.663;2046;2390;13.931;1356059;0.007;2.109.654;2036;2216;14.954;1455661;0.004;2.097.203;2020;2324;8.187;796937;0.005;2.173.523;2080;2368;11.946;1162835
269;calcio_15DIV_double-sequential-ASX11_w1Channel-B.tif;0.004;2.101.982;2048;2202;8.270;805059;0.004;2.143.871;2060;2439;8.017;780369;0.005;2.118.877;2053;2293;10.230;995872;0.005;2.171.445;2072;2455;10.083;981493;0.006;2.145.400;2038;2426;13.929;1355893;0.007;2.109.520;2037;2209;14.953;1455569;0.004;2.098.334;2016;2342;8.191;797367;0.005;2.171.503;2075;2365;11.935;1161754
270;calcio_15DIV_double-sequential-ASX11_w1Channel-B.tif;0.004;2.101.319;2041;2200;8.268;804805;0.004;2.142.711;2060;2392;8.012;779947;0.005;2.119.102;2044;2292;10.232;995978;0.005;2.172.726;2075;2504;10.089;982072;0.006;2.145.353;2043;2433;13.929;1355863;0.007;2.109.733;2033;2220;14.954;1455716;0.004;2.098.366;2012;2331;8.191;797379;0.005;2.171.305;2070;2368;11.933;1161648
271;calcio_15DIV_double-sequential-ASX11_w1Channel-B.tif;0.004;2.100.875;2037;2201;8.266;804635;0.004;2.141.904;2056;2403;8.009;779653;0.005;2.120.047;2048;2324;10.236;996422;0.005;2.172.192;2080;2486;10.086;981831;0.006;2.145.085;2044;2411;13.927;1355694;0.007;2.109.442;2037;2208;14.952;1455515;0.004;2.099.205;2016;2341;8.195;797698;0.005;2.171.821;2070;2386;11.936;1161924
272;calcio_15DIV_double-sequential-ASX11_w1Channel-B.tif;0.004;2.100.444;2042;2197;8.264;804470;0.004;2.142.786;2052;2395;8.013;779974;0.005;2.119.030;2048;2281;10.231;995944;0.005;2.171.781;2080;2486;10.084;981645;0.006;2.145.154;2048;2444;13.927;1355737;0.007;2.109.635;2042;2198;14.954;1455648;0.004;2.097.969;2010;2329;8.190;797228;0.005;2.171.021;2080;2378;11.932;1161496
273;calcio_15DIV_double-sequential-ASX11_w1Channel-B.tif;0.004;2.100.034;2037;2210;8.263;804313;0.004;2.142.519;2052;2400;8.012;779877;0.005;2.119.853;2041;2296;10.235;996331;0.005;2.172.575;2074;2496;10.088;982004;0.006;2.144.625;2033;2400;13.924;1355403;0.007;2.109.469;2041;2217;14.952;1455534;0.004;2.098.576;2017;2318;8.192;797459;0.005;2.170.652;2065;2400;11.930;1161299
274;calcio_15DIV_double-sequential-ASX11_w1Channel-B.tif;0.004;2.100.457;2044;2215;8.264;804475;0.004;2.141.508;2060;2402;8.008;779509;0.005;2.117.953;2045;2309;10.226;995438;0.005;2.170.765;2081;2496;10.080;981186;0.006;2.144.388;2036;2430;13.922;1355253;0.007;2.108.257;2038;2225;14.944;1454697;0.004;2.096.666;2011;2337;8.185;796733;0.005;2.170.906;2080;2375;11.931;1161435
275;calcio_15DIV_double-sequential-ASX11_w1Channel-B.tif;0.004;2.100.052;2040;2197;8.263;804320;0.004;2.141.621;2056;2392;8.008;779550;0.005;2.118.208;2044;2317;10.227;995558;0.005;2.171.206;2069;2500;10.082;981385;0.006;2.144.297;2045;2432;13.922;1355196;0.007;2.109.478;2038;2204;14.953;1455540;0.004;2.097.982;2013;2356;8.190;797233;0.005;2.170.094;2060;2392;11.927;1161000
276;calcio_15DIV_double-sequential-ASX11_w1Channel-B.tif;0.004;2.100.392;2045;2187;8.264;804450;0.004;2.142.797;2062;2368;8.013;779978;0.005;2.118.696;2053;2298;10.230;995787;0.005;2.171.106;2076;2476;10.081;981340;0.006;2.143.737;2041;2423;13.918;1354842;0.007;2.109.416;2042;2217;14.952;1455497;0.004;2.097.226;2016;2328;8.187;796946;0.005;2.170.340;2080;2388;11.928;1161132
277;calcio_15DIV_double-sequential-ASX11_w1Channel-B.tif;0.004;2.099.444;2040;2198;8.260;804087;0.004;2.140.519;2057;2390;8.004;779149;0.005;2.117.066;2052;2300;10.222;995021;0.005;2.169.960;2080;2476;10.076;980822;0.006;2.143.842;2043;2420;13.919;1354908;0.007;2.108.251;2038;2220;14.944;1454693;0.004;2.096.797;2018;2313;8.185;796783;0.005;2.170.826;2070;2384;11.931;1161392
278;calcio_15DIV_double-sequential-ASX11_w1Channel-B.tif;0.004;2.098.684;2040;2217;8.257;803796;0.004;2.141.063;2060;2392;8.006;779347;0.005;2.118.325;2044;2280;10.228;995613;0.005;2.171.250;2084;2512;10.082;981405;0.006;2.142.809;2042;2434;13.912;1354255;0.007;2.108.697;2037;2197;14.947;1455001;0.004;2.096.974;2008;2311;8.186;796850;0.005;2.169.877;2068;2384;11.926;1160884
279;calcio_15DIV_double-sequential-ASX11_w1Channel-B.tif;0.004;2.100.901;2043;2213;8.266;804645;0.004;2.141.805;2056;2402;8.009;779617;0.005;2.118.264;2044;2294;10.227;995584;0.005;2.171.223;2082;2491;10.082;981393;0.006;2.143.251;2048;2438;13.915;1354535;0.007;2.109.528;2036;2202;14.953;1455574;0.004;2.097.166;2016;2311;8.187;796923;0.005;2.169.882;2056;2365;11.926;1160887
280;calcio_15DIV_double-sequential-ASX11_w1Channel-B.tif;0.004;2.100.517;2042;2197;8.264;804498;0.004;2.141.687;2058;2396;8.008;779574;0.005;2.119.204;2052;2286;10.232;996026;0.005;2.171.097;2080;2486;10.081;981336;0.006;2.143.913;2050;2442;13.919;1354953;0.007;2.109.701;2032;2214;14.954;1455694;0.004;2.097.355;2019;2304;8.187;796995;0.005;2.169.535;2072;2368;11.924;1160701
281;calcio_15DIV_double-sequential-ASX11_w1Channel-B.tif;0.004;2.099.556;2036;2212;8.261;804130;0.004;2.141.635;2060;2384;8.008;779555;0.005;2.119.279;2053;2304;10.232;996061;0.005;2.170.728;2080;2504;10.079;981169;0.006;2.144.279;2044;2451;13.922;1355184;0.007;2.109.648;2035;2194;14.954;1455657;0.004;2.098.592;2018;2318;8.192;797465;0.005;2.170.331;2072;2377;11.928;1161127
282;calcio_15DIV_double-sequential-ASX11_w1Channel-B.tif;0.004;2.099.757;2042;2221;8.261;804207;0.004;2.139.656;2056;2369;8.001;778835;0.005;2.117.945;2049;2304;10.226;995434;0.005;2.169.792;2080;2508;10.075;980746;0.006;2.143.247;2040;2432;13.915;1354532;0.007;2.108.183;2033;2200;14.943;1454646;0.004;2.096.495;2012;2310;8.184;796668;0.005;2.169.247;2064;2377;11.922;1160547
283;calcio_15DIV_double-sequential-ASX11_w1Channel-B.tif;0.004;2.100.642;2046;2187;8.265;804546;0.004;2.140.898;2064;2400;8.005;779287;0.005;2.118.400;2041;2336;10.228;995648;0.005;2.171.473;2073;2488;10.083;981506;0.006;2.144.424;2040;2432;13.923;1355276;0.007;2.109.351;2038;2196;14.952;1455452;0.004;2.096.805;2012;2324;8.185;796786;0.005;2.169.880;2080;2368;11.926;1160886
284;calcio_15DIV_double-sequential-ASX11_w1Channel-B.tif;0.004;2.099.977;2042;2193;8.262;804291;0.004;2.140.591;2065;2385;8.004;779175;0.005;2.117.959;2043;2290;10.226;995441;0.005;2.170.909;2084;2486;10.080;981251;0.006;2.143.486;2040;2424;13.916;1354683;0.007;2.108.833;2048;2210;14.948;1455095;0.004;2.097.516;2018;2356;8.188;797056;0.005;2.171.045;2075;2372;11.932;1161509
285;calcio_15DIV_double-sequential-ASX11_w1Channel-B.tif;0.004;2.099.713;2044;2196;8.261;804190;0.004;2.141.258;2053;2384;8.007;779418;0.005;2.118.251;2049;2316;10.227;995578;0.005;2.168.741;2075;2449;10.070;980271;0.006;2.143.104;2040;2430;13.914;1354442;0.007;2.107.941;2037;2197;14.942;1454479;0.004;2.097.966;2020;2322;8.190;797227;0.005;2.169.987;2074;2370;11.926;1160943
286;calcio_15DIV_double-sequential-ASX11_w1Channel-B.tif;0.004;2.099.112;2044;2182;8.259;803960;0.004;2.140.879;2056;2384;8.005;779280;0.005;2.117.855;2052;2314;10.226;995392;0.005;2.170.283;2072;2481;10.077;980968;0.006;2.144.237;2050;2448;13.921;1355158;0.007;2.108.573;2038;2201;14.946;1454915;0.004;2.097.240;2016;2336;8.187;796951;0.005;2.169.400;2060;2368;11.923;1160629
287;calcio_15DIV_double-sequential-ASX11_w1Channel-B.tif;0.004;2.100.535;2048;2200;8.265;804505;0.004;2.141.992;2065;2403;8.010;779685;0.005;2.118.172;2052;2297;10.227;995541;0.005;2.170.212;2082;2506;10.077;980936;0.006;2.143.312;2044;2444;13.915;1354573;0.007;2.108.303;2044;2202;14.944;1454729;0.004;2.096.911;2016;2312;8.186;796826;0.005;2.169.972;2070;2357;11.926;1160935
288;calcio_15DIV_double-sequential-ASX11_w1Channel-B.tif;0.004;2.100.679;2038;2192;8.265;804560;0.004;2.140.794;2070;2370;8.005;779249;0.005;2.117.096;2048;2310;10.222;995035;0.005;2.170.035;2068;2461;10.076;980856;0.006;2.144.139;2038;2432;13.921;1355096;0.007;2.108.393;2043;2200;14.945;1454791;0.004;2.096.471;2016;2313;8.184;796659;0.005;2.170.230;2072;2353;11.928;1161073
289;calcio_15DIV_double-sequential-ASX11_w1Channel-B.tif;0.004;2.099.611;2042;2183;8.261;804151;0.004;2.142.577;2072;2389;8.012;779898;0.005;2.118.402;2048;2299;10.228;995649;0.005;2.169.666;2075;2492;10.074;980689;0.006;2.143.326;2042;2436;13.915;1354582;0.007;2.108.172;2043;2185;14.943;1454639;0.004;2.096.616;2020;2313;8.185;796714;0.005;2.169.067;2080;2364;11.921;1160451
290;calcio_15DIV_double-sequential-ASX11_w1Channel-B.tif;0.004;2.099.447;2040;2195;8.260;804088;0.004;2.141.772;2065;2369;8.009;779605;0.005;2.117.462;2045;2307;10.224;995207;0.005;2.170.387;2080;2496;10.078;981015;0.006;2.143.574;2040;2444;13.917;1354739;0.007;2.109.048;2048;2193;14.949;1455243;0.004;2.097.531;2018;2328;8.188;797062;0.005;2.170.110;2080;2352;11.927;1161009
291;calcio_15DIV_double-sequential-ASX11_w1Channel-B.tif;0.004;2.099.360;2042;2181;8.260;804055;0.004;2.140.775;2064;2381;8.005;779242;0.005;2.117.715;2048;2297;10.225;995326;0.005;2.169.916;2069;2508;10.076;980802;0.006;2.143.142;2044;2432;13.914;1354466;0.007;2.108.062;2036;2202;14.943;1454563;0.004;2.096.566;2016;2322;8.184;796695;0.005;2.169.303;2072;2373;11.922;1160577
292;calcio_15DIV_double-sequential-ASX11_w1Channel-B.tif;0.004;2.099.598;2048;2192;8.261;804146;0.004;2.141.555;2060;2403;8.008;779526;0.005;2.117.638;2045;2299;10.224;995290;0.005;2.169.002;2080;2517;10.071;980389;0.006;2.143.881;2050;2434;13.919;1354933;0.007;2.108.396;2042;2202;14.945;1454793;0.004;2.096.589;2016;2308;8.184;796704;0.005;2.169.432;2072;2342;11.923;1160646
293;calcio_15DIV_double-sequential-ASX11_w1Channel-B.tif;0.004;2.100.734;2044;2192;8.265;804581;0.004;2.141.492;2066;2370;8.008;779503;0.005;2.118.343;2043;2307;10.228;995621;0.005;2.169.504;2071;2496;10.074;980616;0.006;2.142.628;2044;2413;13.911;1354141;0.007;2.108.809;2044;2192;14.948;1455078;0.004;2.097.492;2010;2312;8.188;797047;0.005;2.169.194;2073;2348;11.922;1160519
294;calcio_15DIV_double-sequential-ASX11_w1Channel-B.tif;0.004;2.098.068;2033;2196;8.255;803560;0.004;2.142.615;2062;2380;8.012;779912;0.005;2.117.057;2044;2283;10.222;995017;0.005;2.169.431;2075;2504;10.073;980583;0.006;2.142.603;2044;2432;13.911;1354125;0.007;2.108.816;2040;2212;14.948;1455083;0.004;2.096.876;2018;2302;8.186;796813;0.005;2.169.056;2060;2360;11.921;1160445
295;calcio_15DIV_double-sequential-ASX11_w1Channel-B.tif;0.004;2.098.919;2041;2203;8.258;803886;0.004;2.140.014;2060;2364;8.002;778965;0.005;2.117.283;2050;2308;10.223;995123;0.005;2.168.338;2080;2501;10.068;980089;0.006;2.143.006;2048;2404;13.913;1354380;0.007;2.108.517;2042;2208;14.946;1454877;0.004;2.095.763;2021;2304;8.181;796390;0.005;2.167.978;2075;2352;11.915;1159868
296;calcio_15DIV_double-sequential-ASX11_w1Channel-B.tif;0.004;2.097.729;2048;2194;8.254;803430;0.004;2.140.747;2070;2381;8.005;779232;0.005;2.118.079;2048;2304;10.227;995497;0.005;2.168.668;2073;2488;10.070;980238;0.006;2.142.639;2048;2422;13.911;1354148;0.007;2.107.802;2044;2211;14.941;1454383;0.004;2.096.768;2008;2324;8.185;796772;0.005;2.168.118;2080;2340;11.916;1159943
297;calcio_15DIV_double-sequential-ASX11_w1Channel-B.tif;0.004;2.097.760;2037;2201;8.254;803442;0.004;2.140.613;2058;2376;8.004;779183;0.005;2.116.855;2048;2304;10.221;994922;0.005;2.168.296;2080;2473;10.068;980070;0.006;2.143.356;2038;2464;13.916;1354601;0.007;2.108.230;2040;2200;14.944;1454679;0.004;2.095.460;2008;2300;8.180;796275;0.005;2.168.839;2074;2356;11.920;1160329
298;calcio_15DIV_double-sequential-ASX11_w1Channel-B.tif;0.004;2.098.642;2048;2201;8.257;803780;0.004;2.141.731;2057;2372;8.009;779590;0.005;2.117.819;2048;2308;10.225;995375;0.005;2.169.219;2070;2482;10.072;980487;0.006;2.143.301;2050;2420;13.915;1354566;0.007;2.107.457;2043;2200;14.938;1454145;0.004;2.096.118;2016;2328;8.183;796525;0.005;2.168.542;2069;2357;11.918;1160170
