 ,Label,Area1,Mean1,Min1,Max1,IntDen1,RawIntDen1,Area2,Mean2,Min2,Max2,IntDen2,RawIntDen2,Area3,Mean3,Min3,Max3,IntDen3,RawIntDen3,Area4,Mean4,Min4,Max4,IntDen4,RawIntDen4,Area5,Mean5,Min5,Max5,IntDen5,RawIntDen5,Area6,Mean6,Min6,Max6,IntDen6,RawIntDen6,Area7,Mean7,Min7,Max7,IntDen7,RawIntDen7,Area8,Mean8,Min8,Max8,IntDen8,RawIntDen8
1,15DIV_double-sequential-ASX21_w1Channel-B.tif,0.003,2109.613,2052,2327,5.938,578034,0.002,2139.255,2056,2294,4.747,462079,0.003,2369.064,2053,2890,6.036,587528,0.003,2120.549,2020,2312,6.862,667973,0.003,2216.701,2064,2560,6.786,660577,0.004,2299.433,2181,2408,8.126,791005,0.003,2197.477,2075,2448,6.863,668033,0.005,2406.461,2055,3084,11.520,1121411
2,15DIV_double-sequential-ASX21_w1Channel-B.tif,0.003,2108.478,2048,2320,5.935,577723,0.002,2138.986,2070,2288,4.746,462021,0.003,2346.750,2036,2872,5.979,581994,0.003,2119.657,2029,2311,6.859,667692,0.003,2216.594,2062,2556,6.786,660545,0.004,2299.520,2176,2410,8.126,791035,0.003,2200.477,2072,2470,6.872,668945,0.005,2406.869,2042,3102,11.522,1121601
3,15DIV_double-sequential-ASX21_w1Channel-B.tif,0.003,2108.387,2042,2325,5.935,577698,0.002,2137.449,2054,2294,4.743,461689,0.003,2360.915,2048,2932,6.015,585507,0.003,2116.864,2025,2296,6.850,666812,0.003,2215.564,2068,2520,6.783,660238,0.004,2296.221,2160,2426,8.115,789900,0.003,2200.609,2069,2466,6.872,668985,0.005,2394.444,2035,3032,11.463,1115811
4,15DIV_double-sequential-ASX21_w1Channel-B.tif,0.003,2106.923,2048,2324,5.930,577297,0.002,2135.454,2053,2282,4.738,461258,0.003,2350.573,2042,2865,5.988,582942,0.003,2117.375,2024,2304,6.852,666973,0.003,2211.493,2062,2560,6.770,659025,0.004,2292.404,2171,2404,8.101,788587,0.003,2197.569,2075,2477,6.863,668061,0.005,2386.054,2048,3017,11.422,1111901
5,15DIV_double-sequential-ASX21_w1Channel-B.tif,0.003,2105.420,2050,2316,5.926,576885,0.002,2132.991,2058,2264,4.733,460726,0.003,2349.048,2040,2856,5.985,582564,0.003,2116.397,2028,2291,6.849,666665,0.003,2209.312,2052,2516,6.763,658375,0.004,2291.215,2176,2396,8.097,788178,0.003,2196.145,2080,2468,6.858,667628,0.005,2378.260,2041,3026,11.385,1108269
6,15DIV_double-sequential-ASX21_w1Channel-B.tif,0.003,2106.146,2036,2336,5.928,577084,0.002,2133.491,2052,2278,4.734,460834,0.003,2327.895,2043,2824,5.931,577318,0.003,2114.829,2026,2294,6.843,666171,0.003,2208.255,2064,2554,6.760,658060,0.004,2287.384,2161,2385,8.083,786860,0.003,2195.865,2072,2453,6.858,667543,0.005,2374.373,2032,3000,11.366,1106458
7,15DIV_double-sequential-ASX21_w1Channel-B.tif,0.003,2105.518,2044,2326,5.927,576912,0.002,2130.144,2049,2257,4.727,460111,0.003,2308.686,2052,2750,5.882,572554,0.003,2115.070,2024,2292,6.844,666247,0.003,2207.262,2059,2535,6.757,657764,0.004,2284.683,2176,2384,8.074,785931,0.003,2193.832,2073,2446,6.851,666925,0.005,2368.775,2043,3019,11.340,1103849
8,15DIV_double-sequential-ASX21_w1Channel-B.tif,0.003,2104.774,2042,2326,5.924,576708,0.002,2130.907,2060,2261,4.728,460276,0.003,2313.137,2049,2779,5.893,573658,0.003,2113.387,2016,2293,6.839,665717,0.003,2205.064,2064,2528,6.750,657109,0.004,2282.910,2169,2392,8.067,785321,0.003,2194.507,2080,2468,6.853,667130,0.005,2365.378,2043,2996,11.323,1102266
9,15DIV_double-sequential-ASX21_w1Channel-B.tif,0.003,2104.336,2048,2322,5.923,576588,0.002,2130.407,2052,2277,4.727,460168,0.003,2296.843,2045,2746,5.852,569617,0.003,2113.286,2018,2304,6.838,665685,0.003,2203.557,2062,2555,6.746,656660,0.004,2280.503,2166,2380,8.059,784493,0.003,2192.648,2074,2481,6.848,666565,0.005,2361.236,2040,3014,11.304,1100336
10,15DIV_double-sequential-ASX21_w1Channel-B.tif,0.003,2104.128,2042,2304,5.923,576531,0.002,2129.736,2049,2278,4.726,460023,0.003,2297.698,2036,2704,5.854,569829,0.003,2113.413,2026,2274,6.839,665725,0.003,2202.886,2064,2542,6.744,656460,0.004,2279.849,2165,2391,8.057,784268,0.003,2193.872,2074,2458,6.851,666937,0.005,2357.371,2041,2987,11.285,1098535
11,15DIV_double-sequential-ASX21_w1Channel-B.tif,0.003,2102.328,2051,2310,5.918,576038,0.002,2129.505,2061,2264,4.725,459973,0.003,2301.270,2039,2762,5.863,570715,0.003,2111.892,2024,2297,6.834,665246,0.003,2201.658,2056,2528,6.740,656094,0.004,2279.642,2157,2380,8.056,784197,0.003,2190.329,2070,2445,6.840,665860,0.005,2356.234,2038,2979,11.280,1098005
12,15DIV_double-sequential-ASX21_w1Channel-B.tif,0.003,2103.292,2044,2316,5.920,576302,0.002,2127.778,2056,2265,4.721,459600,0.003,2310.875,2038,2768,5.887,573097,0.003,2112.006,2021,2289,6.834,665282,0.003,2202.017,2054,2515,6.741,656201,0.004,2278.291,2169,2393,8.051,783732,0.003,2190.286,2074,2468,6.840,665847,0.005,2354.440,2034,3027,11.271,1097169
13,15DIV_double-sequential-ASX21_w1Channel-B.tif,0.003,2102.679,2049,2320,5.919,576134,0.002,2127.644,2037,2284,4.721,459571,0.003,2306.460,2043,2738,5.876,572002,0.003,2111.835,2028,2276,6.834,665228,0.003,2200.936,2057,2512,6.738,655879,0.004,2275.113,2152,2378,8.040,782639,0.003,2188.612,2056,2444,6.835,665338,0.005,2350.271,2042,2986,11.251,1095226
14,15DIV_double-sequential-ASX21_w1Channel-B.tif,0.003,2102.956,2041,2288,5.919,576210,0.002,2126.315,2056,2280,4.718,459284,0.003,2307.411,2039,2781,5.879,572238,0.003,2111.718,2028,2280,6.833,665191,0.003,2197.473,2048,2497,6.727,654847,0.004,2273.328,2164,2377,8.034,782025,0.003,2189.661,2068,2471,6.838,665657,0.005,2348.328,2044,2961,11.242,1094321
15,15DIV_double-sequential-ASX21_w1Channel-B.tif,0.003,2101.631,2038,2315,5.916,575847,0.002,2126.963,2056,2283,4.720,459424,0.003,2290.145,2035,2729,5.835,567956,0.003,2109.794,2027,2292,6.827,664585,0.003,2198.379,2057,2536,6.730,655117,0.004,2272.738,2161,2376,8.032,781822,0.003,2187.635,2064,2450,6.832,665041,0.005,2345.918,2048,2946,11.230,1093198
16,15DIV_double-sequential-ASX21_w1Channel-B.tif,0.003,2102.007,2048,2320,5.917,575950,0.002,2125.926,2062,2253,4.717,459200,0.003,2292.452,2029,2715,5.840,568528,0.003,2109.924,2024,2267,6.828,664626,0.003,2197.151,2064,2502,6.726,654751,0.004,2271.145,2162,2364,8.026,781274,0.003,2186.372,2064,2440,6.828,664657,0.005,2345.594,2036,2984,11.229,1093047
17,15DIV_double-sequential-ASX21_w1Channel-B.tif,0.003,2100.931,2043,2308,5.914,575655,0.002,2125.838,2051,2257,4.717,459181,0.003,2282.456,2040,2704,5.815,566049,0.003,2109.848,2032,2276,6.827,664602,0.003,2195.013,2056,2498,6.720,654114,0.004,2268.247,2155,2376,8.016,780277,0.003,2186.467,2068,2452,6.828,664686,0.005,2342.275,2042,2953,11.213,1091500
18,15DIV_double-sequential-ASX21_w1Channel-B.tif,0.003,2101.004,2044,2320,5.914,575675,0.002,2124.750,2053,2274,4.715,458946,0.003,2284.589,2044,2762,5.820,566578,0.003,2109.556,2016,2274,6.826,664510,0.003,2193.527,2059,2492,6.715,653671,0.004,2269.564,2158,2368,8.020,780730,0.003,2186.803,2073,2435,6.829,664788,0.005,2341.444,2031,3000,11.209,1091113
19,15DIV_double-sequential-ASX21_w1Channel-B.tif,0.003,2099.927,2049,2291,5.911,575380,0.002,2123.389,2060,2272,4.712,458652,0.003,2296.173,2042,2728,5.850,569451,0.003,2107.937,2024,2277,6.821,664000,0.003,2191.815,2062,2494,6.710,653161,0.004,2269.047,2168,2373,8.018,780552,0.003,2185.253,2070,2474,6.824,664317,0.005,2340.114,2049,2925,11.202,1090493
20,15DIV_double-sequential-ASX21_w1Channel-B.tif,0.003,2100.080,2041,2288,5.911,575422,0.002,2123.921,2048,2241,4.713,458767,0.003,2302.621,2042,2748,5.866,571050,0.003,2108.413,2024,2272,6.823,664150,0.003,2191.269,2048,2500,6.708,652998,0.004,2265.669,2157,2368,8.007,779390,0.003,2185.572,2069,2436,6.825,664414,0.005,2340.637,2041,2988,11.205,1090737
21,15DIV_double-sequential-ASX21_w1Channel-B.tif,0.003,2099.383,2045,2316,5.909,575231,0.002,2123.523,2056,2262,4.712,458681,0.003,2291.177,2036,2705,5.837,568212,0.003,2107.867,2025,2278,6.821,663978,0.003,2190.782,2056,2488,6.707,652853,0.004,2265.267,2153,2361,8.005,779252,0.003,2184.220,2064,2441,6.821,664003,0.005,2335.509,2042,2956,11.180,1088347
22,15DIV_double-sequential-ASX21_w1Channel-B.tif,0.003,2098.905,2040,2290,5.908,575100,0.002,2122.583,2056,2260,4.710,458478,0.003,2271.137,2040,2680,5.786,563242,0.003,2107.298,2022,2282,6.819,663799,0.003,2192.309,2052,2492,6.711,653308,0.004,2265.439,2150,2368,8.006,779311,0.003,2181.562,2060,2448,6.813,663195,0.005,2337.582,2040,2939,11.190,1089313
23,15DIV_double-sequential-ASX21_w1Channel-B.tif,0.003,2099.255,2040,2284,5.909,575196,0.002,2123.472,2048,2252,4.712,458670,0.003,2302.198,2038,2742,5.865,570945,0.003,2108.625,2028,2272,6.823,664217,0.003,2191.587,2059,2497,6.709,653093,0.004,2263.291,2157,2361,7.998,778572,0.003,2182.326,2064,2432,6.815,663427,0.005,2334.665,2039,2964,11.176,1087954
24,15DIV_double-sequential-ASX21_w1Channel-B.tif,0.003,2099.894,2041,2316,5.911,575371,0.002,2123.315,2054,2266,4.711,458636,0.003,2279.133,2034,2704,5.806,565225,0.003,2107.038,2024,2275,6.818,663717,0.003,2189.322,2056,2496,6.702,652418,0.004,2262.779,2149,2377,7.996,778396,0.003,2182.145,2064,2432,6.815,663372,0.005,2335.564,2036,2941,11.181,1088373
25,15DIV_double-sequential-ASX21_w1Channel-B.tif,0.003,2099.325,2044,2291,5.909,575215,0.002,2122.602,2048,2256,4.710,458482,0.003,2265.653,2035,2678,5.772,561882,0.003,2108.552,2024,2268,6.823,664194,0.003,2189.362,2068,2498,6.702,652430,0.004,2262.334,2160,2361,7.995,778243,0.003,2181.852,2070,2454,6.814,663283,0.005,2335.395,2032,2976,11.180,1088294
26,15DIV_double-sequential-ASX21_w1Channel-B.tif,0.003,2100.091,2037,2287,5.911,575425,0.002,2121.477,2057,2253,4.707,458239,0.003,2272.427,2043,2690,5.789,563562,0.003,2108.013,2022,2256,6.821,664024,0.003,2187.517,2057,2476,6.697,651880,0.004,2262.442,2168,2364,7.995,778280,0.003,2182.151,2064,2403,6.815,663374,0.005,2333.639,2040,2917,11.171,1087476
27,15DIV_double-sequential-ASX21_w1Channel-B.tif,0.003,2098.591,2037,2288,5.907,575014,0.002,2120.449,2041,2244,4.705,458017,0.003,2270.706,2040,2680,5.785,563135,0.003,2108.194,2020,2276,6.822,664081,0.003,2187.906,2057,2485,6.698,651996,0.004,2260.038,2144,2357,7.987,777453,0.003,2181.415,2064,2433,6.812,663150,0.005,2332.886,2042,2944,11.168,1087125
28,15DIV_double-sequential-ASX21_w1Channel-B.tif,0.003,2098.427,2044,2285,5.907,574969,0.002,2122.097,2051,2233,4.709,458373,0.003,2260.000,2045,2644,5.758,560480,0.003,2107.527,2029,2281,6.820,663871,0.003,2187.305,2056,2481,6.696,651817,0.004,2260.113,2165,2366,7.987,777479,0.003,2180.490,2065,2427,6.810,662869,0.005,2334.266,2044,2954,11.174,1087768
29,15DIV_double-sequential-ASX21_w1Channel-B.tif,0.003,2097.285,2041,2298,5.903,574656,0.002,2122.079,2061,2244,4.709,458369,0.003,2272.306,2043,2688,5.789,563532,0.003,2107.441,2023,2267,6.820,663844,0.003,2185.802,2052,2490,6.691,651369,0.004,2259.203,2152,2358,7.984,777166,0.003,2180.618,2068,2425,6.810,662908,0.005,2330.923,2037,2944,11.158,1086210
30,15DIV_double-sequential-ASX21_w1Channel-B.tif,0.003,2097.653,2040,2301,5.904,574757,0.002,2120.958,2057,2252,4.706,458127,0.003,2283.109,2034,2742,5.817,566211,0.003,2107.048,2029,2261,6.818,663720,0.003,2185.060,2050,2491,6.689,651148,0.004,2257.442,2155,2352,7.977,776560,0.003,2179.141,2068,2414,6.805,662459,0.005,2329.970,2048,2971,11.154,1085766
31,15DIV_double-sequential-ASX21_w1Channel-B.tif,0.003,2096.996,2050,2284,5.903,574577,0.002,2119.620,2056,2216,4.703,457838,0.003,2269.476,2033,2688,5.782,562830,0.003,2105.225,2024,2272,6.812,663146,0.003,2184.252,2052,2480,6.687,650907,0.004,2257.913,2160,2353,7.979,776722,0.003,2178.105,2064,2413,6.802,662144,0.005,2329.384,2036,2964,11.151,1085493
32,15DIV_double-sequential-ASX21_w1Channel-B.tif,0.003,2097.153,2038,2290,5.903,574620,0.002,2120.917,2060,2264,4.706,458118,0.003,2289.923,2040,2704,5.834,567901,0.003,2106.705,2026,2264,6.817,663612,0.003,2184.416,2056,2470,6.687,650956,0.004,2258.017,2160,2346,7.980,776758,0.003,2178.628,2072,2424,6.804,662303,0.005,2327.976,2032,2928,11.144,1084837
33,15DIV_double-sequential-ASX21_w1Channel-B.tif,0.003,2097.591,2044,2290,5.904,574740,0.002,2120.958,2044,2265,4.706,458127,0.003,2289.948,2041,2729,5.834,567907,0.003,2105.911,2027,2265,6.815,663362,0.003,2182.779,2052,2466,6.682,650468,0.004,2256.047,2154,2348,7.973,776080,0.003,2178.536,2056,2424,6.803,662275,0.005,2327.657,2041,2914,11.143,1084688
34,15DIV_double-sequential-ASX21_w1Channel-B.tif,0.003,2097.208,2048,2294,5.903,574635,0.002,2120.843,2056,2240,4.706,458102,0.003,2287.109,2041,2699,5.827,567203,0.003,2104.600,2025,2252,6.810,662949,0.003,2183.161,2049,2461,6.683,650582,0.004,2256.392,2149,2360,7.974,776199,0.003,2176.207,2063,2401,6.796,661567,0.005,2327.489,2040,2921,11.142,1084610
35,15DIV_double-sequential-ASX21_w1Channel-B.tif,0.003,2096.208,2048,2267,5.900,574361,0.002,2120.361,2057,2240,4.705,457998,0.003,2287.202,2034,2683,5.827,567226,0.003,2104.810,2026,2272,6.811,663015,0.003,2182.644,2056,2467,6.682,650428,0.004,2252.448,2144,2346,7.960,774842,0.003,2176.776,2062,2418,6.798,661740,0.005,2327.275,2039,2960,11.141,1084510
36,15DIV_double-sequential-ASX21_w1Channel-B.tif,0.003,2095.624,2041,2300,5.899,574201,0.002,2120.731,2056,2276,4.706,458078,0.003,2271.827,2042,2663,5.788,563413,0.003,2104.965,2028,2266,6.812,663064,0.003,2182.081,2050,2474,6.680,650260,0.004,2253.558,2146,2353,7.964,775224,0.003,2177.250,2072,2412,6.799,661884,0.005,2325.519,2038,2880,11.133,1083692
37,15DIV_double-sequential-ASX21_w1Channel-B.tif,0.003,2096.409,2045,2304,5.901,574416,0.002,2119.505,2056,2240,4.703,457813,0.003,2255.677,2034,2602,5.747,559408,0.003,2103.518,2020,2246,6.807,662608,0.003,2181.557,2056,2458,6.678,650104,0.004,2250.500,2156,2352,7.953,774172,0.003,2176.382,2072,2413,6.797,661620,0.005,2325.618,2035,2931,11.133,1083738
38,15DIV_double-sequential-ASX21_w1Channel-B.tif,0.003,2097.536,2048,2274,5.904,574725,0.002,2119.218,2056,2233,4.702,457751,0.003,2255.710,2036,2667,5.747,559416,0.003,2104.759,2026,2250,6.811,662999,0.003,2182.248,2050,2456,6.681,650310,0.004,2251.509,2155,2345,7.957,774519,0.003,2176.237,2066,2392,6.796,661576,0.005,2324.242,2032,2931,11.126,1083097
39,15DIV_double-sequential-ASX21_w1Channel-B.tif,0.003,2095.916,2038,2281,5.900,574281,0.002,2119.190,2049,2246,4.702,457745,0.003,2244.915,2037,2628,5.719,556739,0.003,2103.321,2019,2256,6.806,662546,0.003,2181.057,2050,2504,6.677,649955,0.004,2250.561,2145,2362,7.953,774193,0.003,2174.915,2068,2402,6.792,661174,0.005,2323.135,2037,2939,11.121,1082581
40,15DIV_double-sequential-ASX21_w1Channel-B.tif,0.003,2097.212,2037,2292,5.903,574636,0.002,2119.593,2050,2244,4.703,457832,0.003,2253.383,2037,2620,5.741,558839,0.003,2103.584,2024,2252,6.807,662629,0.003,2179.621,2056,2454,6.672,649527,0.004,2249.645,2153,2349,7.950,773878,0.003,2175.072,2062,2401,6.793,661222,0.005,2322.122,2038,2940,11.116,1082109
41,15DIV_double-sequential-ASX21_w1Channel-B.tif,0.003,2095.978,2040,2280,5.900,574298,0.002,2119.782,2048,2246,4.704,457873,0.003,2254.649,2030,2611,5.744,559153,0.003,2105.244,2024,2261,6.812,663152,0.003,2180.305,2048,2462,6.675,649731,0.004,2249.695,2144,2352,7.950,773895,0.003,2175.270,2062,2392,6.793,661282,0.005,2320.616,2042,2904,11.109,1081407
42,15DIV_double-sequential-ASX21_w1Channel-B.tif,0.003,2095.449,2044,2264,5.898,574153,0.002,2118.977,2053,2245,4.702,457699,0.003,2260.064,2042,2649,5.758,560496,0.003,2103.775,2025,2249,6.808,662689,0.003,2179.987,2052,2467,6.674,649636,0.004,2248.291,2154,2342,7.945,773412,0.003,2173.681,2063,2387,6.788,660799,0.005,2321.682,2033,2916,11.114,1081904
43,15DIV_double-sequential-ASX21_w1Channel-B.tif,0.003,2095.409,2040,2282,5.898,574142,0.002,2119.750,2068,2228,4.704,457866,0.003,2265.689,2035,2672,5.772,561891,0.003,2103.060,2029,2264,6.805,662464,0.003,2178.946,2053,2459,6.670,649326,0.004,2248.683,2147,2360,7.947,773547,0.003,2173.743,2064,2407,6.788,660818,0.005,2319.768,2040,2913,11.105,1081012
44,15DIV_double-sequential-ASX21_w1Channel-B.tif,0.003,2095.193,2039,2280,5.897,574083,0.002,2119.806,2054,2260,4.704,457878,0.003,2272.750,2028,2676,5.790,563642,0.003,2102.244,2021,2248,6.803,662207,0.003,2176.131,2049,2456,6.662,648487,0.004,2248.532,2148,2344,7.946,773495,0.003,2173.161,2059,2437,6.787,660641,0.005,2318.086,2038,2907,11.097,1080228
45,15DIV_double-sequential-ASX21_w1Channel-B.tif,0.003,2094.416,2040,2286,5.895,573870,0.002,2120.509,2056,2241,4.705,458030,0.003,2277.282,2035,2697,5.802,564766,0.003,2103.416,2024,2252,6.807,662576,0.003,2177.859,2058,2451,6.667,649002,0.004,2247.128,2155,2336,7.941,773012,0.003,2172.750,2066,2406,6.785,660516,0.005,2317.959,2040,2905,11.096,1080169
46,15DIV_double-sequential-ASX21_w1Channel-B.tif,0.003,2093.755,2042,2264,5.893,573689,0.002,2121.352,2056,2224,4.707,458212,0.003,2261.165,2032,2657,5.761,560769,0.003,2104.416,2024,2272,6.810,662891,0.003,2176.802,2052,2456,6.664,648687,0.004,2246.805,2146,2337,7.940,772901,0.003,2172.530,2057,2414,6.785,660449,0.005,2317.513,2042,2895,11.094,1079961
47,15DIV_double-sequential-ASX21_w1Channel-B.tif,0.003,2096.033,2040,2304,5.900,574313,0.002,2121.167,2058,2240,4.707,458172,0.003,2267.226,2036,2680,5.776,562272,0.003,2101.959,2018,2240,6.802,662117,0.003,2177.950,2052,2464,6.667,649029,0.004,2246.890,2160,2336,7.940,772930,0.003,2172.878,2068,2406,6.786,660555,0.005,2316.515,2035,2880,11.089,1079496
48,15DIV_double-sequential-ASX21_w1Channel-B.tif,0.003,2095.569,2048,2282,5.899,574186,0.002,2119.491,2057,2240,4.703,457810,0.003,2266.242,2040,2679,5.774,562028,0.003,2102.562,2028,2251,6.804,662307,0.003,2177.302,2056,2497,6.665,648836,0.004,2247.262,2146,2343,7.942,773058,0.003,2173.451,2062,2426,6.788,660729,0.005,2317.047,2042,2917,11.092,1079744
49,15DIV_double-sequential-ASX21_w1Channel-B.tif,0.003,2095.869,2040,2268,5.899,574268,0.002,2120.287,2056,2242,4.705,457982,0.003,2272.125,2036,2678,5.789,563487,0.003,2101.384,2024,2249,6.800,661936,0.003,2175.940,2050,2459,6.661,648430,0.004,2245.622,2150,2327,7.936,772494,0.003,2172.816,2064,2426,6.786,660536,0.005,2316.056,2042,2884,11.087,1079282
50,15DIV_double-sequential-ASX21_w1Channel-B.tif,0.003,2094.033,2038,2259,5.894,573765,0.002,2119.806,2065,2220,4.704,457878,0.003,2269.319,2028,2658,5.781,562791,0.003,2101.073,2021,2266,6.799,661838,0.003,2175.832,2048,2472,6.661,648398,0.004,2243.363,2144,2337,7.928,771717,0.003,2171.467,2064,2409,6.781,660126,0.005,2313.775,2040,2907,11.076,1078219
51,15DIV_double-sequential-ASX21_w1Channel-B.tif,0.003,2092.876,2042,2287,5.891,573448,0.002,2119.384,2054,2224,4.703,457787,0.003,2260.556,2036,2629,5.759,560618,0.003,2100.962,2024,2262,6.799,661803,0.003,2175.919,2048,2440,6.661,648424,0.004,2243.593,2157,2344,7.929,771796,0.003,2172.023,2061,2408,6.783,660295,0.005,2314.448,2033,2870,11.080,1078533
52,15DIV_double-sequential-ASX21_w1Channel-B.tif,0.003,2094.252,2040,2274,5.895,573825,0.002,2121.241,2048,2246,4.707,458188,0.003,2263.988,2038,2644,5.768,561469,0.003,2101.587,2021,2244,6.801,662000,0.003,2176.604,2044,2440,6.663,648628,0.004,2242.381,2144,2340,7.924,771379,0.003,2170.980,2058,2408,6.780,659978,0.005,2314.513,2037,2904,11.080,1078563
53,15DIV_double-sequential-ASX21_w1Channel-B.tif,0.003,2093.796,2038,2281,5.894,573700,0.002,2120.259,2051,2234,4.705,457976,0.003,2260.476,2028,2669,5.759,560598,0.003,2100.721,2024,2253,6.798,661727,0.003,2174.168,2049,2459,6.656,647902,0.004,2242.503,2152,2331,7.925,771421,0.003,2170.770,2063,2404,6.779,659914,0.005,2312.983,2034,2894,11.073,1077850
54,15DIV_double-sequential-ASX21_w1Channel-B.tif,0.003,2094.336,2041,2280,5.895,573848,0.002,2118.755,2048,2222,4.701,457651,0.003,2275.028,2036,2644,5.796,564207,0.003,2101.714,2028,2253,6.801,662040,0.003,2175.215,2060,2458,6.659,648214,0.004,2241.477,2144,2330,7.921,771068,0.003,2169.688,2062,2392,6.776,659585,0.005,2313.425,2036,2890,11.075,1078056
55,15DIV_double-sequential-ASX21_w1Channel-B.tif,0.003,2094.416,2043,2286,5.895,573870,0.002,2119.028,2052,2241,4.702,457710,0.003,2258.952,2042,2638,5.755,560220,0.003,2100.768,2020,2244,6.798,661742,0.003,2173.533,2053,2453,6.654,647713,0.004,2242.456,2144,2320,7.925,771405,0.003,2169.391,2053,2401,6.775,659495,0.005,2311.888,2041,2894,11.067,1077340
56,15DIV_double-sequential-ASX21_w1Channel-B.tif,0.003,2093.474,2042,2294,5.893,573612,0.002,2119.028,2056,2244,4.702,457710,0.003,2253.044,2032,2624,5.740,558755,0.003,2099.457,2025,2245,6.794,661329,0.003,2173.426,2049,2444,6.654,647681,0.004,2240.788,2138,2331,7.919,770831,0.003,2170.184,2064,2414,6.777,659736,0.005,2311.723,2032,2848,11.067,1077263
57,15DIV_double-sequential-ASX21_w1Channel-B.tif,0.003,2092.682,2040,2272,5.890,573395,0.002,2119.634,2049,2213,4.703,457841,0.003,2261.234,2037,2624,5.761,560786,0.003,2100.686,2024,2263,6.798,661716,0.003,2173.403,2048,2460,6.653,647674,0.004,2241.137,2132,2328,7.920,770951,0.003,2170.030,2070,2386,6.777,659689,0.005,2310.843,2034,2884,11.062,1076853
58,15DIV_double-sequential-ASX21_w1Channel-B.tif,0.003,2093.566,2048,2276,5.893,573637,0.002,2115.667,2052,2224,4.695,456984,0.003,2255.883,2033,2640,5.747,559459,0.003,2100.162,2019,2256,6.796,661551,0.003,2172.067,2044,2472,6.649,647276,0.004,2239.538,2136,2324,7.914,770401,0.003,2170.878,2062,2403,6.780,659947,0.005,2309.159,2036,2875,11.054,1076068
59,15DIV_double-sequential-ASX21_w1Channel-B.tif,0.003,2092.850,2040,2265,5.891,573441,0.002,2117.301,2043,2219,4.698,457337,0.003,2241.577,2036,2618,5.711,555911,0.003,2099.209,2022,2244,6.793,661251,0.003,2171.856,2048,2452,6.649,647213,0.004,2239.247,2139,2332,7.913,770301,0.003,2167.793,2056,2416,6.770,659009,0.005,2309.307,2035,2875,11.055,1076137
60,15DIV_double-sequential-ASX21_w1Channel-B.tif,0.003,2091.584,2043,2276,5.887,573094,0.002,2118.116,2053,2230,4.700,457513,0.003,2257.492,2040,2656,5.751,559858,0.003,2100.022,2021,2242,6.796,661507,0.003,2172.013,2056,2440,6.649,647260,0.004,2239.363,2145,2328,7.914,770341,0.003,2169.250,2072,2410,6.774,659452,0.005,2310.062,2040,2852,11.059,1076489
61,15DIV_double-sequential-ASX21_w1Channel-B.tif,0.003,2092.029,2043,2283,5.889,573216,0.002,2117.264,2053,2218,4.698,457329,0.003,2264.694,2035,2668,5.770,561644,0.003,2099.003,2022,2235,6.792,661186,0.003,2170.231,2054,2448,6.644,646729,0.004,2237.273,2137,2329,7.906,769622,0.003,2167.599,2057,2381,6.769,658950,0.005,2308.045,2038,2873,11.049,1075549
62,15DIV_double-sequential-ASX21_w1Channel-B.tif,0.003,2091.234,2035,2258,5.886,572998,0.002,2115.954,2048,2233,4.695,457046,0.003,2248.109,2040,2627,5.727,557531,0.003,2099.355,2022,2252,6.793,661297,0.003,2171.584,2044,2455,6.648,647132,0.004,2237.436,2140,2332,7.907,769678,0.003,2167.089,2061,2404,6.768,658795,0.005,2308.485,2035,2874,11.051,1075754
63,15DIV_double-sequential-ASX21_w1Channel-B.tif,0.003,2091.741,2043,2273,5.888,573137,0.002,2115.097,2038,2222,4.693,456861,0.003,2259.480,2034,2676,5.756,560351,0.003,2098.222,2024,2254,6.790,660940,0.003,2170.362,2036,2452,6.644,646768,0.004,2237.352,2146,2329,7.906,769649,0.003,2168.635,2054,2421,6.773,659265,0.005,2307.262,2041,2853,11.045,1075184
64,15DIV_double-sequential-ASX21_w1Channel-B.tif,0.003,2090.763,2024,2272,5.885,572869,0.002,2117.194,2050,2223,4.698,457314,0.003,2245.927,2036,2624,5.722,556990,0.003,2097.479,2022,2240,6.787,660706,0.003,2170.940,2050,2464,6.646,646940,0.004,2237.581,2139,2320,7.907,769728,0.003,2168.428,2059,2392,6.772,659202,0.005,2305.667,2025,2853,11.038,1074441
65,15DIV_double-sequential-ASX21_w1Channel-B.tif,0.003,2091.774,2036,2254,5.888,573146,0.002,2116.806,2057,2216,4.697,457230,0.003,2248.028,2040,2589,5.727,557511,0.003,2098.835,2019,2242,6.792,661133,0.003,2171.299,2051,2426,6.647,647047,0.004,2234.988,2146,2312,7.898,768836,0.003,2167.859,2052,2408,6.770,659029,0.005,2304.788,2044,2843,11.033,1074031
66,15DIV_double-sequential-ASX21_w1Channel-B.tif,0.003,2090.332,2048,2261,5.884,572751,0.002,2114.241,2048,2204,4.691,456676,0.003,2252.988,2032,2644,5.740,558741,0.003,2098.355,2024,2256,6.790,660982,0.003,2169.876,2051,2443,6.643,646623,0.004,2236.151,2144,2325,7.902,769236,0.003,2167.845,2060,2404,6.770,659025,0.005,2305.601,2036,2862,11.037,1074410
67,15DIV_double-sequential-ASX21_w1Channel-B.tif,0.003,2091.471,2036,2269,5.887,573063,0.002,2115.880,2044,2209,4.695,457030,0.003,2246.387,2033,2615,5.723,557104,0.003,2098.470,2022,2242,6.791,661018,0.003,2170.329,2048,2424,6.644,646758,0.004,2235.628,2141,2318,7.900,769056,0.003,2167.895,2064,2403,6.770,659040,0.005,2304.504,2034,2853,11.032,1073899
68,15DIV_double-sequential-ASX21_w1Channel-B.tif,0.003,2091.405,2037,2264,5.887,573045,0.002,2116.417,2045,2217,4.696,457146,0.003,2239.883,2032,2610,5.706,555491,0.003,2098.698,2023,2250,6.791,661090,0.003,2170.695,2048,2441,6.645,646867,0.004,2235.686,2146,2323,7.901,769076,0.003,2167.237,2068,2413,6.768,658840,0.005,2304.116,2040,2857,11.030,1073718
69,15DIV_double-sequential-ASX21_w1Channel-B.tif,0.003,2091.887,2021,2284,5.888,573177,0.002,2117.208,2056,2230,4.698,457317,0.003,2238.415,2032,2569,5.703,555127,0.003,2097.486,2020,2234,6.787,660708,0.003,2168.020,2048,2416,6.637,646070,0.004,2234.369,2140,2317,7.896,768623,0.003,2166.852,2062,2411,6.767,658723,0.005,2303.326,2032,2846,11.026,1073350
70,15DIV_double-sequential-ASX21_w1Channel-B.tif,0.003,2090.639,2038,2261,5.885,572835,0.002,2116.046,2050,2229,4.695,457066,0.003,2239.722,2035,2616,5.706,555451,0.003,2097.860,2016,2254,6.789,660826,0.003,2168.675,2051,2449,6.639,646265,0.004,2233.794,2139,2316,7.894,768425,0.003,2167.128,2052,2426,6.768,658807,0.005,2302.599,2035,2821,11.023,1073011
71,15DIV_double-sequential-ASX21_w1Channel-B.tif,0.003,2089.573,2030,2259,5.882,572543,0.002,2114.185,2043,2221,4.691,456664,0.003,2237.814,2036,2608,5.701,554978,0.003,2097.022,2021,2236,6.786,660562,0.003,2168.148,2048,2430,6.637,646108,0.004,2233.250,2145,2329,7.892,768238,0.003,2165.326,2060,2393,6.762,658259,0.005,2302.590,2035,2824,11.023,1073007
72,15DIV_double-sequential-ASX21_w1Channel-B.tif,0.003,2089.394,2050,2248,5.881,572494,0.002,2115.056,2050,2213,4.693,456852,0.003,2250.710,2032,2651,5.734,558176,0.003,2098.117,2026,2244,6.789,660907,0.003,2168.584,2052,2416,6.639,646238,0.004,2233.233,2136,2325,7.892,768232,0.003,2166.865,2059,2405,6.767,658727,0.005,2303.034,2032,2848,11.025,1073214
73,15DIV_double-sequential-ASX21_w1Channel-B.tif,0.003,2089.865,2037,2245,5.882,572623,0.002,2114.569,2040,2229,4.692,456747,0.003,2238.927,2031,2589,5.704,555254,0.003,2097.149,2020,2236,6.786,660602,0.003,2168.127,2044,2426,6.637,646102,0.004,2234.006,2137,2327,7.895,768498,0.003,2167.174,2064,2412,6.768,658821,0.005,2301.429,2034,2834,11.017,1072466
74,15DIV_double-sequential-ASX21_w1Channel-B.tif,0.003,2090.599,2040,2267,5.885,572824,0.002,2115.926,2048,2237,4.695,457040,0.003,2238.371,2033,2600,5.703,555116,0.003,2096.349,2028,2232,6.784,660350,0.003,2168.456,2050,2427,6.638,646200,0.004,2231.547,2138,2311,7.886,767652,0.003,2165.569,2061,2433,6.763,658333,0.005,2299.582,2036,2835,11.008,1071605
75,15DIV_double-sequential-ASX21_w1Channel-B.tif,0.003,2089.500,2040,2253,5.881,572523,0.002,2116.102,2054,2210,4.695,457078,0.003,2225.044,2034,2580,5.669,551811,0.003,2097.076,2023,2254,6.786,660579,0.003,2167.195,2050,2439,6.634,645824,0.004,2231.456,2132,2321,7.886,767621,0.003,2165.566,2052,2421,6.763,658332,0.005,2300.058,2032,2852,11.011,1071827
76,15DIV_double-sequential-ASX21_w1Channel-B.tif,0.003,2090.420,2038,2238,5.884,572775,0.002,2117.375,2056,2227,4.698,457353,0.003,2227.992,2032,2544,5.676,552542,0.003,2096.657,2020,2238,6.785,660447,0.003,2166.681,2050,2440,6.633,645671,0.004,2232.029,2146,2318,7.888,767818,0.003,2165.638,2060,2409,6.763,658354,0.005,2299.373,2032,2818,11.007,1071508
77,15DIV_double-sequential-ASX21_w1Channel-B.tif,0.003,2090.172,2042,2263,5.883,572707,0.002,2116.708,2050,2227,4.697,457209,0.003,2218.722,2034,2566,5.653,550243,0.003,2096.819,2025,2241,6.785,660498,0.003,2167.178,2044,2441,6.634,645819,0.004,2231.311,2138,2316,7.885,767571,0.003,2165.605,2056,2421,6.763,658344,0.005,2298.341,2033,2850,11.002,1071027
78,15DIV_double-sequential-ASX21_w1Channel-B.tif,0.003,2089.588,2033,2251,5.882,572547,0.002,2116.616,2058,2233,4.697,457189,0.003,2251.633,2038,2665,5.736,558405,0.003,2096.660,2016,2236,6.785,660448,0.003,2166.675,2042,2450,6.633,645669,0.004,2230.352,2146,2321,7.882,767241,0.003,2164.915,2060,2424,6.761,658134,0.005,2297.532,2036,2834,10.999,1070650
79,15DIV_double-sequential-ASX21_w1Channel-B.tif,0.003,2090.223,2035,2267,5.883,572721,0.002,2115.449,2048,2232,4.694,456937,0.003,2245.649,2038,2597,5.721,556921,0.003,2096.336,2023,2244,6.784,660346,0.003,2166.352,2056,2444,6.632,645573,0.004,2229.863,2136,2316,7.880,767073,0.003,2163.816,2061,2432,6.757,657800,0.005,2298.343,2032,2827,11.003,1071028
80,15DIV_double-sequential-ASX21_w1Channel-B.tif,0.003,2088.964,2040,2256,5.880,572376,0.002,2115.491,2060,2216,4.694,456946,0.003,2247.286,2036,2606,5.725,557327,0.003,2094.746,2024,2241,6.778,659845,0.003,2166.446,2056,2432,6.632,645601,0.004,2231.680,2137,2320,7.886,767698,0.003,2164.273,2060,2406,6.759,657939,0.005,2297.343,2032,2810,10.998,1070562
81,15DIV_double-sequential-ASX21_w1Channel-B.tif,0.003,2088.814,2042,2258,5.880,572335,0.002,2113.565,2048,2224,4.690,456530,0.003,2246.343,2035,2619,5.723,557093,0.003,2096.362,2022,2230,6.784,660354,0.003,2167.275,2048,2464,6.635,645848,0.004,2230.901,2126,2315,7.884,767430,0.003,2163.839,2056,2429,6.758,657807,0.005,2297.193,2033,2796,10.997,1070492
82,15DIV_double-sequential-ASX21_w1Channel-B.tif,0.003,2088.405,2037,2264,5.878,572223,0.002,2113.486,2056,2224,4.690,456513,0.003,2234.109,2032,2616,5.692,554059,0.003,2095.267,2022,2228,6.780,660009,0.003,2165.269,2056,2458,6.629,645250,0.004,2230.052,2138,2312,7.881,767138,0.003,2165.184,2060,2384,6.762,658216,0.005,2296.429,2032,2816,10.993,1070136
83,15DIV_double-sequential-ASX21_w1Channel-B.tif,0.003,2088.715,2048,2265,5.879,572308,0.002,2114.153,2048,2232,4.691,456657,0.003,2223.423,2038,2536,5.665,551409,0.003,2094.698,2022,2220,6.778,659830,0.003,2165.067,2054,2448,6.628,645190,0.004,2229.430,2130,2311,7.878,766924,0.003,2163.645,2064,2396,6.757,657748,0.005,2296.970,2025,2824,10.996,1070388
84,15DIV_double-sequential-ASX21_w1Channel-B.tif,0.003,2089.007,2037,2265,5.880,572388,0.002,2113.380,2048,2216,4.689,456490,0.003,2231.528,2037,2592,5.685,553419,0.003,2096.530,2016,2230,6.784,660407,0.003,2164.866,2040,2412,6.627,645130,0.004,2228.352,2126,2313,7.875,766553,0.003,2162.990,2064,2380,6.755,657549,0.005,2293.923,2034,2819,10.981,1068968
85,15DIV_double-sequential-ASX21_w1Channel-B.tif,0.003,2088.259,2037,2250,5.878,572183,0.002,2112.162,2051,2214,4.687,456227,0.003,2242.133,2026,2617,5.712,556049,0.003,2094.514,2025,2236,6.778,659772,0.003,2164.168,2056,2436,6.625,644922,0.004,2227.183,2132,2328,7.871,766151,0.003,2163.030,2058,2400,6.755,657561,0.005,2295.448,2037,2816,10.989,1069679
86,15DIV_double-sequential-ASX21_w1Channel-B.tif,0.003,2087.496,2040,2256,5.876,571974,0.002,2113.384,2050,2228,4.689,456491,0.003,2246.536,2036,2593,5.723,557141,0.003,2095.136,2024,2240,6.780,659968,0.003,2164.319,2057,2416,6.626,644967,0.004,2226.977,2136,2312,7.870,766080,0.003,2162.533,2057,2409,6.753,657410,0.005,2294.129,2033,2796,10.982,1069064
87,15DIV_double-sequential-ASX21_w1Channel-B.tif,0.003,2087.763,2033,2251,5.877,572047,0.002,2112.991,2051,2219,4.689,456406,0.003,2253.306,2036,2625,5.741,558820,0.003,2094.978,2020,2222,6.779,659918,0.003,2164.825,2051,2417,6.627,645118,0.004,2226.980,2139,2310,7.870,766081,0.003,2163.046,2058,2409,6.755,657566,0.005,2292.863,2036,2820,10.976,1068474
88,15DIV_double-sequential-ASX21_w1Channel-B.tif,0.003,2087.927,2040,2267,5.877,572092,0.002,2113.639,2060,2221,4.690,456546,0.003,2254.439,2037,2600,5.744,559101,0.003,2095.597,2020,2250,6.781,660113,0.003,2164.540,2048,2408,6.626,645033,0.004,2226.567,2137,2318,7.868,765939,0.003,2162.562,2056,2402,6.754,657419,0.005,2292.476,2028,2816,10.974,1068294
89,15DIV_double-sequential-ASX21_w1Channel-B.tif,0.003,2088.974,2036,2278,5.880,572379,0.002,2112.486,2036,2229,4.687,456297,0.003,2244.327,2032,2611,5.718,556593,0.003,2094.952,2025,2220,6.779,659910,0.003,2163.943,2051,2427,6.624,644855,0.004,2227.032,2136,2310,7.870,766099,0.003,2163.474,2062,2412,6.756,657696,0.005,2292.946,2040,2813,10.977,1068513
90,15DIV_double-sequential-ASX21_w1Channel-B.tif,0.003,2088.325,2042,2253,5.878,572201,0.002,2112.333,2052,2204,4.687,456264,0.003,2248.367,2035,2610,5.728,557595,0.003,2093.654,2026,2236,6.775,659501,0.003,2163.383,2052,2452,6.623,644688,0.004,2224.279,2137,2315,7.860,765152,0.003,2160.984,2059,2412,6.749,656939,0.005,2292.921,2036,2822,10.977,1068501
91,15DIV_double-sequential-ASX21_w1Channel-B.tif,0.003,2088.540,2036,2256,5.879,572260,0.002,2110.157,2054,2218,4.682,455794,0.003,2248.569,2032,2626,5.729,557645,0.003,2093.794,2016,2233,6.775,659545,0.003,2164.033,2042,2402,6.625,644882,0.004,2225.140,2136,2316,7.863,765448,0.003,2161.257,2062,2396,6.749,657022,0.005,2291.071,2033,2792,10.968,1067639
92,15DIV_double-sequential-ASX21_w1Channel-B.tif,0.003,2090.325,2040,2260,5.884,572749,0.002,2112.583,2042,2210,4.688,456318,0.003,2250.952,2032,2630,5.735,558236,0.003,2094.270,2021,2240,6.777,659695,0.003,2163.648,2045,2411,6.624,644767,0.004,2225.721,2144,2314,7.865,765648,0.003,2161.378,2056,2400,6.750,657059,0.005,2291.167,2032,2774,10.968,1067684
93,15DIV_double-sequential-ASX21_w1Channel-B.tif,0.003,2087.686,2040,2240,5.876,572026,0.002,2113.088,2048,2221,4.689,456427,0.003,2236.298,2034,2598,5.697,554602,0.003,2094.171,2022,2225,6.777,659664,0.003,2161.191,2045,2408,6.616,644035,0.004,2224.096,2138,2317,7.860,765089,0.003,2161.243,2065,2390,6.749,657018,0.005,2290.549,2035,2774,10.965,1067396
94,15DIV_double-sequential-ASX21_w1Channel-B.tif,0.003,2087.131,2036,2256,5.875,571874,0.002,2111.116,2048,2213,4.684,456001,0.003,2239.206,2033,2604,5.705,555323,0.003,2094.089,2025,2231,6.776,659638,0.003,2162.087,2048,2419,6.619,644302,0.004,2224.337,2133,2312,7.860,765172,0.003,2161.691,2058,2392,6.751,657154,0.005,2290.386,2038,2807,10.964,1067320
95,15DIV_double-sequential-ASX21_w1Channel-B.tif,0.003,2087.923,2040,2270,5.877,572091,0.002,2111.250,2056,2225,4.685,456030,0.003,2234.617,2035,2594,5.693,554185,0.003,2093.759,2025,2243,6.775,659534,0.003,2162.366,2048,2409,6.620,644385,0.004,2223.622,2132,2304,7.858,764926,0.003,2160.661,2056,2394,6.748,656841,0.005,2287.811,2027,2788,10.952,1066120
96,15DIV_double-sequential-ASX21_w1Channel-B.tif,0.003,2087.073,2032,2248,5.875,571858,0.002,2110.481,2044,2228,4.683,455864,0.003,2235.552,2036,2576,5.695,554417,0.003,2092.838,2028,2224,6.772,659244,0.003,2162.379,2048,2424,6.620,644389,0.004,2224.991,2134,2302,7.863,765397,0.003,2161.299,2062,2406,6.750,657035,0.005,2289.026,2034,2800,10.958,1066686
97,15DIV_double-sequential-ASX21_w1Channel-B.tif,0.003,2086.599,2035,2276,5.873,571728,0.002,2110.231,2048,2219,4.682,455810,0.003,2224.089,2035,2557,5.666,551574,0.003,2092.829,2016,2224,6.772,659241,0.003,2162.668,2053,2417,6.621,644475,0.004,2223.131,2139,2309,7.856,764757,0.003,2160.599,2056,2408,6.747,656822,0.005,2288.032,2038,2776,10.953,1066223
98,15DIV_double-sequential-ASX21_w1Channel-B.tif,0.003,2086.354,2032,2252,5.873,571661,0.002,2109.995,2043,2196,4.682,455759,0.003,2217.028,2031,2561,5.648,549823,0.003,2093.378,2022,2224,6.774,659414,0.003,2161.919,2052,2432,6.618,644252,0.004,2222.785,2131,2300,7.855,764638,0.003,2161.125,2060,2389,6.749,656982,0.005,2288.511,2036,2789,10.955,1066446
99,15DIV_double-sequential-ASX21_w1Channel-B.tif,0.003,2086.558,2048,2250,5.873,571717,0.002,2111.523,2036,2236,4.685,456089,0.003,2219.347,2037,2540,5.654,550398,0.003,2092.543,2021,2217,6.771,659151,0.003,2160.665,2040,2416,6.614,643878,0.004,2223.058,2140,2313,7.856,764732,0.003,2159.352,2056,2377,6.744,656443,0.005,2286.530,2034,2777,10.946,1065523
100,15DIV_double-sequential-ASX21_w1Channel-B.tif,0.003,2087.358,2034,2240,5.875,571936,0.002,2109.968,2045,2192,4.682,455753,0.003,2212.464,2036,2529,5.637,548691,0.003,2093.572,2024,2240,6.775,659475,0.003,2161.064,2056,2396,6.616,643997,0.004,2222.110,2131,2300,7.853,764406,0.003,2159.934,2061,2393,6.745,656620,0.005,2287.558,2032,2788,10.951,1066002
101,15DIV_double-sequential-ASX21_w1Channel-B.tif,0.003,2086.810,2044,2255,5.874,571786,0.002,2110.764,2056,2221,4.684,455925,0.003,2220.770,2038,2528,5.658,550751,0.003,2093.276,2021,2221,6.774,659382,0.003,2161.621,2052,2429,6.617,644163,0.004,2221.201,2131,2317,7.849,764093,0.003,2160.868,2060,2384,6.748,656904,0.005,2286.895,2032,2764,10.948,1065693
102,15DIV_double-sequential-ASX21_w1Channel-B.tif,0.003,2087.095,2041,2272,5.875,571864,0.002,2110.750,2048,2245,4.684,455922,0.003,2220.149,2032,2522,5.656,550597,0.003,2093.737,2021,2240,6.775,659527,0.003,2160.221,2048,2391,6.613,643746,0.004,2222.381,2138,2306,7.854,764499,0.003,2159.138,2046,2404,6.743,656378,0.005,2285.000,2037,2792,10.939,1064810
103,15DIV_double-sequential-ASX21_w1Channel-B.tif,0.003,2086.354,2040,2253,5.873,571661,0.002,2111.926,2048,2231,4.686,456176,0.003,2215.069,2041,2551,5.643,549337,0.003,2092.321,2018,2224,6.771,659081,0.003,2159.825,2056,2404,6.612,643628,0.004,2221.625,2140,2297,7.851,764239,0.003,2160.349,2046,2420,6.747,656746,0.005,2285.371,2037,2797,10.940,1064983
104,15DIV_double-sequential-ASX21_w1Channel-B.tif,0.003,2086.226,2038,2254,5.872,571626,0.002,2109.565,2042,2193,4.681,455666,0.003,2218.052,2032,2528,5.651,550077,0.003,2092.178,2025,2235,6.770,659036,0.003,2159.758,2045,2432,6.612,643608,0.004,2221.584,2130,2306,7.851,764225,0.003,2158.694,2041,2356,6.741,656243,0.005,2285.929,2031,2796,10.943,1065243
105,15DIV_double-sequential-ASX21_w1Channel-B.tif,0.003,2086.577,2036,2237,5.873,571722,0.002,2109.731,2048,2212,4.681,455702,0.003,2217.355,2032,2561,5.649,549904,0.003,2092.879,2024,2214,6.772,659257,0.003,2160.738,2050,2404,6.615,643900,0.004,2220.735,2132,2310,7.848,763933,0.003,2157.757,2052,2379,6.739,655958,0.005,2284.470,2032,2798,10.936,1064563
106,15DIV_double-sequential-ASX21_w1Channel-B.tif,0.003,2087.062,2040,2248,5.875,571855,0.002,2110.866,2056,2230,4.684,455947,0.003,2233.052,2040,2572,5.689,553797,0.003,2090.714,2022,2228,6.765,658575,0.003,2160.141,2045,2393,6.613,643722,0.004,2221.035,2133,2294,7.849,764036,0.003,2159.497,2057,2393,6.744,656487,0.005,2284.605,2029,2792,10.937,1064626
107,15DIV_double-sequential-ASX21_w1Channel-B.tif,0.003,2086.701,2037,2264,5.874,571756,0.002,2110.921,2048,2209,4.684,455959,0.003,2225.327,2037,2600,5.669,551881,0.003,2091.797,2020,2217,6.769,658916,0.003,2158.755,2038,2394,6.609,643309,0.004,2219.535,2133,2299,7.844,763520,0.003,2158.335,2060,2392,6.740,656134,0.005,2283.369,2036,2770,10.931,1064050
108,15DIV_double-sequential-ASX21_w1Channel-B.tif,0.003,2085.989,2040,2240,5.872,571561,0.002,2111.199,2053,2217,4.685,456019,0.003,2221.480,2033,2536,5.660,550927,0.003,2091.667,2020,2230,6.769,658875,0.003,2158.601,2050,2414,6.608,643263,0.004,2219.558,2128,2297,7.844,763528,0.003,2159.668,2058,2398,6.745,656539,0.005,2283.019,2036,2753,10.929,1063887
109,15DIV_double-sequential-ASX21_w1Channel-B.tif,0.003,2086.635,2041,2256,5.873,571738,0.002,2111.370,2053,2198,4.685,456056,0.003,2220.919,2037,2568,5.658,550788,0.003,2091.375,2022,2233,6.768,658783,0.003,2159.460,2051,2408,6.611,643519,0.004,2221.445,2139,2304,7.850,764177,0.003,2159.872,2062,2390,6.745,656601,0.005,2282.880,2037,2762,10.928,1063822
110,15DIV_double-sequential-ASX21_w1Channel-B.tif,0.003,2086.058,2037,2240,5.872,571580,0.002,2109.310,2045,2208,4.680,455611,0.003,2222.689,2029,2552,5.663,551227,0.003,2091.673,2022,2218,6.769,658877,0.003,2159.094,2048,2409,6.610,643410,0.004,2219.343,2136,2314,7.843,763454,0.003,2158.411,2048,2392,6.741,656157,0.005,2281.418,2024,2784,10.921,1063141
111,15DIV_double-sequential-ASX21_w1Channel-B.tif,0.003,2085.482,2041,2241,5.870,571422,0.002,2109.824,2050,2240,4.682,455722,0.003,2221.742,2024,2547,5.660,550992,0.003,2091.572,2023,2234,6.768,658845,0.003,2156.987,2040,2410,6.603,642782,0.004,2217.497,2134,2290,7.836,762819,0.003,2158.786,2056,2368,6.742,656271,0.005,2281.011,2035,2786,10.920,1062951
112,15DIV_double-sequential-ASX21_w1Channel-B.tif,0.003,2086.277,2038,2232,5.872,571640,0.002,2110.106,2044,2205,4.682,455783,0.003,2226.689,2040,2562,5.673,552219,0.003,2089.692,2020,2217,6.762,658253,0.003,2159.003,2042,2396,6.609,643383,0.004,2218.570,2126,2306,7.840,763188,0.003,2158.760,2062,2384,6.742,656263,0.005,2281.818,2036,2760,10.923,1063327
113,15DIV_double-sequential-ASX21_w1Channel-B.tif,0.003,2085.708,2034,2248,5.871,571484,0.002,2110.833,2041,2237,4.684,455940,0.003,2220.274,2033,2548,5.657,550628,0.003,2091.038,2020,2229,6.766,658677,0.003,2157.873,2052,2384,6.606,643046,0.004,2218.372,2136,2304,7.839,763120,0.003,2157.000,2056,2406,6.736,655728,0.005,2279.217,2036,2747,10.911,1062115
114,15DIV_double-sequential-ASX21_w1Channel-B.tif,0.003,2085.219,2041,2240,5.869,571350,0.002,2109.560,2044,2225,4.681,455665,0.003,2221.923,2029,2542,5.661,551037,0.003,2091.219,2022,2228,6.767,658734,0.003,2158.228,2051,2394,6.607,643152,0.004,2216.785,2131,2296,7.834,762574,0.003,2158.003,2051,2448,6.739,656033,0.005,2280.584,2037,2736,10.917,1062752
115,15DIV_double-sequential-ASX21_w1Channel-B.tif,0.003,2085.496,2038,2240,5.870,571426,0.002,2108.722,2054,2208,4.679,455484,0.003,2221.278,2039,2552,5.659,550877,0.003,2090.102,2021,2228,6.763,658382,0.003,2157.295,2054,2402,6.604,642874,0.004,2217.538,2120,2300,7.836,762833,0.003,2157.188,2064,2384,6.737,655785,0.005,2278.155,2036,2752,10.906,1061620
116,15DIV_double-sequential-ASX21_w1Channel-B.tif,0.003,2084.438,2033,2233,5.867,571136,0.002,2109.310,2052,2227,4.680,455611,0.003,2222.391,2038,2533,5.662,551153,0.003,2091.092,2019,2225,6.767,658694,0.003,2157.581,2044,2402,6.605,642959,0.004,2216.890,2136,2297,7.834,762610,0.003,2157.599,2061,2384,6.738,655910,0.005,2278.869,2027,2740,10.909,1061953
117,15DIV_double-sequential-ASX21_w1Channel-B.tif,0.003,2086.496,2036,2243,5.873,571700,0.002,2111.236,2056,2218,4.685,456027,0.003,2222.911,2028,2556,5.663,551282,0.003,2090.917,2026,2220,6.766,658639,0.003,2157.822,2051,2380,6.606,643031,0.004,2215.718,2134,2296,7.830,762207,0.003,2156.737,2060,2397,6.735,655648,0.005,2277.612,2036,2765,10.903,1061367
118,15DIV_double-sequential-ASX21_w1Channel-B.tif,0.003,2085.814,2028,2246,5.871,571513,0.002,2109.644,2048,2216,4.681,455683,0.003,2224.367,2040,2545,5.667,551643,0.003,2090.470,2024,2237,6.765,658498,0.003,2157.765,2048,2409,6.606,643014,0.004,2216.276,2136,2300,7.832,762399,0.003,2158.257,2051,2371,6.740,656110,0.005,2278.320,2032,2745,10.907,1061697
119,15DIV_double-sequential-ASX21_w1Channel-B.tif,0.003,2085.182,2037,2222,5.869,571340,0.002,2111.380,2053,2215,4.685,456058,0.003,2221.746,2030,2544,5.660,550993,0.003,2090.797,2020,2219,6.766,658601,0.003,2156.695,2052,2420,6.602,642695,0.004,2215.483,2131,2294,7.829,762126,0.003,2157.760,2064,2368,6.739,655959,0.005,2278.013,2032,2780,10.905,1061554
120,15DIV_double-sequential-ASX21_w1Channel-B.tif,0.003,2084.781,2040,2236,5.868,571230,0.002,2109.644,2050,2194,4.681,455683,0.003,2217.871,2024,2552,5.650,550032,0.003,2089.482,2020,2208,6.761,658187,0.003,2156.886,2048,2406,6.603,642752,0.004,2215.715,2128,2296,7.830,762206,0.003,2155.510,2046,2380,6.732,655275,0.005,2275.979,2036,2744,10.895,1060606
121,15DIV_double-sequential-ASX21_w1Channel-B.tif,0.003,2083.453,2037,2248,5.864,570866,0.002,2110.176,2050,2216,4.682,455798,0.003,2215.399,2040,2550,5.644,549419,0.003,2089.990,2020,2224,6.763,658347,0.003,2156.104,2044,2376,6.600,642519,0.004,2215.267,2124,2298,7.828,762052,0.003,2156.536,2056,2402,6.735,655587,0.005,2276.682,2037,2765,10.899,1060934
122,15DIV_double-sequential-ASX21_w1Channel-B.tif,0.003,2083.726,2032,2231,5.865,570941,0.002,2110.176,2048,2198,4.682,455798,0.003,2217.581,2034,2539,5.650,549960,0.003,2089.825,2024,2212,6.763,658295,0.003,2157.406,2044,2375,6.604,642907,0.004,2214.640,2144,2293,7.826,761836,0.003,2155.053,2052,2380,6.730,655136,0.005,2276.047,2034,2758,10.896,1060638
123,15DIV_double-sequential-ASX21_w1Channel-B.tif,0.003,2084.467,2038,2229,5.867,571144,0.002,2110.662,2053,2245,4.683,455903,0.003,2219.061,2032,2545,5.653,550327,0.003,2090.197,2020,2228,6.764,658412,0.003,2156.399,2045,2386,6.601,642607,0.004,2215.541,2136,2290,7.829,762146,0.003,2156.375,2060,2424,6.734,655538,0.005,2275.899,2037,2768,10.895,1060569
124,15DIV_double-sequential-ASX21_w1Channel-B.tif,0.003,2084.204,2040,2220,5.867,571072,0.002,2111.366,2048,2212,4.685,456055,0.003,2222.569,2033,2544,5.662,551197,0.003,2088.676,2024,2220,6.759,657933,0.003,2156.795,2040,2400,6.603,642725,0.004,2213.983,2137,2294,7.824,761610,0.003,2156.345,2055,2404,6.734,655529,0.005,2275.251,2025,2740,10.892,1060267
125,15DIV_double-sequential-ASX21_w1Channel-B.tif,0.003,2084.854,2038,2215,5.868,571250,0.002,2110.745,2053,2251,4.684,455921,0.003,2222.423,2030,2551,5.662,551161,0.003,2088.616,2020,2220,6.759,657914,0.003,2154.235,2040,2357,6.595,641962,0.004,2212.927,2121,2300,7.820,761247,0.003,2154.655,2054,2381,6.729,655015,0.005,2273.464,2025,2749,10.883,1059434
126,15DIV_double-sequential-ASX21_w1Channel-B.tif,0.003,2085.175,2032,2236,5.869,571338,0.002,2111.972,2035,2400,4.686,456186,0.003,2212.395,2025,2553,5.636,548674,0.003,2087.667,2026,2230,6.756,657615,0.003,2155.225,2048,2396,6.598,642257,0.004,2211.020,2124,2292,7.813,760591,0.003,2150.053,2056,2340,6.714,653616,0.005,2269.723,2044,2758,10.865,1057691
127,15DIV_double-sequential-ASX21_w1Channel-B.tif,0.003,2087.380,2040,2233,5.875,571942,0.002,2112.162,2036,2453,4.687,456227,0.003,2207.750,2028,2532,5.625,547522,0.003,2086.273,2016,2208,6.751,657176,0.003,2152.044,2048,2400,6.588,641309,0.004,2209.078,2099,2280,7.807,759923,0.003,2146.230,2059,2363,6.703,652454,0.005,2263.161,2037,2764,10.834,1054633
128,15DIV_double-sequential-ASX21_w1Channel-B.tif,0.003,2086.405,2032,2232,5.873,571675,0.002,2111.384,2042,2357,4.685,456059,0.003,2215.722,2035,2539,5.645,549499,0.003,2087.949,2021,2211,6.756,657704,0.003,2154.591,2044,2404,6.596,642068,0.004,2213.047,2121,2290,7.821,761288,0.003,2151.372,2050,2353,6.719,654017,0.005,2269.399,2038,2764,10.864,1057540
129,15DIV_double-sequential-ASX21_w1Channel-B.tif,0.003,2087.004,2034,2256,5.874,571839,0.002,2112.704,2042,2384,4.688,456344,0.003,2205.371,2031,2565,5.619,546932,0.003,2085.073,2018,2221,6.747,656798,0.003,2155.929,2045,2372,6.600,642467,0.004,2209.828,2106,2288,7.809,760181,0.003,2148.194,2056,2333,6.709,653051,0.005,2268.015,2042,2688,10.857,1056895
130,15DIV_double-sequential-ASX21_w1Channel-B.tif,0.003,2085.511,2030,2258,5.870,571430,0.002,2114.894,2039,2382,4.693,456817,0.003,2193.314,2028,2554,5.588,543942,0.003,2083.171,2020,2220,6.741,656199,0.003,2153.396,2050,2402,6.592,641712,0.004,2208.692,2100,2289,7.805,759790,0.003,2144.960,2050,2339,6.699,652068,0.005,2263.524,2036,2734,10.836,1054802
131,15DIV_double-sequential-ASX21_w1Channel-B.tif,0.003,2084.555,2040,2251,5.868,571168,0.002,2113.241,2038,2418,4.689,456460,0.003,2210.331,2029,2528,5.631,548162,0.003,2088.073,2020,2214,6.757,657743,0.003,2151.869,2044,2421,6.588,641257,0.004,2209.951,2128,2282,7.810,760223,0.003,2148.062,2056,2360,6.708,653011,0.005,2262.199,2037,2736,10.829,1054185
132,15DIV_double-sequential-ASX21_w1Channel-B.tif,0.003,2084.058,2040,2232,5.866,571032,0.002,2113.287,2044,2374,4.689,456470,0.003,2213.032,2026,2524,5.638,548832,0.003,2087.244,2020,2226,6.754,657482,0.003,2152.010,2048,2392,6.588,641299,0.004,2211.750,2124,2296,7.816,760842,0.003,2148.359,2056,2366,6.709,653101,0.005,2262.356,2033,2729,10.830,1054258
133,15DIV_double-sequential-ASX21_w1Channel-B.tif,0.003,2087.398,2041,2240,5.876,571947,0.002,2113.778,2054,2379,4.690,456576,0.003,2212.210,2032,2554,5.636,548628,0.003,2087.883,2022,2225,6.756,657683,0.003,2152.967,2044,2408,6.591,641584,0.004,2211.398,2121,2282,7.815,760721,0.003,2148.516,2051,2368,6.710,653149,0.005,2262.305,2033,2726,10.830,1054234
134,15DIV_double-sequential-ASX21_w1Channel-B.tif,0.003,2086.650,2048,2252,5.873,571742,0.002,2113.639,2048,2405,4.690,456546,0.003,2212.847,2035,2528,5.638,548786,0.003,2087.362,2024,2214,6.755,657519,0.003,2154.423,2048,2377,6.595,642018,0.004,2210.988,2114,2286,7.813,760580,0.003,2149.766,2053,2348,6.714,653529,0.005,2262.820,2036,2736,10.832,1054474
135,15DIV_double-sequential-ASX21_w1Channel-B.tif,0.003,2085.529,2042,2236,5.870,571435,0.002,2113.472,2050,2388,4.690,456510,0.003,2213.512,2030,2544,5.639,548951,0.003,2087.806,2020,2212,6.756,657659,0.003,2152.436,2042,2392,6.589,641426,0.004,2209.044,2113,2286,7.806,759911,0.003,2149.990,2048,2380,6.714,653597,0.005,2260.695,2030,2721,10.822,1053484
136,15DIV_double-sequential-ASX21_w1Channel-B.tif,0.003,2083.832,2036,2225,5.865,570970,0.002,2113.495,2044,2403,4.690,456515,0.003,2208.189,2031,2520,5.626,547631,0.003,2087.324,2023,2204,6.754,657507,0.003,2152.513,2041,2380,6.590,641449,0.004,2209.878,2115,2296,7.809,760198,0.003,2149.345,2058,2365,6.712,653401,0.005,2260.582,2038,2714,10.822,1053431
137,15DIV_double-sequential-ASX21_w1Channel-B.tif,0.003,2085.657,2040,2244,5.871,571470,0.002,2114.685,2048,2390,4.692,456772,0.003,2208.258,2029,2496,5.626,547648,0.003,2087.568,2022,2206,6.755,657584,0.003,2151.520,2040,2388,6.586,641153,0.004,2211.360,2128,2292,7.815,760708,0.003,2149.109,2058,2344,6.712,653329,0.005,2259.781,2042,2710,10.818,1053058
138,15DIV_double-sequential-ASX21_w1Channel-B.tif,0.003,2085.628,2044,2236,5.871,571462,0.002,2114.079,2044,2393,4.691,456641,0.003,2206.581,2034,2521,5.622,547232,0.003,2088.314,2025,2226,6.758,657819,0.003,2150.661,2037,2393,6.584,640897,0.004,2210.023,2128,2293,7.810,760248,0.003,2149.720,2056,2392,6.713,653515,0.005,2261.298,2038,2698,10.825,1053765
139,15DIV_double-sequential-ASX21_w1Channel-B.tif,0.003,2086.956,2040,2256,5.874,571826,0.002,2113.532,2050,2400,4.690,456523,0.003,2207.077,2037,2496,5.623,547355,0.003,2086.994,2024,2213,6.753,657403,0.003,2151.158,2048,2361,6.585,641045,0.004,2209.817,2121,2288,7.809,760177,0.003,2148.194,2056,2374,6.709,653051,0.005,2259.019,2048,2720,10.814,1052703
140,15DIV_double-sequential-ASX21_w1Channel-B.tif,0.003,2086.814,2040,2226,5.874,571787,0.002,2115.537,2045,2416,4.694,456956,0.003,2205.585,2030,2496,5.619,546985,0.003,2086.679,2020,2227,6.752,657304,0.003,2153.003,2042,2419,6.591,641595,0.004,2210.599,2120,2291,7.812,760446,0.003,2148.898,2054,2364,6.711,653265,0.005,2260.279,2034,2698,10.820,1053290
141,15DIV_double-sequential-ASX21_w1Channel-B.tif,0.003,2090.599,2035,2272,5.885,572824,0.002,2114.921,2053,2386,4.693,456823,0.003,2208.859,2028,2517,5.627,547797,0.003,2086.660,2025,2226,6.752,657298,0.003,2151.235,2042,2437,6.586,641068,0.004,2208.828,2108,2283,7.806,759837,0.003,2147.319,2048,2352,6.706,652785,0.005,2260.021,2027,2733,10.819,1053170
142,15DIV_double-sequential-ASX21_w1Channel-B.tif,0.003,2091.230,2038,2267,5.886,572997,0.002,2113.884,2041,2376,4.691,456599,0.003,2206.730,2026,2501,5.622,547269,0.003,2086.959,2022,2203,6.753,657392,0.003,2152.765,2042,2418,6.590,641524,0.004,2209.674,2126,2291,7.809,760128,0.003,2147.066,2054,2369,6.705,652708,0.005,2260.785,2025,2720,10.823,1053526
143,15DIV_double-sequential-ASX21_w1Channel-B.tif,0.003,2090.266,2040,2273,5.884,572733,0.002,2112.917,2051,2389,4.688,456390,0.003,2205.157,2032,2528,5.618,546879,0.003,2087.165,2022,2214,6.754,657457,0.003,2151.795,2045,2398,6.587,641235,0.004,2208.645,2124,2311,7.805,759774,0.003,2148.115,2059,2359,6.708,653027,0.005,2257.822,2036,2738,10.809,1052145
144,15DIV_double-sequential-ASX21_w1Channel-B.tif,0.003,2091.252,2029,2262,5.886,573003,0.002,2111.926,2044,2373,4.686,456176,0.003,2204.125,2031,2501,5.615,546623,0.003,2086.270,2024,2204,6.751,657175,0.003,2151.648,2037,2432,6.587,641191,0.004,2207.613,2117,2280,7.801,759419,0.003,2148.507,2050,2376,6.710,653146,0.005,2257.030,2032,2702,10.805,1051776
145,15DIV_double-sequential-ASX21_w1Channel-B.tif,0.003,2091.157,2041,2290,5.886,572977,0.002,2113.120,2050,2396,4.689,456434,0.003,2235.129,2033,2600,5.694,554312,0.003,2086.225,2022,2217,6.751,657161,0.003,2151.899,2032,2437,6.588,641266,0.004,2208.253,2125,2289,7.804,759639,0.003,2149.526,2051,2349,6.713,653456,0.005,2257.916,2032,2704,10.809,1052189
146,15DIV_double-sequential-ASX21_w1Channel-B.tif,0.003,2091.730,2037,2244,5.888,573134,0.002,2113.417,2053,2375,4.690,456498,0.003,2246.512,2032,2609,5.723,557135,0.003,2086.336,2023,2216,6.751,657196,0.003,2269.242,2052,2616,6.947,676234,0.004,2209.433,2121,2296,7.808,760045,0.003,2147.783,2057,2348,6.707,652926,0.005,2257.180,2034,2696,10.805,1051846
147,15DIV_double-sequential-ASX21_w1Channel-B.tif,0.003,2091.449,2034,2258,5.887,573057,0.002,2112.611,2040,2390,4.688,456324,0.003,2249.052,2028,2614,5.730,557765,0.003,2086.676,2026,2216,6.752,657303,0.003,2550.540,2073,3124,7.808,760061,0.004,2213.823,2122,2300,7.823,761555,0.003,2152.217,2056,2366,6.721,654274,0.005,2255.728,2032,2699,10.798,1051169
148,15DIV_double-sequential-ASX21_w1Channel-B.tif,0.003,2091.927,2040,2232,5.888,573188,0.002,2119.495,2048,2393,4.703,457811,0.003,2246.250,2029,2626,5.723,557070,0.003,2087.086,2020,2213,6.754,657432,0.003,2588.513,2081,3254,7.924,771377,0.004,2232.605,2133,2361,7.890,768016,0.003,2316.796,2058,2776,7.235,704306,0.005,2258.916,2038,2708,10.814,1052655
149,15DIV_double-sequential-ASX21_w1Channel-B.tif,0.003,2093.584,2033,2264,5.893,573642,0.002,2126.792,2062,2464,4.719,459387,0.003,2245.335,2026,2581,5.720,556843,0.003,2089.844,2023,2218,6.763,658301,0.003,2566.571,2082,3156,7.857,764838,0.004,2232.445,2121,2355,7.889,767961,0.003,2424.253,2057,3222,7.571,736973,0.005,2255.994,2042,2703,10.800,1051293
150,15DIV_double-sequential-ASX21_w1Channel-B.tif,0.003,2092.617,2032,2230,5.890,573377,0.002,2131.250,2052,2458,4.729,460350,0.003,2242.899,2035,2593,5.714,556239,0.003,2092.159,2024,2233,6.770,659030,0.003,2547.409,2088,3106,7.798,759128,0.004,2228.230,2118,2338,7.874,766511,0.003,2411.740,2064,3170,7.532,733169,0.005,2256.024,2037,2704,10.800,1051307
151,15DIV_double-sequential-ASX21_w1Channel-B.tif,0.003,2091.792,2039,2240,5.888,573151,0.002,2132.935,2056,2450,4.733,460714,0.003,2241.012,2034,2588,5.709,555771,0.003,2096.803,2019,2220,6.785,660493,0.003,2532.493,2088,3072,7.753,754683,0.004,2226.988,2136,2329,7.870,766084,0.003,2396.993,2051,3136,7.486,728686,0.005,2255.609,2034,2704,10.798,1051114
152,15DIV_double-sequential-ASX21_w1Channel-B.tif,0.003,2091.850,2032,2248,5.888,573167,0.002,2135.097,2048,2420,4.738,461181,0.003,2238.976,2033,2569,5.704,555266,0.003,2100.317,2017,2233,6.797,661600,0.003,2520.987,2084,3044,7.718,751254,0.004,2223.759,2117,2322,7.858,764973,0.003,2384.747,2060,3076,7.447,724963,0.005,2255.835,2037,2678,10.799,1051219
153,15DIV_double-sequential-ASX21_w1Channel-B.tif,0.003,2089.872,2035,2252,5.882,572625,0.002,2135.009,2058,2426,4.737,461162,0.003,2234.669,2023,2540,5.693,554198,0.003,2103.225,2024,2247,6.806,662516,0.003,2507.654,2080,3032,7.677,747281,0.004,2221.305,2128,2309,7.850,764129,0.003,2372.487,2050,3016,7.409,721236,0.005,2253.519,2036,2690,10.788,1050140
154,15DIV_double-sequential-ASX21_w1Channel-B.tif,0.003,2088.956,2036,2264,5.880,572374,0.002,2139.514,2058,2419,4.747,462135,0.003,2232.403,2027,2557,5.687,553636,0.003,2104.524,2023,2241,6.810,662925,0.003,2496.859,2084,3025,7.644,744064,0.004,2219.044,2128,2309,7.842,763351,0.003,2362.855,2060,2992,7.379,718308,0.005,2253.193,2041,2712,10.786,1049988
155,15DIV_double-sequential-ASX21_w1Channel-B.tif,0.003,2087.139,2038,2240,5.875,571876,0.002,2139.583,2062,2417,4.748,462150,0.003,2228.323,2032,2520,5.677,552624,0.003,2105.032,2022,2262,6.812,663085,0.003,2486.923,2082,2989,7.613,741103,0.004,2220.015,2114,2307,7.845,763685,0.003,2355.845,2057,2947,7.357,716177,0.005,2254.498,2036,2682,10.793,1050596
156,15DIV_double-sequential-ASX21_w1Channel-B.tif,0.003,2083.456,2038,2231,5.864,570867,0.002,2139.148,2050,2432,4.747,462056,0.003,2223.851,2036,2547,5.666,551515,0.003,2103.343,2017,2236,6.806,662553,0.003,2479.121,2090,2980,7.589,738778,0.004,2217.340,2112,2309,7.836,762765,0.003,2348.066,2060,2932,7.333,713812,0.005,2252.637,2036,2682,10.784,1049729
157,15DIV_double-sequential-ASX21_w1Channel-B.tif,0.003,2085.777,2037,2236,5.871,571503,0.002,2141.097,2060,2443,4.751,462477,0.003,2220.758,2028,2520,5.658,550748,0.003,2104.673,2020,2243,6.811,662972,0.003,2476.698,2082,2944,7.582,738056,0.004,2216.904,2126,2308,7.834,762615,0.003,2344.349,2065,2904,7.321,712682,0.005,2253.637,2044,2701,10.788,1050195
158,15DIV_double-sequential-ASX21_w1Channel-B.tif,0.003,2083.843,2034,2208,5.866,570973,0.002,2142.574,2050,2442,4.754,462796,0.003,2216.032,2026,2512,5.646,549576,0.003,2105.718,2024,2266,6.814,663301,0.003,2467.258,2064,2924,7.553,735243,0.004,2216.174,2121,2288,7.832,762364,0.003,2336.743,2056,2896,7.298,710370,0.005,2251.451,2037,2708,10.778,1049176
159,15DIV_double-sequential-ASX21_w1Channel-B.tif,0.003,2084.872,2040,2232,5.868,571255,0.002,2142.273,2058,2434,4.754,462731,0.003,2212.625,2024,2499,5.637,548731,0.003,2105.718,2018,2248,6.814,663301,0.003,2461.460,2084,2963,7.535,733515,0.004,2215.061,2121,2305,7.828,761981,0.003,2330.421,2061,2880,7.278,708448,0.005,2251.403,2032,2672,10.778,1049154
160,15DIV_double-sequential-ASX21_w1Channel-B.tif,0.003,2082.259,2041,2234,5.861,570539,0.002,2141.569,2050,2408,4.752,462579,0.003,2207.311,2030,2506,5.623,547413,0.003,2105.419,2021,2244,6.813,663207,0.003,2453.856,2082,2948,7.512,731249,0.004,2214.250,2132,2291,7.825,761702,0.003,2322.247,2060,2838,7.252,705963,0.005,2249.229,2030,2707,10.767,1048141
161,15DIV_double-sequential-ASX21_w1Channel-B.tif,0.003,2082.215,2035,2211,5.861,570527,0.002,2142.713,2060,2447,4.755,462826,0.003,2202.903,2032,2467,5.612,546320,0.003,2104.889,2010,2245,6.811,663040,0.003,2448.084,2074,2918,7.494,729529,0.004,2213.631,2121,2304,7.823,761489,0.003,2318.431,2056,2826,7.240,704803,0.005,2249.178,2040,2700,10.767,1048117
162,15DIV_double-sequential-ASX21_w1Channel-B.tif,0.003,2081.741,2034,2225,5.860,570397,0.002,2144.593,2061,2476,4.759,463232,0.003,2198.274,2032,2458,5.600,545172,0.003,2106.079,2020,2262,6.815,663415,0.003,2444.460,2072,2888,7.483,728449,0.004,2210.567,2112,2314,7.812,760435,0.003,2313.151,2057,2794,7.224,703198,0.005,2248.386,2028,2700,10.763,1047748
163,15DIV_double-sequential-ASX21_w1Channel-B.tif,0.003,2082.332,2033,2216,5.861,570559,0.002,2143.236,2056,2448,4.756,462939,0.003,2196.436,2026,2441,5.596,544716,0.003,2104.984,2026,2252,6.812,663070,0.003,2439.033,2088,2872,7.467,726832,0.004,2211.689,2121,2296,7.816,760821,0.003,2306.849,2057,2795,7.204,701282,0.005,2246.680,2032,2690,10.755,1046953
164,15DIV_double-sequential-ASX21_w1Channel-B.tif,0.003,2081.799,2028,2224,5.860,570413,0.002,2143.097,2053,2445,4.755,462909,0.003,2189.585,2037,2439,5.578,543017,0.003,2103.892,2020,2246,6.808,662726,0.003,2432.282,2072,2869,7.446,724820,0.004,2209.328,2120,2286,7.807,760009,0.003,2301.240,2048,2768,7.187,699577,0.005,2245.524,2040,2692,10.750,1046414
165,15DIV_double-sequential-ASX21_w1Channel-B.tif,0.003,2080.704,2035,2221,5.857,570113,0.002,2142.769,2059,2425,4.755,462838,0.003,2187.621,2032,2457,5.573,542530,0.003,2104.311,2022,2261,6.809,662858,0.003,2424.839,2081,2857,7.423,722602,0.004,2209.442,2124,2290,7.808,760048,0.003,2294.622,2054,2752,7.166,697565,0.005,2245.579,2032,2656,10.750,1046440
166,15DIV_double-sequential-ASX21_w1Channel-B.tif,0.003,2080.485,2036,2208,5.856,570053,0.002,2142.574,2058,2464,4.754,462796,0.003,2185.476,2031,2436,5.568,541998,0.003,2106.463,2025,2240,6.816,663536,0.003,2420.564,2080,2816,7.410,721328,0.004,2209.660,2120,2282,7.809,760123,0.003,2289.618,2050,2710,7.150,696044,0.005,2243.064,2039,2680,10.738,1045268
167,15DIV_double-sequential-ASX21_w1Channel-B.tif,0.003,2080.409,2042,2224,5.856,570032,0.002,2141.815,2062,2448,4.753,462632,0.003,2182.004,2028,2425,5.559,541137,0.003,2104.673,2022,2253,6.811,662972,0.003,2413.940,2088,2796,7.390,719354,0.004,2208.901,2126,2298,7.806,759862,0.003,2284.582,2053,2708,7.135,694513,0.005,2243.667,2044,2680,10.741,1045549
168,15DIV_double-sequential-ASX21_w1Channel-B.tif,0.003,2079.631,2036,2236,5.854,569819,0.002,2141.569,2059,2486,4.752,462579,0.003,2180.254,2032,2432,5.555,540703,0.003,2104.273,2024,2256,6.809,662846,0.003,2408.285,2084,2816,7.373,717669,0.004,2209.015,2120,2288,7.806,759901,0.003,2278.757,2054,2696,7.116,692742,0.005,2241.873,2040,2688,10.732,1044713
169,15DIV_double-sequential-ASX21_w1Channel-B.tif,0.003,2079.945,2038,2210,5.855,569905,0.002,2140.389,2052,2448,4.749,462324,0.003,2177.048,2032,2401,5.546,539908,0.003,2104.765,2021,2257,6.811,663001,0.003,2402.258,2088,2829,7.354,715873,0.004,2207.299,2121,2291,7.800,759311,0.003,2272.628,2051,2654,7.097,690879,0.005,2240.221,2037,2680,10.724,1043943
170,15DIV_double-sequential-ASX21_w1Channel-B.tif,0.003,2080.277,2030,2213,5.855,569996,0.002,2141.120,2057,2467,4.751,462482,0.003,2175.968,2028,2418,5.544,539640,0.003,2104.324,2019,2233,6.809,662862,0.003,2393.383,2074,2776,7.327,713228,0.004,2206.701,2121,2285,7.798,759105,0.003,2270.020,2060,2664,7.089,690086,0.005,2240.167,2036,2700,10.724,1043918
171,15DIV_double-sequential-ASX21_w1Channel-B.tif,0.003,2080.595,2033,2214,5.856,570083,0.002,2141.296,2056,2432,4.751,462520,0.003,2174.177,2020,2427,5.539,539196,0.003,2105.844,2024,2258,6.814,663341,0.003,2388.668,2080,2789,7.312,711823,0.004,2206.134,2112,2280,7.796,758910,0.003,2265.040,2054,2657,7.074,688572,0.005,2239.916,2037,2667,10.723,1043801
172,15DIV_double-sequential-ASX21_w1Channel-B.tif,0.003,2080.442,2037,2206,5.856,570041,0.002,2139.903,2056,2444,4.748,462219,0.003,2170.778,2028,2392,5.530,538353,0.003,2104.092,2021,2240,6.809,662789,0.003,2382.396,2083,2769,7.293,709954,0.004,2205.762,2116,2281,7.795,758782,0.003,2260.312,2054,2621,7.059,687135,0.005,2239.764,2028,2640,10.722,1043730
173,15DIV_double-sequential-ASX21_w1Channel-B.tif,0.003,2080.175,2019,2232,5.855,569968,0.002,2139.074,2059,2456,4.746,462040,0.003,2168.189,2024,2387,5.524,537711,0.003,2102.121,2021,2247,6.802,662168,0.003,2373.520,2083,2720,7.266,707309,0.004,2204.218,2112,2276,7.789,758251,0.003,2256.776,2048,2624,7.048,686060,0.005,2236.603,2036,2656,10.707,1042257
174,15DIV_double-sequential-ASX21_w1Channel-B.tif,0.003,2079.931,2035,2208,5.855,569901,0.002,2138.208,2059,2475,4.745,461853,0.003,2166.657,2028,2412,5.520,537331,0.003,2103.359,2019,2236,6.806,662558,0.003,2367.158,2072,2713,7.247,705413,0.004,2203.669,2117,2277,7.787,758062,0.003,2250.632,2056,2585,7.029,684192,0.005,2236.884,2039,2688,10.708,1042388
175,15DIV_double-sequential-ASX21_w1Channel-B.tif,0.003,2078.887,2032,2201,5.852,569615,0.002,2136.005,2051,2476,4.740,461377,0.003,2165.504,2021,2396,5.517,537045,0.003,2102.854,2018,2254,6.805,662399,0.003,2359.393,2080,2722,7.223,703099,0.004,2203.265,2113,2274,7.786,757923,0.003,2244.832,2048,2605,7.010,682429,0.005,2234.921,2036,2644,10.699,1041473
176,15DIV_double-sequential-ASX21_w1Channel-B.tif,0.003,2078.661,2036,2195,5.851,569553,0.002,2135.079,2056,2441,4.738,461177,0.003,2163.758,2032,2381,5.513,536612,0.003,2103.038,2024,2244,6.805,662457,0.003,2353.376,2080,2698,7.204,701306,0.004,2203.087,2106,2283,7.785,757862,0.003,2243.582,2054,2595,7.007,682049,0.005,2233.875,2030,2656,10.694,1040986
177,15DIV_double-sequential-ASX21_w1Channel-B.tif,0.003,2079.712,2028,2208,5.854,569841,0.002,2133.491,2056,2472,4.734,460834,0.003,2160.319,2028,2386,5.504,535759,0.003,2102.565,2017,2245,6.804,662308,0.003,2347.450,2084,2706,7.186,699540,0.004,2202.090,2107,2275,7.782,757519,0.003,2239.530,2056,2571,6.994,680817,0.005,2233.245,2028,2678,10.691,1040692
178,15DIV_double-sequential-ASX21_w1Channel-B.tif,0.003,2079.620,2039,2220,5.854,569816,0.002,2133.755,2056,2424,4.735,460891,0.003,2160.863,2034,2368,5.505,535894,0.003,2102.102,2018,2226,6.802,662162,0.003,2342.231,2072,2663,7.170,697985,0.004,2201.456,2102,2278,7.780,757301,0.003,2236.641,2053,2564,6.985,679939,0.005,2233.133,2032,2668,10.690,1040640
179,15DIV_double-sequential-ASX21_w1Channel-B.tif,0.003,2079.095,2036,2194,5.852,569672,0.002,2133.481,2051,2459,4.734,460832,0.003,2158.669,2030,2363,5.500,535350,0.003,2101.232,2020,2254,6.799,661888,0.003,2335.899,2060,2651,7.151,696098,0.004,2200.320,2118,2276,7.776,756910,0.003,2231.395,2045,2554,6.969,678344,0.005,2229.843,2043,2640,10.675,1039107
180,15DIV_double-sequential-ASX21_w1Channel-B.tif,0.003,2079.182,2030,2208,5.852,569696,0.002,2132.102,2062,2455,4.731,460534,0.003,2156.698,2028,2379,5.495,534861,0.003,2102.010,2024,2224,6.802,662133,0.003,2330.631,2075,2692,7.135,694528,0.004,2200.674,2116,2272,7.777,757032,0.003,2228.625,2053,2539,6.960,677502,0.005,2229.489,2040,2629,10.673,1038942
181,15DIV_double-sequential-ASX21_w1Channel-B.tif,0.003,2079.066,2037,2222,5.852,569664,0.002,2130.560,2054,2460,4.728,460201,0.003,2157.851,2029,2360,5.497,535147,0.003,2100.775,2023,2232,6.798,661744,0.003,2324.929,2072,2639,7.117,692829,0.004,2200.390,2112,2272,7.776,756934,0.003,2226.464,2056,2542,6.953,676845,0.005,2228.976,2037,2664,10.670,1038703
182,15DIV_double-sequential-ASX21_w1Channel-B.tif,0.003,2078.416,2034,2208,5.850,569486,0.002,2129.583,2058,2433,4.725,459990,0.003,2154.919,2025,2369,5.490,534420,0.003,2100.851,2016,2236,6.798,661768,0.003,2317.752,2070,2640,7.095,690690,0.004,2200.680,2118,2267,7.777,757034,0.003,2222.875,2053,2538,6.942,675754,0.005,2229.605,2040,2645,10.673,1038996
183,15DIV_double-sequential-ASX21_w1Channel-B.tif,0.003,2079.113,2032,2204,5.852,569677,0.002,2127.537,2053,2402,4.721,459548,0.003,2153.387,2022,2371,5.486,534040,0.003,2099.597,2016,2256,6.794,661373,0.003,2313.842,2073,2618,7.083,689525,0.004,2200.392,2117,2274,7.776,756935,0.003,2219.375,2051,2508,6.931,674690,0.005,2227.343,2036,2644,10.663,1037942
184,15DIV_double-sequential-ASX21_w1Channel-B.tif,0.003,2079.599,2036,2208,5.854,569810,0.002,2127.741,2058,2456,4.721,459592,0.003,2155.375,2032,2369,5.491,534533,0.003,2101.965,2027,2255,6.802,662119,0.003,2310.235,2072,2637,7.072,688450,0.004,2201.299,2102,2269,7.779,757247,0.003,2218.329,2059,2497,6.928,674372,0.005,2226.049,2042,2638,10.656,1037339
185,15DIV_double-sequential-ASX21_w1Channel-B.tif,0.003,2079.117,2040,2200,5.852,569678,0.002,2128.292,2057,2445,4.723,459711,0.003,2152.399,2032,2368,5.484,533795,0.003,2100.305,2016,2241,6.796,661596,0.003,2305.285,2070,2602,7.057,686975,0.004,2198.703,2106,2274,7.770,756354,0.003,2214.990,2048,2524,6.917,673357,0.005,2225.779,2039,2658,10.655,1037213
186,15DIV_double-sequential-ASX21_w1Channel-B.tif,0.003,2078.909,2040,2200,5.852,569621,0.002,2125.995,2054,2422,4.717,459215,0.003,2151.536,2024,2361,5.481,533581,0.003,2098.044,2019,2226,6.789,660884,0.003,2299.893,2080,2587,7.041,685368,0.004,2197.797,2106,2276,7.767,756042,0.003,2212.355,2048,2507,6.909,672556,0.005,2224.333,2042,2652,10.648,1036539
187,15DIV_double-sequential-ASX21_w1Channel-B.tif,0.003,2080.580,2040,2209,5.856,570079,0.002,2125.458,2048,2438,4.716,459099,0.003,2151.871,2028,2348,5.482,533664,0.003,2099.756,2023,2231,6.795,661423,0.003,2298.185,2075,2613,7.035,684859,0.004,2199.020,2109,2267,7.771,756463,0.003,2210.431,2060,2528,6.903,671971,0.005,2224.710,2036,2692,10.650,1036715
188,15DIV_double-sequential-ASX21_w1Channel-B.tif,0.003,2078.664,2034,2183,5.851,569554,0.002,2125.588,2059,2441,4.717,459127,0.003,2150.363,2034,2347,5.478,533290,0.003,2098.403,2016,2232,6.790,660997,0.003,2290.896,2070,2616,7.013,682687,0.004,2198.398,2124,2269,7.769,756249,0.003,2206.145,2056,2512,6.890,670668,0.005,2222.028,2036,2613,10.637,1035465
189,15DIV_double-sequential-ASX21_w1Channel-B.tif,0.003,2078.230,2033,2196,5.850,569435,0.002,2123.102,2056,2464,4.711,458590,0.003,2148.431,2029,2360,5.473,532811,0.003,2097.114,2012,2230,6.786,660591,0.003,2288.544,2058,2581,7.006,681986,0.004,2198.805,2118,2288,7.770,756389,0.003,2203.102,2042,2483,6.880,669743,0.005,2222.524,2036,2642,10.640,1035696
190,15DIV_double-sequential-ASX21_w1Channel-B.tif,0.003,2078.650,2035,2182,5.851,569550,0.002,2122.648,2057,2440,4.710,458492,0.003,2146.915,2032,2354,5.470,532435,0.003,2097.092,2021,2224,6.786,660584,0.003,2281.641,2064,2546,6.985,679929,0.004,2197.395,2099,2272,7.765,755904,0.003,2200.938,2056,2484,6.873,669085,0.005,2220.942,2033,2649,10.632,1034959
191,15DIV_double-sequential-ASX21_w1Channel-B.tif,0.003,2077.697,2027,2208,5.848,569289,0.002,2121.106,2048,2444,4.707,458159,0.003,2146.794,2032,2354,5.469,532405,0.003,2096.197,2008,2225,6.783,660302,0.003,2281.705,2068,2568,6.985,679948,0.004,2197.770,2121,2258,7.767,756033,0.003,2197.576,2056,2476,6.863,668063,0.005,2219.869,2024,2638,10.627,1034459
192,15DIV_double-sequential-ASX21_w1Channel-B.tif,0.003,2076.901,2032,2193,5.846,569071,0.002,2119.889,2060,2459,4.704,457896,0.003,2146.314,2027,2354,5.468,532286,0.003,2096.438,2020,2245,6.784,660378,0.003,2277.198,2065,2576,6.971,678605,0.004,2197.288,2115,2269,7.765,755867,0.003,2198.204,2060,2484,6.865,668254,0.005,2218.875,2031,2659,10.622,1033996
193,15DIV_double-sequential-ASX21_w1Channel-B.tif,0.003,2077.248,2033,2210,5.847,569166,0.002,2119.662,2057,2448,4.703,457847,0.003,2145.407,2032,2328,5.466,532061,0.003,2097.025,2016,2219,6.786,660563,0.003,2274.195,2068,2553,6.962,677710,0.004,2197.358,2112,2276,7.765,755891,0.003,2195.089,2056,2493,6.855,667307,0.005,2217.818,2038,2634,10.617,1033503
194,15DIV_double-sequential-ASX21_w1Channel-B.tif,0.003,2076.887,2032,2208,5.846,569067,0.002,2119.755,2057,2457,4.704,457867,0.003,2144.206,2032,2336,5.463,531763,0.003,2096.791,2013,2244,6.785,660489,0.003,2270.406,2074,2552,6.950,676581,0.004,2195.320,2114,2259,7.758,755190,0.003,2192.046,2044,2464,6.846,666382,0.005,2216.824,2040,2642,10.612,1033040
195,15DIV_double-sequential-ASX21_w1Channel-B.tif,0.003,2078.500,2028,2216,5.850,569509,0.002,2119.755,2049,2429,4.704,457867,0.003,2144.653,2032,2340,5.464,531874,0.003,2095.756,2019,2236,6.782,660163,0.003,2266.235,2066,2560,6.938,675338,0.004,2195.698,2114,2267,7.759,755320,0.003,2190.980,2050,2510,6.842,666058,0.005,2218.408,2045,2680,10.620,1033778
196,15DIV_double-sequential-ASX21_w1Channel-B.tif,0.003,2077.715,2028,2176,5.848,569294,0.002,2117.148,2049,2453,4.698,457304,0.003,2143.601,2028,2341,5.461,531613,0.003,2093.463,2016,2224,6.774,659441,0.003,2262.960,2070,2512,6.928,674362,0.004,2195.224,2114,2262,7.758,755157,0.003,2187.790,2059,2446,6.832,665088,0.005,2215.573,2041,2645,10.606,1032457
197,15DIV_double-sequential-ASX21_w1Channel-B.tif,0.003,2077.887,2032,2200,5.849,569341,0.002,2116.778,2049,2438,4.697,457224,0.003,2143.351,2032,2343,5.461,531551,0.003,2095.175,2016,2224,6.780,659980,0.003,2261.121,2072,2536,6.922,673814,0.004,2196.218,2120,2264,7.761,755499,0.003,2186.516,2056,2448,6.828,664701,0.005,2214.687,2038,2617,10.602,1032044
198,15DIV_double-sequential-ASX21_w1Channel-B.tif,0.003,2076.624,2029,2203,5.845,568995,0.002,2114.449,2053,2427,4.692,456721,0.003,2142.129,2025,2340,5.457,531248,0.003,2093.921,2016,2212,6.776,659585,0.003,2258.225,2069,2520,6.913,672951,0.004,2194.142,2099,2259,7.754,754785,0.003,2185.092,2050,2501,6.824,664268,0.005,2213.427,2036,2636,10.596,1031457
199,15DIV_double-sequential-ASX21_w1Channel-B.tif,0.003,2078.102,2036,2184,5.849,569400,0.002,2114.588,2054,2460,4.692,456751,0.003,2141.210,2032,2329,5.455,531020,0.003,2094.924,2016,2232,6.779,659901,0.003,2257.302,2069,2534,6.910,672676,0.004,2194.631,2105,2265,7.756,754953,0.003,2183.671,2049,2471,6.819,663836,0.005,2213.142,2036,2600,10.595,1031324
200,15DIV_double-sequential-ASX21_w1Channel-B.tif,0.003,2076.916,2032,2198,5.846,569075,0.002,2113.514,2054,2426,4.690,456519,0.003,2139.936,2031,2331,5.452,530704,0.003,2094.276,2020,2241,6.777,659697,0.003,2253.772,2058,2486,6.899,671624,0.004,2193.459,2113,2265,7.751,754550,0.003,2181.345,2048,2464,6.812,663129,0.005,2212.212,2042,2618,10.590,1030891
201,15DIV_double-sequential-ASX21_w1Channel-B.tif,0.003,2077.058,2039,2191,5.846,569114,0.002,2112.977,2054,2433,4.689,456403,0.003,2139.399,2030,2324,5.450,530571,0.003,2093.111,2018,2220,6.773,659330,0.003,2251.467,2064,2508,6.892,670937,0.004,2193.741,2116,2258,7.752,754647,0.003,2181.441,2056,2448,6.813,663158,0.005,2211.262,2029,2644,10.586,1030448
202,15DIV_double-sequential-ASX21_w1Channel-B.tif,0.003,2076.781,2032,2189,5.846,569038,0.002,2112.551,2035,2432,4.688,456311,0.003,2139.520,2030,2317,5.451,530601,0.003,2093.387,2021,2221,6.774,659417,0.003,2248.728,2070,2480,6.884,670121,0.004,2193.814,2106,2262,7.753,754672,0.003,2179.576,2052,2429,6.807,662591,0.005,2211.084,2029,2610,10.585,1030365
203,15DIV_double-sequential-ASX21_w1Channel-B.tif,0.003,2077.460,2025,2196,5.848,569224,0.002,2111.866,2059,2412,4.686,456163,0.003,2138.069,2029,2316,5.447,530241,0.003,2092.121,2022,2224,6.770,659018,0.003,2247.305,2062,2484,6.880,669697,0.004,2193.282,2114,2257,7.751,754489,0.003,2177.635,2048,2482,6.801,662001,0.005,2209.539,2038,2609,10.577,1029645
204,15DIV_double-sequential-ASX21_w1Channel-B.tif,0.003,2076.785,2034,2195,5.846,569039,0.002,2110.449,2052,2452,4.683,455857,0.003,2140.706,2030,2329,5.454,530895,0.003,2091.619,2024,2208,6.768,658860,0.003,2244.913,2072,2484,6.872,668984,0.004,2192.866,2101,2259,7.749,754346,0.003,2176.556,2052,2444,6.797,661673,0.005,2209.315,2035,2641,10.576,1029541
205,15DIV_double-sequential-ASX21_w1Channel-B.tif,0.003,2076.500,2030,2212,5.845,568961,0.002,2110.231,2048,2452,4.682,455810,0.003,2138.355,2029,2323,5.448,530312,0.003,2091.895,2018,2212,6.769,658947,0.003,2243.735,2065,2491,6.869,668633,0.004,2192.468,2112,2275,7.748,754209,0.003,2175.717,2044,2434,6.795,661418,0.005,2209.702,2048,2625,10.578,1029721
206,15DIV_double-sequential-ASX21_w1Channel-B.tif,0.003,2077.511,2038,2202,5.848,569238,0.002,2109.523,2059,2429,4.681,455657,0.003,2139.061,2032,2320,5.450,530487,0.003,2092.295,2021,2192,6.771,659073,0.003,2241.997,2069,2521,6.863,668115,0.004,2192.637,2121,2256,7.748,754267,0.003,2174.595,2051,2404,6.791,661077,0.005,2210.350,2035,2646,10.581,1030023
207,15DIV_double-sequential-ASX21_w1Channel-B.tif,0.003,2077.259,2033,2202,5.847,569169,0.002,2108.630,2058,2413,4.679,455464,0.003,2138.544,2033,2326,5.448,530359,0.003,2091.616,2022,2208,6.768,658859,0.003,2240.087,2062,2493,6.858,667546,0.004,2193.270,2112,2268,7.751,754485,0.003,2173.984,2049,2412,6.789,660891,0.005,2209.079,2042,2596,10.575,1029431
208,15DIV_double-sequential-ASX21_w1Channel-B.tif,0.003,2078.150,2026,2184,5.849,569413,0.002,2108.454,2050,2411,4.679,455426,0.003,2138.548,2025,2318,5.448,530360,0.003,2091.159,2025,2210,6.767,658715,0.003,2239.487,2064,2467,6.856,667367,0.004,2192.512,2117,2258,7.748,754224,0.003,2172.309,2048,2401,6.784,660382,0.005,2207.457,2035,2630,10.567,1028675
209,15DIV_double-sequential-ASX21_w1Channel-B.tif,0.003,2077.734,2036,2204,5.848,569299,0.002,2107.796,2051,2408,4.677,455284,0.003,2137.218,2033,2324,5.445,530030,0.003,2091.638,2019,2208,6.768,658866,0.003,2237.295,2074,2464,6.849,666714,0.004,2192.485,2112,2272,7.748,754215,0.003,2171.977,2049,2452,6.783,660281,0.005,2207.955,2045,2617,10.570,1028907
210,15DIV_double-sequential-ASX21_w1Channel-B.tif,0.003,2078.212,2041,2202,5.850,569430,0.002,2106.676,2048,2432,4.675,455042,0.003,2136.843,2028,2312,5.444,529937,0.003,2091.244,2016,2201,6.767,658742,0.003,2235.211,2064,2481,6.843,666093,0.004,2191.741,2105,2264,7.745,753959,0.003,2171.921,2049,2421,6.783,660264,0.005,2206.661,2036,2626,10.564,1028304
211,15DIV_double-sequential-ASX21_w1Channel-B.tif,0.003,2078.099,2041,2192,5.849,569399,0.002,2106.856,2052,2412,4.675,455081,0.003,2136.177,2033,2323,5.442,529772,0.003,2091.063,2020,2200,6.767,658685,0.003,2232.577,2072,2461,6.835,665308,0.004,2191.392,2116,2256,7.744,753839,0.003,2170.342,2046,2444,6.778,659784,0.005,2204.903,2029,2621,10.555,1027485
212,15DIV_double-sequential-ASX21_w1Channel-B.tif,0.003,2078.573,2039,2192,5.851,569529,0.002,2105.435,2052,2414,4.672,454774,0.003,2135.939,2028,2316,5.442,529713,0.003,2090.622,2024,2195,6.765,658546,0.003,2232.312,2074,2455,6.834,665229,0.004,2192.265,2112,2263,7.747,754139,0.003,2169.891,2053,2434,6.776,659647,0.005,2206.030,2034,2615,10.561,1028010
213,15DIV_double-sequential-ASX21_w1Channel-B.tif,0.003,2076.953,2036,2212,5.846,569085,0.002,2104.843,2056,2468,4.671,454646,0.003,2135.964,2029,2321,5.442,529719,0.003,2090.619,2018,2208,6.765,658545,0.003,2229.822,2072,2458,6.826,664487,0.004,2191.122,2108,2259,7.743,753746,0.003,2169.030,2054,2416,6.774,659385,0.005,2205.272,2044,2621,10.557,1027657
214,15DIV_double-sequential-ASX21_w1Channel-B.tif,0.003,2076.661,2026,2181,5.845,569005,0.002,2103.773,2048,2437,4.668,454415,0.003,2135.863,2026,2324,5.441,529694,0.003,2089.225,2017,2194,6.761,658106,0.003,2227.013,2072,2445,6.818,663650,0.004,2191.026,2112,2256,7.743,753713,0.003,2169.306,2054,2435,6.775,659469,0.005,2203.665,2038,2608,10.549,1026908
215,15DIV_double-sequential-ASX21_w1Channel-B.tif,0.003,2076.423,2034,2180,5.845,568940,0.002,2103.310,2057,2416,4.667,454315,0.003,2134.581,2025,2308,5.438,529376,0.003,2089.600,2020,2200,6.762,658224,0.003,2226.352,2068,2450,6.816,663453,0.004,2189.238,2112,2249,7.736,753098,0.003,2165.605,2056,2411,6.763,658344,0.005,2203.150,2037,2609,10.547,1026668
216,15DIV_double-sequential-ASX21_w1Channel-B.tif,0.003,2076.635,2033,2211,5.845,568998,0.002,2102.366,2053,2416,4.665,454111,0.003,2135.262,2036,2332,5.440,529545,0.003,2088.482,2021,2187,6.758,657872,0.003,2226.020,2054,2459,6.815,663354,0.004,2189.590,2105,2258,7.738,753219,0.003,2165.710,2038,2424,6.763,658376,0.005,2202.912,2044,2616,10.546,1026557
217,15DIV_double-sequential-ASX21_w1Channel-B.tif,0.003,2076.712,2025,2192,5.845,569019,0.002,2104.380,2056,2408,4.669,454546,0.003,2134.988,2031,2306,5.439,529477,0.003,2088.829,2022,2198,6.759,657981,0.003,2224.440,2074,2424,6.810,662883,0.004,2191.238,2121,2252,7.744,753786,0.003,2166.168,2048,2406,6.765,658515,0.005,2202.041,2036,2618,10.541,1026151
218,15DIV_double-sequential-ASX21_w1Channel-B.tif,0.003,2076.540,2033,2172,5.845,568972,0.002,2103.463,2056,2444,4.667,454348,0.003,2133.472,2035,2324,5.435,529101,0.003,2088.943,2021,2200,6.760,658017,0.003,2222.668,2070,2432,6.804,662355,0.004,2189.797,2114,2248,7.738,753290,0.003,2165.484,2050,2403,6.763,658307,0.005,2200.839,2032,2625,10.536,1025591
219,15DIV_double-sequential-ASX21_w1Channel-B.tif,0.003,2076.175,2037,2200,5.844,568872,0.002,2100.986,2054,2426,4.662,453813,0.003,2134.069,2028,2321,5.437,529249,0.003,2088.162,2017,2201,6.757,657771,0.003,2220.030,2069,2415,6.796,661569,0.004,2188.576,2112,2250,7.734,752870,0.003,2165.773,2052,2409,6.764,658395,0.005,2199.597,2045,2584,10.530,1025012
220,15DIV_double-sequential-ASX21_w1Channel-B.tif,0.003,2077.084,2034,2176,5.846,569121,0.002,2101.667,2051,2420,4.663,453960,0.003,2134.375,2024,2324,5.438,529325,0.003,2088.917,2020,2195,6.760,658009,0.003,2221.825,2072,2408,6.802,662104,0.004,2188.078,2105,2263,7.732,752699,0.003,2165.750,2052,2419,6.764,658388,0.005,2199.878,2032,2605,10.531,1025143
221,15DIV_double-sequential-ASX21_w1Channel-B.tif,0.003,2076.788,2025,2193,5.846,569040,0.002,2102.310,2053,2449,4.665,454099,0.003,2133.520,2026,2314,5.435,529113,0.003,2089.089,2012,2202,6.760,658063,0.003,2220.359,2070,2426,6.797,661667,0.004,2189.797,2112,2259,7.738,753290,0.003,2166.316,2057,2413,6.765,658560,0.005,2200.163,2048,2616,10.533,1025276
222,15DIV_double-sequential-ASX21_w1Channel-B.tif,0.003,2075.493,2034,2201,5.842,568685,0.002,2099.755,2053,2406,4.659,453547,0.003,2133.073,2032,2307,5.434,529002,0.003,2088.140,2020,2195,6.757,657764,0.003,2218.695,2058,2396,6.792,661171,0.004,2187.797,2096,2248,7.731,752602,0.003,2162.812,2054,2400,6.754,657495,0.005,2198.371,2045,2584,10.524,1024441
223,15DIV_double-sequential-ASX21_w1Channel-B.tif,0.003,2075.536,2029,2192,5.842,568697,0.002,2099.560,2058,2432,4.659,453505,0.003,2133.238,2035,2304,5.435,529043,0.003,2087.835,2019,2190,6.756,657668,0.003,2216.530,2072,2429,6.785,660526,0.004,2186.983,2107,2254,7.728,752322,0.003,2163.092,2042,2416,6.755,657580,0.005,2198.326,2044,2608,10.524,1024420
224,15DIV_double-sequential-ASX21_w1Channel-B.tif,0.003,2075.547,2030,2173,5.842,568700,0.002,2099.778,2044,2425,4.659,453552,0.003,2132.214,2033,2304,5.432,528789,0.003,2087.175,2020,2192,6.754,657460,0.003,2215.054,2059,2404,6.781,660086,0.004,2186.584,2112,2252,7.727,752185,0.003,2163.609,2053,2420,6.757,657737,0.005,2197.584,2040,2622,10.520,1024074
225,15DIV_double-sequential-ASX21_w1Channel-B.tif,0.003,2076.405,2036,2184,5.845,568935,0.002,2099.505,2057,2467,4.659,453493,0.003,2134.044,2026,2300,5.437,529243,0.003,2088.216,2016,2196,6.757,657788,0.003,2215.426,2071,2408,6.782,660197,0.004,2188.776,2107,2256,7.735,752939,0.003,2164.372,2056,2421,6.759,657969,0.005,2197.620,2048,2597,10.520,1024091
226,15DIV_double-sequential-ASX21_w1Channel-B.tif,0.003,2078.274,2037,2200,5.850,569447,0.002,2098.259,2052,2405,4.656,453224,0.003,2133.177,2028,2297,5.435,529028,0.003,2087.610,2016,2199,6.755,657597,0.003,2211.795,2065,2402,6.771,659115,0.004,2187.291,2112,2260,7.730,752428,0.003,2163.694,2050,2409,6.757,657763,0.005,2196.541,2042,2616,10.515,1023588
227,15DIV_double-sequential-ASX21_w1Channel-B.tif,0.003,2076.015,2035,2200,5.843,568828,0.002,2098.370,2048,2403,4.656,453248,0.003,2131.250,2020,2297,5.430,528550,0.003,2086.308,2018,2197,6.751,657187,0.003,2212.443,2068,2392,6.773,659308,0.004,2187.433,2112,2266,7.730,752477,0.003,2162.161,2043,2383,6.752,657297,0.005,2196.135,2036,2624,10.513,1023399
228,15DIV_double-sequential-ASX21_w1Channel-B.tif,0.003,2077.766,2033,2179,5.848,569308,0.002,2100.125,2052,2435,4.660,453627,0.003,2132.564,2032,2312,5.433,528876,0.003,2087.838,2022,2205,6.756,657669,0.003,2212.117,2056,2417,6.772,659211,0.004,2187.593,2114,2253,7.731,752532,0.003,2162.875,2044,2426,6.755,657514,0.005,2196.090,2045,2611,10.513,1023378
229,15DIV_double-sequential-ASX21_w1Channel-B.tif,0.003,2076.471,2028,2186,5.845,568953,0.002,2097.824,2056,2424,4.655,453130,0.003,2134.359,2032,2309,5.438,529321,0.003,2087.673,2022,2200,6.756,657617,0.003,2210.953,2061,2394,6.768,658864,0.004,2187.358,2104,2249,7.730,752451,0.003,2163.915,2051,2409,6.758,657830,0.005,2195.348,2050,2592,10.509,1023032
230,15DIV_double-sequential-ASX21_w1Channel-B.tif,0.003,2078.372,2035,2184,5.850,569474,0.002,2097.856,2056,2433,4.655,453137,0.003,2132.214,2024,2294,5.432,528789,0.003,2087.397,2016,2192,6.755,657530,0.003,2211.074,2072,2389,6.769,658900,0.004,2185.701,2104,2263,7.724,751881,0.003,2162.069,2041,2425,6.752,657269,0.005,2194.034,2032,2597,10.503,1022420
231,15DIV_double-sequential-ASX21_w1Channel-B.tif,0.003,2076.810,2032,2194,5.846,569046,0.002,2097.843,2057,2424,4.655,453134,0.003,2132.222,2030,2292,5.432,528791,0.003,2087.187,2017,2198,6.754,657464,0.003,2210.322,2070,2400,6.766,658676,0.004,2187.956,2107,2251,7.732,752657,0.003,2163.826,2053,2400,6.758,657803,0.005,2195.519,2043,2625,10.510,1023112
232,15DIV_double-sequential-ASX21_w1Channel-B.tif,0.003,2076.664,2040,2195,5.845,569006,0.002,2099.148,2055,2441,4.658,453416,0.003,2132.125,2030,2310,5.432,528767,0.003,2087.124,2018,2200,6.754,657444,0.003,2209.074,2066,2393,6.763,658304,0.004,2185.593,2097,2265,7.724,751844,0.003,2163.191,2050,2403,6.756,657610,0.005,2193.064,2044,2584,10.499,1021968
233,15DIV_double-sequential-ASX21_w1Channel-B.tif,0.003,2077.142,2035,2171,5.847,569137,0.002,2097.056,2056,2401,4.653,452964,0.003,2131.468,2032,2304,5.430,528604,0.003,2086.908,2017,2193,6.753,657376,0.003,2209.003,2073,2407,6.762,658283,0.004,2185.924,2108,2249,7.725,751958,0.003,2162.697,2048,2415,6.754,657460,0.005,2193.642,2041,2603,10.501,1022237
234,15DIV_double-sequential-ASX21_w1Channel-B.tif,0.003,2077.007,2033,2184,5.846,569100,0.002,2096.685,2052,2418,4.652,452884,0.003,2132.633,2036,2294,5.433,528893,0.003,2086.419,2020,2203,6.752,657222,0.003,2207.685,2073,2384,6.758,657890,0.004,2184.730,2106,2248,7.721,751547,0.003,2161.773,2042,2411,6.751,657179,0.005,2191.959,2041,2576,10.493,1021453
235,15DIV_double-sequential-ASX21_w1Channel-B.tif,0.003,2075.474,2036,2176,5.842,568680,0.002,2096.560,2048,2406,4.652,452857,0.003,2131.899,2028,2304,5.431,528711,0.003,2086.832,2016,2192,6.753,657352,0.003,2207.228,2064,2396,6.757,657754,0.004,2185.297,2105,2244,7.723,751742,0.003,2162.750,2050,2420,6.754,657476,0.005,2192.751,2048,2624,10.497,1021822
236,15DIV_double-sequential-ASX21_w1Channel-B.tif,0.003,2076.427,2033,2194,5.845,568941,0.002,2096.407,2054,2433,4.652,452824,0.003,2130.770,2028,2298,5.428,528431,0.003,2086.213,2017,2194,6.751,657157,0.003,2205.594,2066,2388,6.752,657267,0.004,2184.253,2104,2245,7.719,751383,0.003,2162.776,2050,2414,6.754,657484,0.005,2192.103,2044,2575,10.494,1021520
237,15DIV_double-sequential-ASX21_w1Channel-B.tif,0.003,2076.730,2028,2177,5.845,569024,0.002,2097.037,2058,2451,4.653,452960,0.003,2132.012,2020,2300,5.432,528739,0.003,2087.409,2022,2194,6.755,657534,0.003,2205.047,2068,2384,6.750,657104,0.004,2184.485,2100,2244,7.720,751463,0.003,2163.674,2054,2402,6.757,657757,0.005,2192.275,2042,2621,10.495,1021600
238,15DIV_double-sequential-ASX21_w1Channel-B.tif,0.003,2076.624,2032,2184,5.845,568995,0.002,2096.597,2056,2437,4.652,452865,0.003,2130.306,2032,2289,5.427,528316,0.003,2086.813,2022,2192,6.753,657346,0.003,2204.312,2080,2368,6.748,656885,0.004,2185.863,2108,2236,7.725,751937,0.003,2162.799,2044,2426,6.754,657491,0.005,2191.571,2042,2563,10.491,1021272
239,15DIV_double-sequential-ASX21_w1Channel-B.tif,0.003,2076.139,2035,2190,5.844,568862,0.002,2095.435,2052,2400,4.650,452614,0.003,2130.762,2022,2288,5.428,528429,0.003,2086.971,2019,2201,6.753,657396,0.003,2204.248,2069,2380,6.748,656866,0.004,2184.843,2108,2246,7.721,751586,0.003,2163.329,2056,2408,6.756,657652,0.005,2192.139,2044,2584,10.494,1021537
240,15DIV_double-sequential-ASX21_w1Channel-B.tif,0.003,2076.832,2036,2191,5.846,569052,0.002,2095.546,2049,2413,4.650,452638,0.003,2131.980,2040,2293,5.432,528731,0.003,2086.505,2021,2198,6.752,657249,0.003,2204.940,2075,2382,6.750,657072,0.004,2185.023,2102,2243,7.722,751648,0.003,2163.148,2048,2390,6.755,657597,0.005,2191.414,2041,2582,10.491,1021199
241,15DIV_double-sequential-ASX21_w1Channel-B.tif,0.003,2077.197,2033,2176,5.847,569152,0.002,2095.403,2052,2417,4.650,452607,0.003,2130.105,2025,2299,5.427,528266,0.003,2087.282,2019,2183,6.754,657494,0.003,2203.131,2070,2354,6.744,656533,0.004,2184.148,2101,2242,7.718,751347,0.003,2163.474,2052,2442,6.756,657696,0.005,2189.764,2046,2565,10.483,1020430
242,15DIV_double-sequential-ASX21_w1Channel-B.tif,0.003,2076.934,2035,2198,5.846,569080,0.002,2094.880,2053,2403,4.648,452494,0.003,2130.714,2033,2299,5.428,528417,0.003,2085.479,2022,2208,6.749,656926,0.003,2202.946,2061,2376,6.744,656478,0.004,2183.198,2114,2249,7.715,751020,0.003,2162.842,2048,2416,6.754,657504,0.005,2189.708,2040,2577,10.482,1020404
243,15DIV_double-sequential-ASX21_w1Channel-B.tif,0.003,2075.142,2038,2183,5.841,568589,0.002,2095.588,2050,2406,4.650,452647,0.003,2131.121,2027,2285,5.429,528518,0.003,2085.197,2016,2171,6.748,656837,0.003,2201.792,2072,2361,6.740,656134,0.004,2183.308,2104,2245,7.716,751058,0.003,2162.569,2048,2416,6.754,657421,0.005,2189.521,2048,2560,10.482,1020317
244,15DIV_double-sequential-ASX21_w1Channel-B.tif,0.003,2076.934,2032,2180,5.846,569080,0.002,2096.671,2058,2437,4.652,452881,0.003,2130.956,2028,2281,5.429,528477,0.003,2085.886,2020,2198,6.750,657054,0.003,2201.386,2080,2356,6.739,656013,0.004,2184.616,2112,2240,7.720,751508,0.003,2163.003,2044,2383,6.755,657553,0.005,2188.796,2036,2581,10.478,1019979
245,15DIV_double-sequential-ASX21_w1Channel-B.tif,0.003,2075.175,2032,2181,5.841,568598,0.002,2094.708,2058,2434,4.648,452457,0.003,2128.847,2030,2290,5.424,527954,0.003,2085.375,2016,2198,6.748,656893,0.003,2199.299,2068,2360,6.733,655391,0.004,2183.762,2112,2246,7.717,751214,0.003,2161.753,2052,2392,6.751,657173,0.005,2189.195,2040,2560,10.480,1020165
246,15DIV_double-sequential-ASX21_w1Channel-B.tif,0.003,2075.799,2032,2170,5.843,568769,0.002,2095.315,2056,2404,4.649,452588,0.003,2130.508,2036,2296,5.428,528366,0.003,2086.454,2011,2188,6.752,657233,0.003,2198.889,2072,2357,6.731,655269,0.004,2184.535,2113,2246,7.720,751480,0.003,2162.405,2044,2403,6.753,657371,0.005,2189.466,2048,2592,10.481,1020291
247,15DIV_double-sequential-ASX21_w1Channel-B.tif,0.003,2075.285,2030,2181,5.841,568628,0.002,2094.898,2057,2440,4.648,452498,0.003,2129.980,2033,2289,5.426,528235,0.003,2085.232,2022,2189,6.748,656848,0.003,2199.906,2072,2341,6.735,655572,0.004,2183.209,2101,2244,7.715,751024,0.003,2161.322,2053,2394,6.750,657042,0.005,2188.185,2041,2592,10.475,1019694
248,15DIV_double-sequential-ASX21_w1Channel-B.tif,0.003,2076.803,2032,2179,5.846,569044,0.002,2094.588,2052,2434,4.648,452431,0.003,2129.250,2030,2291,5.425,528054,0.003,2084.825,2020,2193,6.746,656720,0.003,2199.849,2070,2370,6.734,655555,0.004,2182.523,2112,2252,7.713,750788,0.003,2161.293,2051,2376,6.750,657033,0.005,2188.875,2040,2592,10.478,1020016
249,15DIV_double-sequential-ASX21_w1Channel-B.tif,0.003,2076.558,2032,2184,5.845,568977,0.002,2094.597,2056,2409,4.648,452433,0.003,2130.673,2025,2286,5.428,528407,0.003,2085.832,2021,2205,6.750,657037,0.003,2199.235,2057,2353,6.733,655372,0.004,2183.244,2112,2249,7.715,751036,0.003,2161.362,2048,2382,6.750,657054,0.005,2187.837,2030,2580,10.473,1019532
250,15DIV_double-sequential-ASX21_w1Channel-B.tif,0.003,2078.164,2032,2192,5.850,569417,0.002,2094.690,2056,2436,4.648,452453,0.003,2129.827,2030,2284,5.426,528197,0.003,2084.797,2018,2193,6.746,656711,0.003,2196.792,2073,2342,6.725,654644,0.004,2183.491,2098,2240,7.716,751121,0.003,2162.760,2048,2392,6.754,657479,0.005,2187.479,2040,2583,10.472,1019365
251,15DIV_double-sequential-ASX21_w1Channel-B.tif,0.003,2079.241,2038,2192,5.853,569712,0.002,2093.014,2054,2432,4.644,452091,0.003,2129.750,2034,2294,5.426,528178,0.003,2085.952,2019,2197,6.750,657075,0.003,2197.329,2073,2349,6.727,654804,0.004,2181.398,2109,2249,7.709,750401,0.003,2161.207,2052,2376,6.749,657007,0.005,2186.801,2041,2555,10.469,1019049
252,15DIV_double-sequential-ASX21_w1Channel-B.tif,0.003,2079.241,2037,2168,5.853,569712,0.002,2092.111,2048,2408,4.642,451896,0.003,2129.347,2024,2277,5.425,528078,0.003,2084.829,2012,2196,6.746,656721,0.003,2195.940,2075,2354,6.722,654390,0.004,2182.477,2101,2242,7.713,750772,0.003,2160.658,2052,2412,6.748,656840,0.005,2186.755,2038,2594,10.468,1019028
253,15DIV_double-sequential-ASX21_w1Channel-B.tif,0.003,2078.190,2032,2189,5.850,569424,0.002,2093.245,2049,2442,4.645,452141,0.003,2128.855,2019,2284,5.424,527956,0.003,2083.314,2017,2198,6.741,656244,0.003,2195.617,2070,2344,6.721,654294,0.004,2181.602,2104,2241,7.709,750471,0.003,2161.118,2053,2390,6.749,656980,0.005,2186.348,2049,2569,10.466,1018838
254,15DIV_double-sequential-ASX21_w1Channel-B.tif,0.003,2079.741,2037,2183,5.854,569849,0.002,2094.569,2056,2422,4.648,452427,0.003,2129.363,2036,2280,5.425,528082,0.003,2085.025,2022,2196,6.747,656783,0.003,2197.503,2061,2355,6.727,654856,0.004,2182.006,2100,2249,7.711,750610,0.003,2162.707,2048,2375,6.754,657463,0.005,2186.135,2039,2561,10.465,1018739
255,15DIV_double-sequential-ASX21_w1Channel-B.tif,0.003,2077.996,2033,2176,5.849,569371,0.002,2093.315,2057,2432,4.645,452156,0.003,2129.887,2029,2288,5.426,528212,0.003,2085.651,2025,2190,6.749,656980,0.003,2194.312,2070,2345,6.717,653905,0.004,2182.831,2104,2240,7.714,750894,0.003,2161.257,2052,2388,6.749,657022,0.005,2185.118,2043,2587,10.460,1018265
256,15DIV_double-sequential-ASX21_w1Channel-B.tif,0.003,2079.938,2036,2193,5.855,569903,0.002,2092.616,2056,2390,4.643,452005,0.003,2129.214,2023,2272,5.425,528045,0.003,2084.718,2020,2176,6.746,656686,0.003,2195.383,2061,2350,6.721,654224,0.004,2184.869,2103,2251,7.721,751595,0.003,2161.421,2048,2362,6.750,657072,0.005,2186.854,2040,2588,10.469,1019074
257,15DIV_double-sequential-ASX21_w1Channel-B.tif,0.003,2077.350,2030,2208,5.847,569194,0.002,2093.296,2062,2436,4.645,452152,0.003,2129.294,2032,2298,5.425,528065,0.003,2084.263,2019,2188,6.745,656543,0.003,2195.540,2069,2364,6.721,654271,0.004,2182.791,2108,2240,7.714,750880,0.003,2160.967,2052,2386,6.749,656934,0.005,2185.704,2048,2557,10.463,1018538
258,15DIV_double-sequential-ASX21_w1Channel-B.tif,0.003,2079.328,2028,2177,5.853,569736,0.002,2092.829,2056,2420,4.644,452051,0.003,2130.061,2029,2288,5.427,528255,0.003,2085.095,2020,2200,6.747,656805,0.003,2194.097,2069,2342,6.717,653841,0.004,2180.683,2104,2251,7.706,750155,0.003,2160.997,2052,2381,6.749,656943,0.005,2186.627,2036,2560,10.468,1018968
259,15DIV_double-sequential-ASX21_w1Channel-B.tif,0.003,2079.153,2034,2200,5.852,569688,0.002,2092.833,2052,2412,4.644,452052,0.003,2130.061,2041,2272,5.427,528255,0.003,2085.133,2021,2185,6.747,656817,0.003,2193.359,2068,2326,6.715,653621,0.004,2182.230,2100,2240,7.712,750687,0.003,2162.059,2050,2368,6.752,657266,0.005,2185.350,2036,2552,10.462,1018373
260,15DIV_double-sequential-ASX21_w1Channel-B.tif,0.003,2076.891,2038,2192,5.846,569068,0.002,2092.046,2057,2404,4.642,451882,0.003,2129.431,2032,2289,5.425,528099,0.003,2084.187,2019,2200,6.744,656519,0.003,2194.775,2080,2333,6.719,654043,0.004,2181.029,2113,2248,7.707,750274,0.003,2161.181,2048,2384,6.749,656999,0.005,2183.771,2044,2538,10.454,1017637
261,15DIV_double-sequential-ASX21_w1Channel-B.tif,0.003,2077.628,2036,2171,5.848,569270,0.002,2091.662,2054,2435,4.641,451799,0.003,2128.988,2030,2295,5.424,527989,0.003,2083.619,2020,2185,6.742,656340,0.003,2193.852,2064,2348,6.716,653768,0.004,2180.904,2112,2240,7.707,750231,0.003,2159.773,2048,2374,6.745,656571,0.005,2184.403,2042,2584,10.457,1017932
262,15DIV_double-sequential-ASX21_w1Channel-B.tif,0.003,2078.215,2028,2192,5.850,569431,0.002,2092.009,2056,2418,4.642,451874,0.003,2129.129,2036,2290,5.424,528024,0.003,2083.533,2017,2209,6.742,656313,0.003,2192.433,2070,2358,6.712,653345,0.004,2180.561,2104,2240,7.706,750113,0.003,2161.257,2051,2396,6.749,657022,0.005,2184.665,2040,2588,10.458,1018054
263,15DIV_double-sequential-ASX21_w1Channel-B.tif,0.003,2078.960,2036,2192,5.852,569635,0.002,2091.773,2054,2421,4.642,451823,0.003,2128.210,2025,2266,5.422,527796,0.003,2085.146,2018,2189,6.747,656821,0.003,2194.493,2071,2337,6.718,653959,0.004,2181.692,2103,2248,7.710,750502,0.003,2161.928,2044,2403,6.752,657226,0.005,2182.622,2040,2580,10.449,1017102
264,15DIV_double-sequential-ASX21_w1Channel-B.tif,0.003,2081.077,2034,2184,5.858,570215,0.002,2092.681,2053,2408,4.644,452019,0.003,2127.468,2030,2276,5.420,527612,0.003,2082.832,2010,2189,6.740,656092,0.003,2192.141,2069,2336,6.711,653258,0.004,2180.753,2105,2240,7.706,750179,0.003,2160.556,2056,2364,6.747,656809,0.005,2184.442,2041,2569,10.457,1017950
265,15DIV_double-sequential-ASX21_w1Channel-B.tif,0.003,2081.478,2032,2202,5.859,570325,0.002,2090.880,2056,2392,4.640,451630,0.003,2128.637,2029,2274,5.423,527902,0.003,2083.171,2022,2190,6.741,656199,0.003,2191.339,2072,2338,6.708,653019,0.004,2180.366,2101,2240,7.705,750046,0.003,2160.480,2050,2400,6.747,656786,0.005,2182.024,2035,2569,10.446,1016823
266,15DIV_double-sequential-ASX21_w1Channel-B.tif,0.003,2080.044,2038,2176,5.855,569932,0.002,2090.514,2052,2408,4.639,451551,0.003,2128.585,2032,2272,5.423,527889,0.003,2084.025,2024,2187,6.744,656468,0.003,2189.520,2062,2320,6.703,652477,0.004,2178.337,2113,2233,7.698,749348,0.003,2159.944,2048,2368,6.745,656623,0.005,2182.416,2045,2528,10.448,1017006
267,15DIV_double-sequential-ASX21_w1Channel-B.tif,0.003,2077.675,2032,2176,5.848,569283,0.002,2092.375,2052,2400,4.643,451953,0.003,2125.879,2024,2288,5.416,527218,0.003,2082.673,2024,2177,6.739,656042,0.003,2188.883,2069,2324,6.701,652287,0.004,2178.881,2090,2233,7.700,749535,0.003,2155.740,2048,2346,6.732,655345,0.005,2179.245,2048,2509,10.432,1015528
268,15DIV_double-sequential-ASX21_w1Channel-B.tif,0.003,2075.971,2026,2172,5.843,568816,0.002,2092.079,2051,2450,4.642,451889,0.003,2123.903,2032,2281,5.411,526728,0.003,2081.286,2017,2184,6.735,655605,0.003,2190.967,2074,2338,6.707,652908,0.004,2177.285,2105,2242,7.694,748986,0.003,2159.141,2051,2379,6.743,656379,0.005,2181.854,2043,2562,10.445,1016744
269,15DIV_double-sequential-ASX21_w1Channel-B.tif,0.003,2076.825,2032,2190,5.846,569050,0.002,2092.560,2056,2482,4.643,451993,0.003,2123.694,2036,2273,5.410,526676,0.003,2081.851,2016,2180,6.737,655783,0.003,2190.648,2081,2327,6.706,652813,0.004,2177.044,2105,2234,7.693,748903,0.003,2157.970,2048,2385,6.739,656023,0.005,2183.099,2042,2552,10.451,1017324
270,15DIV_double-sequential-ASX21_w1Channel-B.tif,0.003,2079.332,2035,2183,5.853,569737,0.002,2091.630,2056,2475,4.641,451792,0.003,2124.948,2032,2291,5.414,526987,0.003,2081.911,2016,2182,6.737,655802,0.003,2191.352,2080,2336,6.708,653023,0.004,2180.407,2112,2247,7.705,750060,0.003,2158.464,2044,2377,6.741,656173,0.005,2183.378,2048,2510,10.452,1017454
271,15DIV_double-sequential-ASX21_w1Channel-B.tif,0.003,2080.157,2036,2184,5.855,569963,0.002,2094.069,2039,2469,4.647,452319,0.003,2126.403,2027,2290,5.417,527348,0.003,2083.317,2024,2203,6.742,656245,0.003,2191.752,2081,2320,6.710,653142,0.004,2181.134,2098,2248,7.708,750310,0.003,2159.697,2044,2353,6.745,656548,0.005,2183.715,2036,2556,10.454,1017611
272,15DIV_double-sequential-ASX21_w1Channel-B.tif,0.003,2080.460,2032,2181,5.856,570046,0.002,2092.935,2053,2500,4.644,452074,0.003,2124.363,2025,2296,5.412,526842,0.003,2083.190,2012,2196,6.741,656205,0.003,2191.842,2072,2336,6.710,653169,0.004,2179.811,2104,2243,7.703,749855,0.003,2157.974,2045,2392,6.739,656024,0.005,2182.315,2042,2547,10.447,1016959
273,15DIV_double-sequential-ASX21_w1Channel-B.tif,0.003,2078.223,2032,2185,5.850,569433,0.002,2091.028,2050,2478,4.640,451662,0.003,2123.004,2032,2296,5.409,526505,0.003,2083.159,2021,2176,6.741,656195,0.003,2190.889,2070,2327,6.707,652885,0.004,2179.064,2093,2246,7.701,749598,0.003,2158.312,2046,2417,6.740,656127,0.005,2182.878,2040,2544,10.450,1017221
274,15DIV_double-sequential-ASX21_w1Channel-B.tif,0.003,2077.237,2036,2200,5.847,569163,0.002,2093.278,2062,2501,4.645,452148,0.003,2125.335,2027,2292,5.415,527083,0.003,2083.105,2021,2176,6.741,656178,0.003,2191.057,2080,2336,6.708,652935,0.004,2179.270,2102,2257,7.701,749669,0.003,2157.145,2049,2370,6.737,655772,0.005,2182.914,2048,2575,10.450,1017238
275,15DIV_double-sequential-ASX21_w1Channel-B.tif,0.003,2078.690,2030,2188,5.851,569561,0.002,2091.486,2056,2490,4.641,451761,0.003,2124.415,2028,2290,5.412,526855,0.003,2084.048,2016,2195,6.744,656475,0.003,2191.537,2068,2336,6.709,653078,0.004,2178.875,2098,2240,7.700,749533,0.003,2158.085,2045,2384,6.740,656058,0.005,2182.161,2052,2556,10.446,1016887
276,15DIV_double-sequential-ASX21_w1Channel-B.tif,0.003,2081.865,2036,2177,5.860,570431,0.002,2093.977,2052,2488,4.646,452299,0.003,2124.883,2028,2299,5.413,526971,0.003,2082.127,2011,2186,6.738,655870,0.003,2192.148,2080,2329,6.711,653260,0.004,2178.669,2098,2248,7.699,749462,0.003,2158.681,2041,2403,6.741,656239,0.005,2183.427,2038,2570,10.452,1017477
277,15DIV_double-sequential-ASX21_w1Channel-B.tif,0.003,2084.018,2028,2180,5.866,571021,0.002,2092.727,2054,2484,4.644,452029,0.003,2126.186,2033,2309,5.417,527294,0.003,2083.822,2018,2197,6.743,656404,0.003,2192.463,2070,2336,6.712,653354,0.004,2180.119,2096,2246,7.704,749961,0.003,2158.145,2056,2374,6.740,656076,0.005,2182.410,2048,2584,10.448,1017003
278,15DIV_double-sequential-ASX21_w1Channel-B.tif,0.003,2087.759,2032,2200,5.877,572046,0.002,2092.606,2056,2498,4.643,452003,0.003,2125.423,2038,2285,5.415,527105,0.003,2082.610,2022,2180,6.739,656022,0.003,2191.181,2080,2329,6.708,652972,0.004,2179.419,2102,2242,7.702,749720,0.003,2157.678,2048,2393,6.738,655934,0.005,2183.614,2048,2552,10.453,1017564
279,15DIV_double-sequential-ASX21_w1Channel-B.tif,0.003,2086.471,2036,2202,5.873,571693,0.002,2091.977,2053,2480,4.642,451867,0.003,2124.734,2028,2269,5.413,526934,0.003,2082.340,2013,2183,6.738,655937,0.003,2191.269,2080,2344,6.708,652998,0.004,2177.192,2099,2236,7.694,748954,0.003,2157.704,2049,2401,6.738,655942,0.005,2182.028,2048,2548,10.446,1016825
280,15DIV_double-sequential-ASX21_w1Channel-B.tif,0.003,2085.974,2032,2190,5.872,571557,0.002,2091.731,2052,2523,4.641,451814,0.003,2125.448,2032,2272,5.415,527111,0.003,2082.267,2016,2195,6.738,655914,0.003,2190.258,2080,2340,6.705,652697,0.004,2178.413,2101,2245,7.698,749374,0.003,2159.020,2050,2353,6.743,656342,0.005,2182.687,2042,2554,10.449,1017132
281,15DIV_double-sequential-ASX21_w1Channel-B.tif,0.003,2086.814,2034,2195,5.874,571787,0.002,2091.403,2042,2486,4.641,451743,0.003,2124.657,2032,2304,5.413,526915,0.003,2083.371,2024,2202,6.742,656262,0.003,2190.460,2084,2338,6.706,652757,0.004,2180.029,2106,2242,7.704,749930,0.003,2157.589,2044,2370,6.738,655907,0.005,2182.867,2052,2530,10.450,1017216
282,15DIV_double-sequential-ASX21_w1Channel-B.tif,0.003,2087.142,2034,2222,5.875,571877,0.002,2091.250,2053,2485,4.640,451710,0.003,2125.665,2035,2304,5.415,527165,0.003,2083.295,2016,2178,6.741,656238,0.003,2190.386,2074,2328,6.705,652735,0.004,2178.052,2094,2248,7.697,749250,0.003,2158.490,2056,2360,6.741,656181,0.005,2182.566,2045,2560,10.448,1017076
283,15DIV_double-sequential-ASX21_w1Channel-B.tif,0.003,2087.697,2032,2221,5.876,572029,0.002,2093.292,2055,2465,4.645,452151,0.003,2124.250,2033,2282,5.412,526814,0.003,2082.419,2020,2184,6.739,655962,0.003,2191.299,2082,2320,6.708,653007,0.004,2178.180,2088,2240,7.697,749294,0.003,2158.224,2052,2360,6.740,656100,0.005,2182.918,2037,2560,10.450,1017240
284,15DIV_double-sequential-ASX21_w1Channel-B.tif,0.003,2088.912,2025,2208,5.880,572362,0.002,2091.556,2054,2506,4.641,451776,0.003,2124.556,2034,2280,5.413,526890,0.003,2081.670,2021,2188,6.736,655726,0.003,2189.943,2080,2336,6.704,652603,0.004,2178.238,2096,2240,7.698,749314,0.003,2157.036,2052,2378,6.736,655739,0.005,2181.041,2037,2556,10.441,1016365
285,15DIV_double-sequential-ASX21_w1Channel-B.tif,0.003,2087.657,2029,2202,5.876,572018,0.002,2092.426,2049,2466,4.643,451964,0.003,2126.173,2021,2286,5.417,527291,0.003,2083.051,2024,2199,6.741,656161,0.003,2191.339,2080,2340,6.708,653019,0.004,2179.096,2098,2240,7.701,749609,0.003,2157.921,2054,2400,6.739,656008,0.005,2181.845,2036,2554,10.445,1016740
286,15DIV_double-sequential-ASX21_w1Channel-B.tif,0.003,2085.307,2032,2204,5.870,571374,0.002,2092.199,2052,2506,4.642,451915,0.003,2126.355,2037,2317,5.417,527336,0.003,2081.419,2017,2181,6.735,655647,0.003,2190.893,2072,2331,6.707,652886,0.004,2178.680,2096,2240,7.699,749466,0.003,2157.770,2050,2402,6.739,655962,0.005,2182.225,2051,2562,10.447,1016917
287,15DIV_double-sequential-ASX21_w1Channel-B.tif,0.003,2086.223,2032,2196,5.872,571625,0.002,2091.208,2052,2492,4.640,451701,0.003,2125.528,2032,2281,5.415,527131,0.003,2083.063,2026,2190,6.741,656165,0.003,2189.950,2072,2310,6.704,652605,0.004,2177.890,2107,2230,7.696,749194,0.003,2156.553,2050,2370,6.735,655592,0.005,2180.496,2042,2535,10.438,1016111
288,15DIV_double-sequential-ASX21_w1Channel-B.tif,0.003,2084.339,2032,2220,5.867,571109,0.002,2090.898,2050,2489,4.640,451634,0.003,2124.274,2033,2280,5.412,526820,0.003,2082.857,2020,2190,6.740,656100,0.003,2190.258,2087,2330,6.705,652697,0.004,2178.256,2099,2241,7.698,749320,0.003,2158.582,2048,2406,6.741,656209,0.005,2180.622,2048,2553,10.439,1016170
289,15DIV_double-sequential-ASX21_w1Channel-B.tif,0.003,2084.803,2025,2194,5.868,571236,0.002,2091.759,2048,2478,4.641,451820,0.003,2124.480,2036,2284,5.412,526871,0.003,2082.775,2016,2183,6.740,656074,0.003,2190.248,2082,2336,6.705,652694,0.004,2177.794,2108,2244,7.696,749161,0.003,2157.194,2048,2384,6.737,655787,0.005,2182.069,2050,2558,10.446,1016844
290,15DIV_double-sequential-ASX21_w1Channel-B.tif,0.003,2084.861,2040,2188,5.868,571252,0.002,2092.560,2054,2499,4.643,451993,0.003,2124.851,2034,2290,5.413,526963,0.003,2082.908,2019,2176,6.740,656116,0.003,2189.765,2085,2344,6.704,652550,0.004,2176.849,2101,2240,7.693,748836,0.003,2158.263,2049,2404,6.740,656112,0.005,2181.294,2044,2560,10.442,1016483
291,15DIV_double-sequential-ASX21_w1Channel-B.tif,0.003,2083.460,2036,2204,5.864,570868,0.002,2091.625,2056,2465,4.641,451791,0.003,2124.823,2027,2285,5.413,526956,0.003,2081.664,2017,2182,6.736,655724,0.003,2189.084,2087,2331,6.701,652347,0.004,2176.456,2090,2236,7.691,748701,0.003,2157.158,2056,2400,6.737,655776,0.005,2180.229,2043,2555,10.437,1015987
